mode: atomic
github.com/Rain-kl/Wavelet/main.go:20.13,22.2 1 0
github.com/Rain-kl/Wavelet/internal/apps/admin/db_manage/routers.go:73.39,75.18 2 0
github.com/Rain-kl/Wavelet/internal/apps/admin/db_manage/routers.go:75.18,77.3 1 0
github.com/Rain-kl/Wavelet/internal/apps/admin/db_manage/routers.go:78.2,79.46 2 0
github.com/Rain-kl/Wavelet/internal/apps/admin/db_manage/routers.go:79.46,82.3 2 0
github.com/Rain-kl/Wavelet/internal/apps/admin/db_manage/routers.go:83.2,85.13 3 0
github.com/Rain-kl/Wavelet/internal/apps/admin/db_manage/routers.go:86.16,87.17 1 0
github.com/Rain-kl/Wavelet/internal/apps/admin/db_manage/routers.go:88.16,89.17 1 0
github.com/Rain-kl/Wavelet/internal/apps/admin/db_manage/routers.go:90.16,91.17 1 0
github.com/Rain-kl/Wavelet/internal/apps/admin/db_manage/routers.go:92.10,93.17 1 0
github.com/Rain-kl/Wavelet/internal/apps/admin/db_manage/routers.go:96.2,96.32 1 0
github.com/Rain-kl/Wavelet/internal/apps/admin/db_manage/routers.go:96.32,97.30 1 0
github.com/Rain-kl/Wavelet/internal/apps/admin/db_manage/routers.go:97.30,99.4 1 0
github.com/Rain-kl/Wavelet/internal/apps/admin/db_manage/routers.go:100.3,100.47 1 0
github.com/Rain-kl/Wavelet/internal/apps/admin/db_manage/routers.go:102.2,102.46 1 0
github.com/Rain-kl/Wavelet/internal/apps/admin/db_manage/routers.go:106.69,108.16 2 0
github.com/Rain-kl/Wavelet/internal/apps/admin/db_manage/routers.go:108.16,110.3 1 0
github.com/Rain-kl/Wavelet/internal/apps/admin/db_manage/routers.go:112.2,114.79 3 0
github.com/Rain-kl/Wavelet/internal/apps/admin/db_manage/routers.go:114.79,116.3 1 0
github.com/Rain-kl/Wavelet/internal/apps/admin/db_manage/routers.go:116.8,118.3 1 0
github.com/Rain-kl/Wavelet/internal/apps/admin/db_manage/routers.go:120.2,121.42 2 0
github.com/Rain-kl/Wavelet/internal/apps/admin/db_manage/routers.go:121.42,123.15 2 0
github.com/Rain-kl/Wavelet/internal/apps/admin/db_manage/routers.go:123.15,125.4 1 0
github.com/Rain-kl/Wavelet/internal/apps/admin/db_manage/routers.go:126.3,126.38 1 0
github.com/Rain-kl/Wavelet/internal/apps/admin/db_manage/routers.go:127.8,129.3 1 0
github.com/Rain-kl/Wavelet/internal/apps/admin/db_manage/routers.go:131.2,132.145 2 0
github.com/Rain-kl/Wavelet/internal/apps/admin/db_manage/routers.go:132.145,134.3 1 0
github.com/Rain-kl/Wavelet/internal/apps/admin/db_manage/routers.go:136.2,137.43 2 0
github.com/Rain-kl/Wavelet/internal/apps/admin/db_manage/routers.go:137.43,139.3 1 0
github.com/Rain-kl/Wavelet/internal/apps/admin/db_manage/routers.go:139.8,141.3 1 0
github.com/Rain-kl/Wavelet/internal/apps/admin/db_manage/routers.go:143.2,150.8 1 0
github.com/Rain-kl/Wavelet/internal/apps/admin/db_manage/routers.go:154.71,159.72 4 0
github.com/Rain-kl/Wavelet/internal/apps/admin/db_manage/routers.go:159.72,161.3 1 0
github.com/Rain-kl/Wavelet/internal/apps/admin/db_manage/routers.go:161.8,163.3 1 0
github.com/Rain-kl/Wavelet/internal/apps/admin/db_manage/routers.go:165.2,167.124 3 0
github.com/Rain-kl/Wavelet/internal/apps/admin/db_manage/routers.go:167.124,169.15 2 0
github.com/Rain-kl/Wavelet/internal/apps/admin/db_manage/routers.go:169.15,171.4 1 0
github.com/Rain-kl/Wavelet/internal/apps/admin/db_manage/routers.go:172.3,172.38 1 0
github.com/Rain-kl/Wavelet/internal/apps/admin/db_manage/routers.go:173.8,175.3 1 0
github.com/Rain-kl/Wavelet/internal/apps/admin/db_manage/routers.go:177.2,178.147 2 0
github.com/Rain-kl/Wavelet/internal/apps/admin/db_manage/routers.go:178.147,180.3 1 0
github.com/Rain-kl/Wavelet/internal/apps/admin/db_manage/routers.go:182.2,184.141 3 0
github.com/Rain-kl/Wavelet/internal/apps/admin/db_manage/routers.go:184.141,186.3 1 0
github.com/Rain-kl/Wavelet/internal/apps/admin/db_manage/routers.go:186.8,187.44 1 0
github.com/Rain-kl/Wavelet/internal/apps/admin/db_manage/routers.go:187.44,189.4 1 0
github.com/Rain-kl/Wavelet/internal/apps/admin/db_manage/routers.go:189.9,191.4 1 0
github.com/Rain-kl/Wavelet/internal/apps/admin/db_manage/routers.go:194.2,201.8 1 0
github.com/Rain-kl/Wavelet/internal/apps/admin/db_manage/routers.go:215.36,217.19 2 0
github.com/Rain-kl/Wavelet/internal/apps/admin/db_manage/routers.go:217.19,220.3 2 0
github.com/Rain-kl/Wavelet/internal/apps/admin/db_manage/routers.go:222.2,225.37 3 0
github.com/Rain-kl/Wavelet/internal/apps/admin/db_manage/routers.go:225.37,227.3 1 0
github.com/Rain-kl/Wavelet/internal/apps/admin/db_manage/routers.go:227.8,229.3 1 0
github.com/Rain-kl/Wavelet/internal/apps/admin/db_manage/routers.go:231.2,231.16 1 0
github.com/Rain-kl/Wavelet/internal/apps/admin/db_manage/routers.go:231.16,234.3 2 0
github.com/Rain-kl/Wavelet/internal/apps/admin/db_manage/routers.go:236.2,236.46 1 0
github.com/Rain-kl/Wavelet/internal/apps/admin/db_manage/routers.go:250.35,252.19 2 0
github.com/Rain-kl/Wavelet/internal/apps/admin/db_manage/routers.go:252.19,255.3 2 0
github.com/Rain-kl/Wavelet/internal/apps/admin/db_manage/routers.go:257.2,260.37 3 0
github.com/Rain-kl/Wavelet/internal/apps/admin/db_manage/routers.go:260.37,262.3 1 0
github.com/Rain-kl/Wavelet/internal/apps/admin/db_manage/routers.go:262.8,264.3 1 0
github.com/Rain-kl/Wavelet/internal/apps/admin/db_manage/routers.go:266.2,266.16 1 0
github.com/Rain-kl/Wavelet/internal/apps/admin/db_manage/routers.go:266.16,269.3 2 0
github.com/Rain-kl/Wavelet/internal/apps/admin/db_manage/routers.go:271.2,271.44 1 0
github.com/Rain-kl/Wavelet/internal/apps/admin/db_manage/routers.go:275.37,277.48 2 0
github.com/Rain-kl/Wavelet/internal/apps/admin/db_manage/routers.go:277.48,280.3 2 0
github.com/Rain-kl/Wavelet/internal/apps/admin/db_manage/routers.go:282.2,283.19 2 0
github.com/Rain-kl/Wavelet/internal/apps/admin/db_manage/routers.go:283.19,286.3 2 0
github.com/Rain-kl/Wavelet/internal/apps/admin/db_manage/routers.go:289.2,292.93 3 0
github.com/Rain-kl/Wavelet/internal/apps/admin/db_manage/routers.go:292.93,295.3 2 0
github.com/Rain-kl/Wavelet/internal/apps/admin/db_manage/routers.go:297.2,298.16 2 0
github.com/Rain-kl/Wavelet/internal/apps/admin/db_manage/routers.go:298.16,300.3 1 0
github.com/Rain-kl/Wavelet/internal/apps/admin/db_manage/routers.go:301.2,302.16 2 0
github.com/Rain-kl/Wavelet/internal/apps/admin/db_manage/routers.go:302.16,304.3 1 0
github.com/Rain-kl/Wavelet/internal/apps/admin/db_manage/routers.go:306.2,307.16 2 0
github.com/Rain-kl/Wavelet/internal/apps/admin/db_manage/routers.go:307.16,310.3 2 0
github.com/Rain-kl/Wavelet/internal/apps/admin/db_manage/routers.go:311.2,311.15 1 0
github.com/Rain-kl/Wavelet/internal/apps/admin/db_manage/routers.go:311.15,313.3 1 0
github.com/Rain-kl/Wavelet/internal/apps/admin/db_manage/routers.go:315.2,316.16 2 0
github.com/Rain-kl/Wavelet/internal/apps/admin/db_manage/routers.go:316.16,319.3 2 0
github.com/Rain-kl/Wavelet/internal/apps/admin/db_manage/routers.go:321.2,322.16 2 0
github.com/Rain-kl/Wavelet/internal/apps/admin/db_manage/routers.go:322.16,325.3 2 0
github.com/Rain-kl/Wavelet/internal/apps/admin/db_manage/routers.go:327.2,331.5 1 0
github.com/Rain-kl/Wavelet/internal/apps/admin/db_manage/routers.go:335.85,337.18 2 0
github.com/Rain-kl/Wavelet/internal/apps/admin/db_manage/routers.go:337.18,340.26 3 0
github.com/Rain-kl/Wavelet/internal/apps/admin/db_manage/routers.go:340.26,342.4 1 0
github.com/Rain-kl/Wavelet/internal/apps/admin/db_manage/routers.go:344.3,344.54 1 0
github.com/Rain-kl/Wavelet/internal/apps/admin/db_manage/routers.go:344.54,346.4 1 0
github.com/Rain-kl/Wavelet/internal/apps/admin/db_manage/routers.go:348.3,349.32 2 0
github.com/Rain-kl/Wavelet/internal/apps/admin/db_manage/routers.go:349.32,351.33 2 0
github.com/Rain-kl/Wavelet/internal/apps/admin/db_manage/routers.go:351.33,354.37 3 0
github.com/Rain-kl/Wavelet/internal/apps/admin/db_manage/routers.go:354.37,356.6 1 0
github.com/Rain-kl/Wavelet/internal/apps/admin/db_manage/routers.go:357.5,357.29 1 0
github.com/Rain-kl/Wavelet/internal/apps/admin/db_manage/routers.go:358.10,358.42 1 0
github.com/Rain-kl/Wavelet/internal/apps/admin/db_manage/routers.go:358.42,360.37 2 0
github.com/Rain-kl/Wavelet/internal/apps/admin/db_manage/routers.go:360.37,362.6 1 0
github.com/Rain-kl/Wavelet/internal/apps/admin/db_manage/routers.go:363.5,363.26 1 0
github.com/Rain-kl/Wavelet/internal/apps/admin/db_manage/routers.go:364.10,366.5 1 0
github.com/Rain-kl/Wavelet/internal/apps/admin/db_manage/routers.go:368.3,368.36 1 0
github.com/Rain-kl/Wavelet/internal/apps/admin/db_manage/routers.go:370.2,370.21 1 0
github.com/Rain-kl/Wavelet/internal/apps/admin/db_manage/routers.go:374.103,376.16 2 0
github.com/Rain-kl/Wavelet/internal/apps/admin/db_manage/routers.go:376.16,378.3 1 0
github.com/Rain-kl/Wavelet/internal/apps/admin/db_manage/routers.go:379.2,379.15 1 0
github.com/Rain-kl/Wavelet/internal/apps/admin/db_manage/routers.go:379.15,381.3 1 0
github.com/Rain-kl/Wavelet/internal/apps/admin/db_manage/routers.go:383.2,384.16 2 0
github.com/Rain-kl/Wavelet/internal/apps/admin/db_manage/routers.go:384.16,386.3 1 0
github.com/Rain-kl/Wavelet/internal/apps/admin/db_manage/routers.go:388.2,389.18 2 0
github.com/Rain-kl/Wavelet/internal/apps/admin/db_manage/routers.go:389.18,392.26 3 0
github.com/Rain-kl/Wavelet/internal/apps/admin/db_manage/routers.go:392.26,394.4 1 0
github.com/Rain-kl/Wavelet/internal/apps/admin/db_manage/routers.go:396.3,396.54 1 0
github.com/Rain-kl/Wavelet/internal/apps/admin/db_manage/routers.go:396.54,398.4 1 0
github.com/Rain-kl/Wavelet/internal/apps/admin/db_manage/routers.go:400.3,401.32 2 0
github.com/Rain-kl/Wavelet/internal/apps/admin/db_manage/routers.go:401.32,403.33 2 0
github.com/Rain-kl/Wavelet/internal/apps/admin/db_manage/routers.go:403.33,405.5 1 0
github.com/Rain-kl/Wavelet/internal/apps/admin/db_manage/routers.go:405.10,407.5 1 0
github.com/Rain-kl/Wavelet/internal/apps/admin/db_manage/routers.go:409.3,409.36 1 0
github.com/Rain-kl/Wavelet/internal/apps/admin/db_manage/routers.go:412.2,419.8 2 0
github.com/Rain-kl/Wavelet/internal/apps/admin/db_manage/routers.go:423.106,425.21 2 0
github.com/Rain-kl/Wavelet/internal/apps/admin/db_manage/routers.go:425.21,427.3 1 0
github.com/Rain-kl/Wavelet/internal/apps/admin/db_manage/routers.go:429.2,434.8 2 0
github.com/Rain-kl/Wavelet/internal/apps/admin/db_manage/routers.go:451.33,453.47 2 0
github.com/Rain-kl/Wavelet/internal/apps/admin/db_manage/routers.go:453.47,456.3 2 0
github.com/Rain-kl/Wavelet/internal/apps/admin/db_manage/routers.go:458.2,459.19 2 0
github.com/Rain-kl/Wavelet/internal/apps/admin/db_manage/routers.go:459.19,462.3 2 0
github.com/Rain-kl/Wavelet/internal/apps/admin/db_manage/routers.go:464.2,465.22 2 0
github.com/Rain-kl/Wavelet/internal/apps/admin/db_manage/routers.go:465.22,468.3 2 0
github.com/Rain-kl/Wavelet/internal/apps/admin/db_manage/routers.go:470.2,476.35 5 0
github.com/Rain-kl/Wavelet/internal/apps/admin/db_manage/routers.go:476.35,477.38 1 0
github.com/Rain-kl/Wavelet/internal/apps/admin/db_manage/routers.go:477.38,479.9 2 0
github.com/Rain-kl/Wavelet/internal/apps/admin/db_manage/routers.go:483.2,486.13 3 0
github.com/Rain-kl/Wavelet/internal/apps/admin/db_manage/routers.go:486.13,488.3 1 0
github.com/Rain-kl/Wavelet/internal/apps/admin/db_manage/routers.go:488.8,490.3 1 0
github.com/Rain-kl/Wavelet/internal/apps/admin/db_manage/routers.go:492.2,492.16 1 0
github.com/Rain-kl/Wavelet/internal/apps/admin/db_manage/routers.go:492.16,495.3 2 0
github.com/Rain-kl/Wavelet/internal/apps/admin/db_manage/routers.go:497.2,497.42 1 0
github.com/Rain-kl/Wavelet/docs/docs.go:8469.13,8471.2 1 0
github.com/Rain-kl/Wavelet/internal/apps/admin/cache/logics.go:12.71,14.2 1 0
github.com/Rain-kl/Wavelet/internal/apps/admin/cache/routers.go:35.37,38.2 2 0
github.com/Rain-kl/Wavelet/internal/apps/admin/cache/routers.go:54.40,56.47 2 0
github.com/Rain-kl/Wavelet/internal/apps/admin/cache/routers.go:56.47,59.3 2 0
github.com/Rain-kl/Wavelet/internal/apps/admin/cache/routers.go:61.2,63.121 2 0
github.com/Rain-kl/Wavelet/internal/apps/admin/cache/routers.go:63.121,66.3 2 0
github.com/Rain-kl/Wavelet/internal/apps/admin/cache/routers.go:68.2,68.123 1 0
github.com/Rain-kl/Wavelet/internal/apps/admin/cache/routers.go:68.123,71.3 2 0
github.com/Rain-kl/Wavelet/internal/apps/admin/cache/routers.go:73.2,73.120 1 0
github.com/Rain-kl/Wavelet/internal/apps/admin/cache/routers.go:73.120,76.3 2 0
github.com/Rain-kl/Wavelet/internal/apps/admin/cache/routers.go:78.2,80.41 2 0
github.com/Rain-kl/Wavelet/internal/apps/admin/cache/routers.go:94.33,95.59 1 0
github.com/Rain-kl/Wavelet/internal/apps/admin/cache/routers.go:95.59,98.3 2 0
github.com/Rain-kl/Wavelet/internal/apps/admin/cache/routers.go:99.2,99.41 1 0
github.com/Rain-kl/Wavelet/internal/apps/admin/middlewares.go:18.43,19.30 1 0
github.com/Rain-kl/Wavelet/internal/apps/admin/middlewares.go:19.30,27.83 4 0
github.com/Rain-kl/Wavelet/internal/apps/admin/middlewares.go:27.83,29.19 2 0
github.com/Rain-kl/Wavelet/internal/apps/admin/middlewares.go:29.19,32.5 2 0
github.com/Rain-kl/Wavelet/internal/apps/admin/middlewares.go:35.3,35.20 1 0
github.com/Rain-kl/Wavelet/internal/apps/admin/middlewares.go:35.20,38.4 2 0
github.com/Rain-kl/Wavelet/internal/apps/admin/middlewares.go:41.3,44.11 2 0
github.com/Rain-kl/Wavelet/internal/apps/admin/status/log_database.go:47.43,50.16 3 0
github.com/Rain-kl/Wavelet/internal/apps/admin/status/log_database.go:50.16,54.3 3 0
github.com/Rain-kl/Wavelet/internal/apps/admin/status/log_database.go:55.2,56.16 2 0
github.com/Rain-kl/Wavelet/internal/apps/admin/status/log_database.go:56.16,60.3 3 0
github.com/Rain-kl/Wavelet/internal/apps/admin/status/log_database.go:61.2,62.29 2 0
github.com/Rain-kl/Wavelet/internal/apps/admin/status/log_database.go:62.29,64.3 1 0
github.com/Rain-kl/Wavelet/internal/apps/admin/status/log_database.go:65.2,74.5 1 0
github.com/Rain-kl/Wavelet/internal/apps/admin/status/log_database.go:77.55,79.16 2 0
github.com/Rain-kl/Wavelet/internal/apps/admin/status/log_database.go:79.16,80.46 1 0
github.com/Rain-kl/Wavelet/internal/apps/admin/status/log_database.go:80.46,82.4 1 0
github.com/Rain-kl/Wavelet/internal/apps/admin/status/log_database.go:83.3,83.33 1 0
github.com/Rain-kl/Wavelet/internal/apps/admin/status/log_database.go:85.2,85.11 1 0
github.com/Rain-kl/Wavelet/internal/apps/admin/status/log_database.go:85.11,87.3 1 0
github.com/Rain-kl/Wavelet/internal/apps/admin/status/log_database.go:88.2,88.10 1 0
github.com/Rain-kl/Wavelet/internal/apps/admin/status/log_database.go:91.50,92.35 1 0
github.com/Rain-kl/Wavelet/internal/apps/admin/status/log_database.go:92.35,93.37 1 0
github.com/Rain-kl/Wavelet/internal/apps/admin/status/log_database.go:93.37,95.4 1 0
github.com/Rain-kl/Wavelet/internal/apps/admin/status/log_database.go:96.3,96.35 1 0
github.com/Rain-kl/Wavelet/internal/apps/admin/status/log_database.go:98.2,98.38 1 0
github.com/Rain-kl/Wavelet/internal/apps/admin/status/log_database.go:98.38,100.3 1 0
github.com/Rain-kl/Wavelet/internal/apps/admin/status/log_database.go:101.2,101.19 1 0
github.com/Rain-kl/Wavelet/internal/apps/admin/status/routers.go:73.39,75.18 2 0
github.com/Rain-kl/Wavelet/internal/apps/admin/status/routers.go:75.18,77.3 1 0
github.com/Rain-kl/Wavelet/internal/apps/admin/status/routers.go:78.2,79.46 2 0
github.com/Rain-kl/Wavelet/internal/apps/admin/status/routers.go:79.46,82.3 2 0
github.com/Rain-kl/Wavelet/internal/apps/admin/status/routers.go:83.2,85.13 3 0
github.com/Rain-kl/Wavelet/internal/apps/admin/status/routers.go:86.16,87.17 1 0
github.com/Rain-kl/Wavelet/internal/apps/admin/status/routers.go:88.16,89.17 1 0
github.com/Rain-kl/Wavelet/internal/apps/admin/status/routers.go:90.16,91.17 1 0
github.com/Rain-kl/Wavelet/internal/apps/admin/status/routers.go:92.10,93.17 1 0
github.com/Rain-kl/Wavelet/internal/apps/admin/status/routers.go:101.2,101.32 1 0
github.com/Rain-kl/Wavelet/internal/apps/admin/status/routers.go:101.32,102.30 1 0
github.com/Rain-kl/Wavelet/internal/apps/admin/status/routers.go:102.30,104.4 1 0
github.com/Rain-kl/Wavelet/internal/apps/admin/status/routers.go:105.3,105.47 1 0
github.com/Rain-kl/Wavelet/internal/apps/admin/status/routers.go:107.2,107.46 1 0
github.com/Rain-kl/Wavelet/internal/apps/admin/status/routers.go:111.45,118.14 6 0
github.com/Rain-kl/Wavelet/internal/apps/admin/status/routers.go:118.14,120.3 1 0
github.com/Rain-kl/Wavelet/internal/apps/admin/status/routers.go:121.2,121.15 1 0
github.com/Rain-kl/Wavelet/internal/apps/admin/status/routers.go:121.15,123.3 1 0
github.com/Rain-kl/Wavelet/internal/apps/admin/status/routers.go:124.2,124.17 1 0
github.com/Rain-kl/Wavelet/internal/apps/admin/status/routers.go:124.17,126.3 1 0
github.com/Rain-kl/Wavelet/internal/apps/admin/status/routers.go:127.2,127.30 1 0
github.com/Rain-kl/Wavelet/internal/apps/admin/status/routers.go:127.30,129.3 1 0
github.com/Rain-kl/Wavelet/internal/apps/admin/status/routers.go:130.2,130.12 1 0
github.com/Rain-kl/Wavelet/internal/apps/admin/status/routers.go:143.38,151.9 6 0
github.com/Rain-kl/Wavelet/internal/apps/admin/status/routers.go:152.49,153.73 1 0
github.com/Rain-kl/Wavelet/internal/apps/admin/status/routers.go:154.20,155.24 1 0
github.com/Rain-kl/Wavelet/internal/apps/admin/status/routers.go:156.10,157.21 1 0
github.com/Rain-kl/Wavelet/internal/apps/admin/status/routers.go:160.2,161.17 2 0
github.com/Rain-kl/Wavelet/internal/apps/admin/status/routers.go:161.17,163.3 1 0
github.com/Rain-kl/Wavelet/internal/apps/admin/status/routers.go:163.8,165.3 1 0
github.com/Rain-kl/Wavelet/internal/apps/admin/status/routers.go:167.2,198.41 2 0
github.com/Rain-kl/Wavelet/internal/apps/admin/status/routers.go:209.62,215.21 2 0
github.com/Rain-kl/Wavelet/internal/apps/admin/status/routers.go:215.21,217.3 1 0
github.com/Rain-kl/Wavelet/internal/apps/admin/status/routers.go:218.2,219.19 2 0
github.com/Rain-kl/Wavelet/internal/apps/admin/status/routers.go:219.19,221.3 1 0
github.com/Rain-kl/Wavelet/internal/apps/admin/status/routers.go:222.2,223.92 2 0
github.com/Rain-kl/Wavelet/internal/apps/admin/status/routers.go:223.92,225.3 1 0
github.com/Rain-kl/Wavelet/internal/apps/admin/status/routers.go:226.2,226.13 1 0
github.com/Rain-kl/Wavelet/internal/apps/admin/status/routers.go:230.64,237.19 3 0
github.com/Rain-kl/Wavelet/internal/apps/admin/status/routers.go:237.19,239.3 1 0
github.com/Rain-kl/Wavelet/internal/apps/admin/status/routers.go:240.2,241.85 2 0
github.com/Rain-kl/Wavelet/internal/apps/admin/status/routers.go:241.85,243.3 1 0
github.com/Rain-kl/Wavelet/internal/apps/admin/status/routers.go:244.2,244.13 1 0
github.com/Rain-kl/Wavelet/internal/apps/admin/status/routers.go:257.38,259.37 2 0
github.com/Rain-kl/Wavelet/internal/apps/admin/status/routers.go:259.37,261.3 1 0
github.com/Rain-kl/Wavelet/internal/apps/admin/status/routers.go:261.8,263.3 1 0
github.com/Rain-kl/Wavelet/internal/apps/admin/status/routers.go:264.2,264.42 1 0
github.com/Rain-kl/Wavelet/internal/apps/admin/status/routers.go:278.37,279.37 1 0
github.com/Rain-kl/Wavelet/internal/apps/admin/status/routers.go:279.37,281.3 1 0
github.com/Rain-kl/Wavelet/internal/apps/admin/status/routers.go:281.8,283.3 1 0
github.com/Rain-kl/Wavelet/internal/apps/admin/status/routers.go:287.35,289.16 2 0
github.com/Rain-kl/Wavelet/internal/apps/admin/status/routers.go:289.16,291.3 1 0
github.com/Rain-kl/Wavelet/internal/apps/admin/status/routers.go:293.2,294.16 2 0
github.com/Rain-kl/Wavelet/internal/apps/admin/status/routers.go:294.16,297.3 2 0
github.com/Rain-kl/Wavelet/internal/apps/admin/status/routers.go:298.2,298.15 1 0
github.com/Rain-kl/Wavelet/internal/apps/admin/status/routers.go:298.15,299.45 1 0
github.com/Rain-kl/Wavelet/internal/apps/admin/status/routers.go:299.45,301.4 1 0
github.com/Rain-kl/Wavelet/internal/apps/admin/status/routers.go:304.2,305.16 2 0
github.com/Rain-kl/Wavelet/internal/apps/admin/status/routers.go:305.16,308.3 2 0
github.com/Rain-kl/Wavelet/internal/apps/admin/status/routers.go:310.2,314.71 5 0
github.com/Rain-kl/Wavelet/internal/apps/admin/status/routers.go:318.37,323.16 3 0
github.com/Rain-kl/Wavelet/internal/apps/admin/status/routers.go:323.16,326.3 2 0
github.com/Rain-kl/Wavelet/internal/apps/admin/status/routers.go:328.2,337.26 3 0
github.com/Rain-kl/Wavelet/internal/apps/admin/status/routers.go:337.26,339.3 1 0
github.com/Rain-kl/Wavelet/internal/apps/admin/status/routers.go:339.8,341.3 1 0
github.com/Rain-kl/Wavelet/internal/apps/admin/status/routers.go:343.2,351.34 7 0
github.com/Rain-kl/Wavelet/internal/apps/admin/status/routers.go:351.34,354.3 1 0
github.com/Rain-kl/Wavelet/core/extpoints/migration.go:31.48,35.2 1 2
github.com/Rain-kl/Wavelet/core/extpoints/migration.go:39.82,44.34 4 3
github.com/Rain-kl/Wavelet/core/extpoints/migration.go:44.34,46.3 1 1
github.com/Rain-kl/Wavelet/core/extpoints/migration.go:48.2,55.45 2 3
github.com/Rain-kl/Wavelet/core/extpoints/migration.go:55.45,56.31 1 1
github.com/Rain-kl/Wavelet/core/extpoints/migration.go:56.31,57.30 1 1
github.com/Rain-kl/Wavelet/core/extpoints/migration.go:57.30,59.10 2 1
github.com/Rain-kl/Wavelet/core/extpoints/migration.go:62.8,64.3 1 2
github.com/Rain-kl/Wavelet/core/extpoints/migration.go:66.2,66.28 1 3
github.com/Rain-kl/Wavelet/core/extpoints/migration.go:70.56,76.2 5 1
github.com/Rain-kl/Wavelet/core/extpoints/migration.go:79.73,84.2 4 2
github.com/Rain-kl/Wavelet/core/extpoints/router.go:41.42,43.2 1 2
github.com/Rain-kl/Wavelet/core/extpoints/router.go:46.50,50.2 3 1
github.com/Rain-kl/Wavelet/core/extpoints/router.go:53.46,59.2 5 1
github.com/Rain-kl/Wavelet/core/extpoints/router.go:62.83,68.2 1 1
github.com/Rain-kl/Wavelet/core/extpoints/router.go:71.87,83.2 5 15
github.com/Rain-kl/Wavelet/core/extpoints/router.go:86.76,88.2 1 2
github.com/Rain-kl/Wavelet/core/extpoints/router.go:91.77,93.2 1 1
github.com/Rain-kl/Wavelet/core/extpoints/router.go:96.76,98.2 1 1
github.com/Rain-kl/Wavelet/core/extpoints/router.go:101.79,103.2 1 1
github.com/Rain-kl/Wavelet/core/extpoints/router.go:106.78,108.2 1 1
github.com/Rain-kl/Wavelet/core/extpoints/router.go:111.77,113.2 1 1
github.com/Rain-kl/Wavelet/core/extpoints/router.go:116.80,118.2 1 1
github.com/Rain-kl/Wavelet/core/extpoints/router.go:121.78,124.28 3 1
github.com/Rain-kl/Wavelet/core/extpoints/router.go:124.28,126.3 1 7
github.com/Rain-kl/Wavelet/core/extpoints/router.go:127.2,127.13 1 1
github.com/Rain-kl/Wavelet/core/extpoints/router.go:131.53,137.2 5 4
github.com/Rain-kl/Wavelet/core/extpoints/router.go:147.47,149.2 1 1
github.com/Rain-kl/Wavelet/core/extpoints/router.go:152.80,163.2 5 1
github.com/Rain-kl/Wavelet/core/extpoints/router.go:166.84,184.2 9 16
github.com/Rain-kl/Wavelet/core/extpoints/router.go:187.73,189.2 1 2
github.com/Rain-kl/Wavelet/core/extpoints/router.go:192.74,194.2 1 1
github.com/Rain-kl/Wavelet/core/extpoints/router.go:197.73,199.2 1 1
github.com/Rain-kl/Wavelet/core/extpoints/router.go:202.76,204.2 1 1
github.com/Rain-kl/Wavelet/core/extpoints/router.go:207.75,209.2 1 1
github.com/Rain-kl/Wavelet/core/extpoints/router.go:212.74,214.2 1 1
github.com/Rain-kl/Wavelet/core/extpoints/router.go:217.77,219.2 1 1
github.com/Rain-kl/Wavelet/core/extpoints/router.go:222.75,225.28 3 1
github.com/Rain-kl/Wavelet/core/extpoints/router.go:225.28,227.3 1 7
github.com/Rain-kl/Wavelet/core/extpoints/router.go:228.2,228.13 1 1
github.com/Rain-kl/Wavelet/core/extpoints/router.go:232.50,234.2 1 1
github.com/Rain-kl/Wavelet/core/extpoints/router.go:237.43,241.2 3 1
github.com/Rain-kl/Wavelet/core/extpoints/router.go:243.33,244.13 1 33
github.com/Rain-kl/Wavelet/core/extpoints/router.go:244.13,246.3 1 0
github.com/Rain-kl/Wavelet/core/extpoints/router.go:247.2,247.32 1 33
github.com/Rain-kl/Wavelet/core/extpoints/router.go:247.32,249.3 1 0
github.com/Rain-kl/Wavelet/core/extpoints/router.go:250.2,250.45 1 33
github.com/Rain-kl/Wavelet/core/extpoints/router.go:250.45,252.3 1 0
github.com/Rain-kl/Wavelet/core/extpoints/router.go:253.2,253.10 1 33
github.com/Rain-kl/Wavelet/core/extpoints/router.go:256.46,257.31 1 17
github.com/Rain-kl/Wavelet/core/extpoints/router.go:257.31,259.3 1 0
github.com/Rain-kl/Wavelet/core/extpoints/router.go:260.2,260.39 1 17
github.com/Rain-kl/Wavelet/core/extpoints/router.go:260.39,262.3 1 0
github.com/Rain-kl/Wavelet/core/extpoints/router.go:263.2,265.41 3 17
github.com/Rain-kl/Wavelet/core/extpoints/schedule.go:17.61,18.38 1 1
github.com/Rain-kl/Wavelet/core/extpoints/schedule.go:18.38,19.24 1 1
github.com/Rain-kl/Wavelet/core/extpoints/schedule.go:19.24,21.4 1 0
github.com/Rain-kl/Wavelet/core/extpoints/schedule.go:22.3,22.24 1 1
github.com/Rain-kl/Wavelet/core/extpoints/schedule.go:42.46,46.2 1 2
github.com/Rain-kl/Wavelet/core/extpoints/schedule.go:49.104,60.27 4 4
github.com/Rain-kl/Wavelet/core/extpoints/schedule.go:60.27,61.17 1 2
github.com/Rain-kl/Wavelet/core/extpoints/schedule.go:61.17,63.4 1 1
github.com/Rain-kl/Wavelet/core/extpoints/schedule.go:66.2,66.45 1 4
github.com/Rain-kl/Wavelet/core/extpoints/schedule.go:66.45,67.36 1 1
github.com/Rain-kl/Wavelet/core/extpoints/schedule.go:67.36,68.33 1 1
github.com/Rain-kl/Wavelet/core/extpoints/schedule.go:68.33,70.10 2 1
github.com/Rain-kl/Wavelet/core/extpoints/schedule.go:73.8,75.3 1 3
github.com/Rain-kl/Wavelet/core/extpoints/schedule.go:77.2,77.25 1 4
github.com/Rain-kl/Wavelet/core/extpoints/schedule.go:81.108,83.2 1 3
github.com/Rain-kl/Wavelet/core/extpoints/schedule.go:86.61,92.2 5 2
github.com/Rain-kl/Wavelet/core/extpoints/schedule.go:95.76,100.2 4 2
github.com/Rain-kl/Wavelet/core/extpoints/setting.go:32.44,36.2 1 2
github.com/Rain-kl/Wavelet/core/extpoints/setting.go:40.58,41.22 1 5
github.com/Rain-kl/Wavelet/core/extpoints/setting.go:41.22,42.62 1 1
github.com/Rain-kl/Wavelet/core/extpoints/setting.go:45.2,48.47 3 4
github.com/Rain-kl/Wavelet/core/extpoints/setting.go:48.47,49.34 1 1
github.com/Rain-kl/Wavelet/core/extpoints/setting.go:49.34,50.30 1 1
github.com/Rain-kl/Wavelet/core/extpoints/setting.go:50.30,52.10 2 1
github.com/Rain-kl/Wavelet/core/extpoints/setting.go:55.8,57.3 1 3
github.com/Rain-kl/Wavelet/core/extpoints/setting.go:59.2,59.31 1 4
github.com/Rain-kl/Wavelet/core/extpoints/setting.go:63.53,69.2 5 2
github.com/Rain-kl/Wavelet/core/extpoints/setting.go:72.65,77.2 4 2
github.com/Rain-kl/Wavelet/core/extpoints/task.go:22.54,23.34 1 2
github.com/Rain-kl/Wavelet/core/extpoints/task.go:23.34,25.3 1 2
github.com/Rain-kl/Wavelet/core/extpoints/task.go:29.42,30.34 1 1
github.com/Rain-kl/Wavelet/core/extpoints/task.go:30.34,32.3 1 1
github.com/Rain-kl/Wavelet/core/extpoints/task.go:36.56,37.34 1 1
github.com/Rain-kl/Wavelet/core/extpoints/task.go:37.34,39.3 1 1
github.com/Rain-kl/Wavelet/core/extpoints/task.go:43.55,44.34 1 2
github.com/Rain-kl/Wavelet/core/extpoints/task.go:44.34,45.25 1 2
github.com/Rain-kl/Wavelet/core/extpoints/task.go:45.25,47.4 1 0
github.com/Rain-kl/Wavelet/core/extpoints/task.go:48.3,48.25 1 2
github.com/Rain-kl/Wavelet/core/extpoints/task.go:67.38,71.2 1 2
github.com/Rain-kl/Wavelet/core/extpoints/task.go:74.82,84.27 4 3
github.com/Rain-kl/Wavelet/core/extpoints/task.go:84.27,85.17 1 7
github.com/Rain-kl/Wavelet/core/extpoints/task.go:85.17,87.4 1 6
github.com/Rain-kl/Wavelet/core/extpoints/task.go:90.2,90.44 1 3
github.com/Rain-kl/Wavelet/core/extpoints/task.go:90.44,91.32 1 1
github.com/Rain-kl/Wavelet/core/extpoints/task.go:91.32,92.31 1 1
github.com/Rain-kl/Wavelet/core/extpoints/task.go:92.31,94.10 2 1
github.com/Rain-kl/Wavelet/core/extpoints/task.go:97.8,99.3 1 2
github.com/Rain-kl/Wavelet/core/extpoints/task.go:101.2,101.24 1 3
github.com/Rain-kl/Wavelet/core/extpoints/task.go:105.49,111.2 5 2
github.com/Rain-kl/Wavelet/core/extpoints/task.go:114.67,119.2 4 2
github.com/Rain-kl/Wavelet/core/app.go:23.42,24.22 1 8
github.com/Rain-kl/Wavelet/core/app.go:24.22,25.17 1 8
github.com/Rain-kl/Wavelet/core/app.go:25.17,27.4 1 8
github.com/Rain-kl/Wavelet/core/app.go:32.45,33.22 1 12
github.com/Rain-kl/Wavelet/core/app.go:33.22,35.3 1 12
github.com/Rain-kl/Wavelet/core/app.go:39.47,40.22 1 14
github.com/Rain-kl/Wavelet/core/app.go:40.22,42.3 1 14
github.com/Rain-kl/Wavelet/core/app.go:46.60,47.22 1 0
github.com/Rain-kl/Wavelet/core/app.go:47.22,49.3 1 0
github.com/Rain-kl/Wavelet/core/app.go:53.60,54.22 1 2
github.com/Rain-kl/Wavelet/core/app.go:54.22,56.3 1 2
github.com/Rain-kl/Wavelet/core/app.go:60.59,61.22 1 2
github.com/Rain-kl/Wavelet/core/app.go:61.22,62.18 1 2
github.com/Rain-kl/Wavelet/core/app.go:62.18,64.4 1 2
github.com/Rain-kl/Wavelet/core/app.go:85.37,93.27 2 22
github.com/Rain-kl/Wavelet/core/app.go:93.27,94.17 1 38
github.com/Rain-kl/Wavelet/core/app.go:94.17,96.4 1 38
github.com/Rain-kl/Wavelet/core/app.go:99.2,99.12 1 22
github.com/Rain-kl/Wavelet/core/app.go:103.34,105.2 1 5
github.com/Rain-kl/Wavelet/core/app.go:108.33,112.2 3 9
github.com/Rain-kl/Wavelet/core/app.go:115.49,120.2 4 8
github.com/Rain-kl/Wavelet/core/app.go:123.48,125.2 1 1
github.com/Rain-kl/Wavelet/core/app.go:129.43,133.28 3 15
github.com/Rain-kl/Wavelet/core/app.go:133.28,134.15 1 17
github.com/Rain-kl/Wavelet/core/app.go:134.15,135.12 1 1
github.com/Rain-kl/Wavelet/core/app.go:137.3,138.17 2 16
github.com/Rain-kl/Wavelet/core/app.go:138.17,139.12 1 0
github.com/Rain-kl/Wavelet/core/app.go:142.3,142.45 1 16
github.com/Rain-kl/Wavelet/core/app.go:142.45,143.39 1 1
github.com/Rain-kl/Wavelet/core/app.go:143.39,144.32 1 1
github.com/Rain-kl/Wavelet/core/app.go:144.32,146.11 2 1
github.com/Rain-kl/Wavelet/core/app.go:149.9,151.4 1 15
github.com/Rain-kl/Wavelet/core/app.go:152.3,152.24 1 16
github.com/Rain-kl/Wavelet/core/app.go:155.2,155.10 1 15
github.com/Rain-kl/Wavelet/core/app.go:159.34,166.2 5 2
github.com/Rain-kl/Wavelet/core/app.go:169.50,175.2 4 3
github.com/Rain-kl/Wavelet/core/app.go:178.63,183.2 4 0
github.com/Rain-kl/Wavelet/core/app.go:186.63,188.2 1 0
github.com/Rain-kl/Wavelet/core/app.go:192.36,194.15 2 21
github.com/Rain-kl/Wavelet/core/app.go:194.15,197.3 2 0
github.com/Rain-kl/Wavelet/core/app.go:198.2,203.28 5 21
github.com/Rain-kl/Wavelet/core/app.go:203.28,204.40 1 13
github.com/Rain-kl/Wavelet/core/app.go:204.40,206.4 1 1
github.com/Rain-kl/Wavelet/core/app.go:208.2,208.12 1 20
github.com/Rain-kl/Wavelet/core/app.go:212.56,214.23 2 20
github.com/Rain-kl/Wavelet/core/app.go:214.23,216.3 1 17
github.com/Rain-kl/Wavelet/core/app.go:218.2,222.19 4 3
github.com/Rain-kl/Wavelet/core/app.go:222.19,224.85 1 1
github.com/Rain-kl/Wavelet/core/app.go:224.85,226.4 1 1
github.com/Rain-kl/Wavelet/core/app.go:229.2,229.19 1 3
github.com/Rain-kl/Wavelet/core/app.go:229.19,231.3 1 0
github.com/Rain-kl/Wavelet/core/app.go:233.2,233.53 1 3
github.com/Rain-kl/Wavelet/core/app.go:233.53,235.3 1 1
github.com/Rain-kl/Wavelet/core/app.go:237.2,237.12 1 2
github.com/Rain-kl/Wavelet/core/app.go:247.51,249.15 2 22
github.com/Rain-kl/Wavelet/core/app.go:249.15,252.3 2 1
github.com/Rain-kl/Wavelet/core/app.go:253.2,257.9 4 21
github.com/Rain-kl/Wavelet/core/app.go:258.37,259.19 1 21
github.com/Rain-kl/Wavelet/core/app.go:260.20,261.30 1 0
github.com/Rain-kl/Wavelet/core/app.go:262.10,263.33 1 0
github.com/Rain-kl/Wavelet/core/app.go:267.2,267.41 1 21
github.com/Rain-kl/Wavelet/core/app.go:267.41,272.3 4 1
github.com/Rain-kl/Wavelet/core/app.go:275.2,275.49 1 20
github.com/Rain-kl/Wavelet/core/app.go:275.49,280.3 4 1
github.com/Rain-kl/Wavelet/core/app.go:283.2,289.31 6 19
github.com/Rain-kl/Wavelet/core/app.go:289.31,290.37 1 30
github.com/Rain-kl/Wavelet/core/app.go:290.37,292.4 1 15
github.com/Rain-kl/Wavelet/core/app.go:296.2,296.35 1 19
github.com/Rain-kl/Wavelet/core/app.go:296.35,297.42 1 14
github.com/Rain-kl/Wavelet/core/app.go:297.42,305.43 6 1
github.com/Rain-kl/Wavelet/core/app.go:305.43,307.5 1 1
github.com/Rain-kl/Wavelet/core/app.go:309.4,309.72 1 1
github.com/Rain-kl/Wavelet/core/app.go:312.3,314.16 3 13
github.com/Rain-kl/Wavelet/core/app.go:318.2,320.12 2 18
github.com/Rain-kl/Wavelet/core/app.go:330.50,332.16 2 19
github.com/Rain-kl/Wavelet/core/app.go:332.16,335.3 2 1
github.com/Rain-kl/Wavelet/core/app.go:336.2,343.35 7 18
github.com/Rain-kl/Wavelet/core/app.go:343.35,345.3 1 18
github.com/Rain-kl/Wavelet/core/app.go:345.8,349.3 3 0
github.com/Rain-kl/Wavelet/core/app.go:351.2,356.41 3 18
github.com/Rain-kl/Wavelet/core/app.go:356.41,358.45 2 12
github.com/Rain-kl/Wavelet/core/app.go:358.45,360.4 1 0
github.com/Rain-kl/Wavelet/core/app.go:364.2,364.41 1 18
github.com/Rain-kl/Wavelet/core/app.go:364.41,365.41 1 18
github.com/Rain-kl/Wavelet/core/app.go:365.41,367.4 1 0
github.com/Rain-kl/Wavelet/core/app.go:370.2,372.29 2 18
github.com/Rain-kl/Wavelet/core/app.go:379.49,381.9 2 8
github.com/Rain-kl/Wavelet/core/app.go:382.37,383.18 1 8
github.com/Rain-kl/Wavelet/core/app.go:384.20,385.29 1 0
github.com/Rain-kl/Wavelet/core/app.go:386.10,387.32 1 0
github.com/Rain-kl/Wavelet/core/app.go:390.2,393.40 3 8
github.com/Rain-kl/Wavelet/core/app.go:393.40,395.3 1 0
github.com/Rain-kl/Wavelet/core/app.go:398.2,403.28 4 8
github.com/Rain-kl/Wavelet/core/app.go:407.32,411.2 3 7
github.com/Rain-kl/Wavelet/core/app.go:414.41,421.2 5 2
github.com/Rain-kl/Wavelet/core/app.go:424.48,426.18 2 7
github.com/Rain-kl/Wavelet/core/app.go:426.18,428.3 1 7
github.com/Rain-kl/Wavelet/core/app.go:428.8,430.3 1 0
github.com/Rain-kl/Wavelet/core/app.go:431.2,431.46 1 7
github.com/Rain-kl/Wavelet/core/app.go:437.80,439.23 2 7
github.com/Rain-kl/Wavelet/core/app.go:439.23,441.3 1 0
github.com/Rain-kl/Wavelet/core/app.go:443.2,444.22 2 7
github.com/Rain-kl/Wavelet/core/app.go:444.22,446.10 2 7
github.com/Rain-kl/Wavelet/core/app.go:447.47,448.62 1 1
github.com/Rain-kl/Wavelet/core/app.go:449.40,450.55 1 1
github.com/Rain-kl/Wavelet/core/app.go:451.39,452.28 1 5
github.com/Rain-kl/Wavelet/core/app.go:456.2,457.19 2 7
github.com/Rain-kl/Wavelet/core/app.go:460.58,462.14 2 30
github.com/Rain-kl/Wavelet/core/app.go:463.22,464.14 1 9
github.com/Rain-kl/Wavelet/core/app.go:465.18,466.30 1 5
github.com/Rain-kl/Wavelet/core/app.go:467.21,468.32 1 4
github.com/Rain-kl/Wavelet/core/app.go:469.23,470.35 1 8
github.com/Rain-kl/Wavelet/core/app.go:471.10,472.36 1 4
github.com/Rain-kl/Wavelet/core/app.go:476.42,477.55 1 50
github.com/Rain-kl/Wavelet/core/app.go:478.21,479.20 1 10
github.com/Rain-kl/Wavelet/core/app.go:480.16,481.23 1 8
github.com/Rain-kl/Wavelet/core/app.go:482.39,483.25 1 12
github.com/Rain-kl/Wavelet/core/app.go:484.34,485.20 1 15
github.com/Rain-kl/Wavelet/core/app.go:486.10,487.11 1 5
github.com/Rain-kl/Wavelet/core/container.go:19.49,25.2 1 96
github.com/Rain-kl/Wavelet/core/container.go:27.24,28.14 1 14
github.com/Rain-kl/Wavelet/core/container.go:28.14,30.3 1 1
github.com/Rain-kl/Wavelet/core/container.go:31.2,32.18 2 13
github.com/Rain-kl/Wavelet/core/container.go:33.121,34.19 1 13
github.com/Rain-kl/Wavelet/core/container.go:35.10,36.15 1 0
github.com/Rain-kl/Wavelet/core/container.go:41.46,42.16 1 15
github.com/Rain-kl/Wavelet/core/container.go:42.16,43.49 1 1
github.com/Rain-kl/Wavelet/core/container.go:45.2,45.20 1 14
github.com/Rain-kl/Wavelet/core/container.go:45.20,46.44 1 2
github.com/Rain-kl/Wavelet/core/container.go:49.2,50.46 2 12
github.com/Rain-kl/Wavelet/core/container.go:53.67,60.38 5 12
github.com/Rain-kl/Wavelet/core/container.go:60.38,61.94 1 1
github.com/Rain-kl/Wavelet/core/container.go:61.94,63.4 1 1
github.com/Rain-kl/Wavelet/core/container.go:65.2,67.31 2 12
github.com/Rain-kl/Wavelet/core/container.go:67.31,69.3 1 1
github.com/Rain-kl/Wavelet/core/container.go:73.45,75.16 2 130
github.com/Rain-kl/Wavelet/core/container.go:75.16,77.3 1 1
github.com/Rain-kl/Wavelet/core/container.go:79.2,81.16 3 129
github.com/Rain-kl/Wavelet/core/container.go:81.16,83.3 1 10
github.com/Rain-kl/Wavelet/core/container.go:85.2,86.9 2 119
github.com/Rain-kl/Wavelet/core/container.go:86.9,88.3 1 0
github.com/Rain-kl/Wavelet/core/container.go:89.2,89.22 1 119
github.com/Rain-kl/Wavelet/core/container.go:92.67,95.43 2 130
github.com/Rain-kl/Wavelet/core/container.go:95.43,98.3 2 119
github.com/Rain-kl/Wavelet/core/container.go:101.2,101.44 1 11
github.com/Rain-kl/Wavelet/core/container.go:101.44,102.34 1 11
github.com/Rain-kl/Wavelet/core/container.go:102.34,103.50 1 4
github.com/Rain-kl/Wavelet/core/container.go:103.50,106.5 2 0
github.com/Rain-kl/Wavelet/core/container.go:109.2,112.21 2 11
github.com/Rain-kl/Wavelet/core/container.go:112.21,114.3 1 1
github.com/Rain-kl/Wavelet/core/container.go:116.2,116.66 1 10
github.com/Rain-kl/Wavelet/core/container.go:120.40,122.16 2 2
github.com/Rain-kl/Wavelet/core/container.go:122.16,123.89 1 1
github.com/Rain-kl/Wavelet/core/container.go:125.2,125.10 1 1
github.com/Rain-kl/Wavelet/core/container.go:129.36,132.2 2 4
github.com/Rain-kl/Wavelet/core/container.go:135.56,137.16 2 52
github.com/Rain-kl/Wavelet/core/container.go:137.16,139.3 1 1
github.com/Rain-kl/Wavelet/core/container.go:140.2,141.12 2 51
github.com/Rain-kl/Wavelet/core/container.go:145.68,148.32 3 3
github.com/Rain-kl/Wavelet/core/container.go:148.32,150.3 1 2
github.com/Rain-kl/Wavelet/core/container.go:151.2,152.12 2 1
github.com/Rain-kl/Wavelet/core/container.go:156.79,160.47 4 2
github.com/Rain-kl/Wavelet/core/container.go:160.47,162.3 1 1
github.com/Rain-kl/Wavelet/core/container.go:163.2,164.12 2 1
github.com/Rain-kl/Wavelet/core/container.go:169.46,170.16 1 3
github.com/Rain-kl/Wavelet/core/container.go:170.16,171.46 1 1
github.com/Rain-kl/Wavelet/core/container.go:174.2,178.42 3 2
github.com/Rain-kl/Wavelet/core/container.go:178.42,180.3 1 1
github.com/Rain-kl/Wavelet/core/container.go:183.2,185.74 3 2
github.com/Rain-kl/Wavelet/core/container.go:185.74,186.31 1 1
github.com/Rain-kl/Wavelet/core/container.go:186.31,188.4 1 1
github.com/Rain-kl/Wavelet/core/context.go:41.48,42.17 1 42
github.com/Rain-kl/Wavelet/core/context.go:42.17,44.3 1 2
github.com/Rain-kl/Wavelet/core/context.go:45.2,58.3 2 42
github.com/Rain-kl/Wavelet/core/context.go:62.60,64.2 1 1
github.com/Rain-kl/Wavelet/core/context.go:67.42,69.2 1 2
github.com/Rain-kl/Wavelet/core/context.go:72.31,74.2 1 1
github.com/Rain-kl/Wavelet/core/context.go:78.38,80.32 2 4
github.com/Rain-kl/Wavelet/core/context.go:80.32,83.3 2 1
github.com/Rain-kl/Wavelet/core/context.go:84.2,86.39 2 3
github.com/Rain-kl/Wavelet/core/context.go:86.39,88.3 1 0
github.com/Rain-kl/Wavelet/core/context.go:90.2,90.21 1 3
github.com/Rain-kl/Wavelet/core/context.go:90.21,92.3 1 2
github.com/Rain-kl/Wavelet/core/context.go:94.2,94.12 1 1
github.com/Rain-kl/Wavelet/core/context.go:98.47,100.2 1 8
github.com/Rain-kl/Wavelet/core/context.go:103.41,106.21 3 101
github.com/Rain-kl/Wavelet/core/context.go:106.21,108.3 1 0
github.com/Rain-kl/Wavelet/core/context.go:109.2,109.21 1 101
github.com/Rain-kl/Wavelet/core/context.go:113.44,116.21 3 50
github.com/Rain-kl/Wavelet/core/context.go:116.21,118.3 1 0
github.com/Rain-kl/Wavelet/core/context.go:119.2,120.14 2 50
github.com/Rain-kl/Wavelet/core/context.go:124.42,126.2 1 143
github.com/Rain-kl/Wavelet/core/context.go:129.37,131.2 1 1
github.com/Rain-kl/Wavelet/core/context.go:135.35,137.2 1 53
github.com/Rain-kl/Wavelet/core/context.go:142.66,143.17 1 54
github.com/Rain-kl/Wavelet/core/context.go:143.17,145.3 1 1
github.com/Rain-kl/Wavelet/core/context.go:146.2,166.14 6 54
github.com/Rain-kl/Wavelet/core/context.go:170.38,172.2 1 114
github.com/Rain-kl/Wavelet/core/context.go:175.54,177.2 1 57
github.com/Rain-kl/Wavelet/core/context.go:180.61,182.2 1 80
github.com/Rain-kl/Wavelet/core/context.go:185.51,187.2 1 57
github.com/Rain-kl/Wavelet/core/context.go:190.50,192.2 1 3
github.com/Rain-kl/Wavelet/core/context.go:195.59,197.2 1 57
github.com/Rain-kl/Wavelet/core/context.go:200.58,202.2 1 3
github.com/Rain-kl/Wavelet/core/context.go:205.57,207.2 1 57
github.com/Rain-kl/Wavelet/core/context.go:210.56,212.2 1 3
github.com/Rain-kl/Wavelet/core/context.go:216.37,217.15 1 8
github.com/Rain-kl/Wavelet/core/context.go:217.15,219.3 1 1
github.com/Rain-kl/Wavelet/core/context.go:221.2,222.24 2 7
github.com/Rain-kl/Wavelet/core/context.go:223.16,224.8 1 1
github.com/Rain-kl/Wavelet/core/context.go:225.20,226.8 1 3
github.com/Rain-kl/Wavelet/core/context.go:227.14,228.20 1 2
github.com/Rain-kl/Wavelet/core/context.go:228.20,231.4 2 2
github.com/Rain-kl/Wavelet/core/context.go:232.10,233.83 1 1
github.com/Rain-kl/Wavelet/core/context.go:236.2,238.38 3 6
github.com/Rain-kl/Wavelet/core/context.go:242.35,244.16 2 21
github.com/Rain-kl/Wavelet/core/context.go:244.16,247.3 2 1
github.com/Rain-kl/Wavelet/core/context.go:248.2,261.42 8 20
github.com/Rain-kl/Wavelet/core/context.go:261.42,262.47 1 1
github.com/Rain-kl/Wavelet/core/context.go:262.47,264.4 1 1
github.com/Rain-kl/Wavelet/core/context.go:268.2,268.43 1 20
github.com/Rain-kl/Wavelet/core/context.go:268.43,269.40 1 6
github.com/Rain-kl/Wavelet/core/context.go:269.40,271.4 1 1
github.com/Rain-kl/Wavelet/core/context.go:275.2,275.21 1 20
github.com/Rain-kl/Wavelet/core/context.go:275.21,277.3 1 20
github.com/Rain-kl/Wavelet/core/context.go:280.2,280.21 1 20
github.com/Rain-kl/Wavelet/core/context.go:280.21,282.3 1 1
github.com/Rain-kl/Wavelet/core/context.go:284.2,284.29 1 20
github.com/Rain-kl/Wavelet/core/context.go:287.48,290.35 3 1
github.com/Rain-kl/Wavelet/core/context.go:290.35,291.22 1 1
github.com/Rain-kl/Wavelet/core/context.go:291.22,293.9 2 1
github.com/Rain-kl/Wavelet/core/context.go:299.37,303.2 3 23
github.com/Rain-kl/Wavelet/core/context.go:306.50,307.14 1 33
github.com/Rain-kl/Wavelet/core/context.go:307.14,309.3 1 1
github.com/Rain-kl/Wavelet/core/context.go:311.2,314.12 4 32
github.com/Rain-kl/Wavelet/core/context.go:318.38,325.2 5 20
github.com/Rain-kl/Wavelet/core/context.go:328.64,332.30 3 3
github.com/Rain-kl/Wavelet/core/context.go:332.30,333.29 1 5
github.com/Rain-kl/Wavelet/core/context.go:333.29,335.4 1 2
github.com/Rain-kl/Wavelet/core/context.go:337.2,337.19 1 1
github.com/Rain-kl/Wavelet/core/events.go:35.30,39.2 1 50
github.com/Rain-kl/Wavelet/core/events.go:54.59,55.20 1 78
github.com/Rain-kl/Wavelet/core/events.go:55.20,56.46 1 1
github.com/Rain-kl/Wavelet/core/events.go:59.2,62.35 3 77
github.com/Rain-kl/Wavelet/core/events.go:62.35,63.74 1 1
github.com/Rain-kl/Wavelet/core/events.go:66.2,67.30 2 76
github.com/Rain-kl/Wavelet/core/events.go:67.30,68.104 1 1
github.com/Rain-kl/Wavelet/core/events.go:71.2,72.16 2 75
github.com/Rain-kl/Wavelet/core/events.go:72.16,73.103 1 1
github.com/Rain-kl/Wavelet/core/events.go:76.2,77.17 2 74
github.com/Rain-kl/Wavelet/core/events.go:77.17,79.44 2 62
github.com/Rain-kl/Wavelet/core/events.go:79.44,80.89 1 1
github.com/Rain-kl/Wavelet/core/events.go:82.3,82.20 1 61
github.com/Rain-kl/Wavelet/core/events.go:85.2,92.15 2 73
github.com/Rain-kl/Wavelet/core/events.go:93.9,93.9 0 10
github.com/Rain-kl/Wavelet/core/events.go:95.9,97.39 2 5
github.com/Rain-kl/Wavelet/core/events.go:97.39,99.4 1 2
github.com/Rain-kl/Wavelet/core/events.go:99.9,102.4 2 3
github.com/Rain-kl/Wavelet/core/events.go:103.9,105.40 2 58
github.com/Rain-kl/Wavelet/core/events.go:105.40,106.98 1 1
github.com/Rain-kl/Wavelet/core/events.go:108.3,110.34 3 57
github.com/Rain-kl/Wavelet/core/events.go:113.2,120.22 6 72
github.com/Rain-kl/Wavelet/core/events.go:120.22,121.26 1 29
github.com/Rain-kl/Wavelet/core/events.go:121.26,123.4 1 1
github.com/Rain-kl/Wavelet/core/events.go:125.3,129.26 4 28
github.com/Rain-kl/Wavelet/core/events.go:129.26,130.26 1 94
github.com/Rain-kl/Wavelet/core/events.go:130.26,132.10 2 28
github.com/Rain-kl/Wavelet/core/events.go:136.3,136.34 1 28
github.com/Rain-kl/Wavelet/core/events.go:136.34,138.4 1 4
github.com/Rain-kl/Wavelet/core/events.go:140.3,140.13 1 28
github.com/Rain-kl/Wavelet/core/events.go:145.111,146.16 1 2
github.com/Rain-kl/Wavelet/core/events.go:146.16,147.59 1 1
github.com/Rain-kl/Wavelet/core/events.go:149.2,149.31 1 1
github.com/Rain-kl/Wavelet/core/events.go:157.79,158.16 1 164
github.com/Rain-kl/Wavelet/core/events.go:158.16,160.3 1 1
github.com/Rain-kl/Wavelet/core/events.go:162.2,164.28 3 164
github.com/Rain-kl/Wavelet/core/events.go:164.28,167.3 2 72
github.com/Rain-kl/Wavelet/core/events.go:169.2,174.20 5 92
github.com/Rain-kl/Wavelet/core/events.go:174.20,176.3 1 91
github.com/Rain-kl/Wavelet/core/events.go:178.2,179.30 2 92
github.com/Rain-kl/Wavelet/core/events.go:179.30,182.32 2 242
github.com/Rain-kl/Wavelet/core/events.go:182.32,183.17 1 242
github.com/Rain-kl/Wavelet/core/events.go:183.17,184.33 1 242
github.com/Rain-kl/Wavelet/core/events.go:184.33,186.6 1 1
github.com/Rain-kl/Wavelet/core/events.go:189.4,190.63 2 242
github.com/Rain-kl/Wavelet/core/events.go:190.63,192.5 1 2
github.com/Rain-kl/Wavelet/core/events.go:193.4,193.17 1 241
github.com/Rain-kl/Wavelet/core/events.go:196.3,196.17 1 242
github.com/Rain-kl/Wavelet/core/events.go:196.17,198.4 1 3
github.com/Rain-kl/Wavelet/core/events.go:201.2,201.29 1 92
github.com/Rain-kl/Wavelet/core/events.go:204.110,205.18 1 242
github.com/Rain-kl/Wavelet/core/events.go:205.18,207.3 1 8
github.com/Rain-kl/Wavelet/core/events.go:209.2,210.14 2 234
github.com/Rain-kl/Wavelet/core/events.go:210.14,212.3 1 231
github.com/Rain-kl/Wavelet/core/events.go:214.2,214.18 1 234
github.com/Rain-kl/Wavelet/core/events.go:214.18,217.3 2 232
github.com/Rain-kl/Wavelet/core/events.go:219.2,219.13 1 234
github.com/Rain-kl/Wavelet/core/events.go:222.100,223.27 1 232
github.com/Rain-kl/Wavelet/core/events.go:223.27,225.3 1 0
github.com/Rain-kl/Wavelet/core/events.go:227.2,230.38 2 232
github.com/Rain-kl/Wavelet/core/events.go:230.38,232.3 1 228
github.com/Rain-kl/Wavelet/core/events.go:235.2,235.39 1 4
github.com/Rain-kl/Wavelet/core/events.go:235.39,237.3 1 1
github.com/Rain-kl/Wavelet/core/events.go:240.2,240.82 1 3
github.com/Rain-kl/Wavelet/core/events.go:240.82,241.26 1 2
github.com/Rain-kl/Wavelet/core/events.go:241.26,243.4 1 1
github.com/Rain-kl/Wavelet/core/events.go:244.3,244.34 1 1
github.com/Rain-kl/Wavelet/core/events.go:248.2,248.85 1 1
github.com/Rain-kl/Wavelet/core/events.go:248.85,252.3 3 1
github.com/Rain-kl/Wavelet/core/events.go:255.2,255.33 1 0
github.com/Rain-kl/Wavelet/core/events.go:259.48,263.2 3 5
github.com/Rain-kl/Wavelet/core/events.go:266.38,271.28 4 1
github.com/Rain-kl/Wavelet/core/events.go:271.28,273.3 1 1
github.com/Rain-kl/Wavelet/core/events.go:274.2,274.15 1 1
github.com/Rain-kl/Wavelet/core/manifest.go:30.36,31.37 1 2
github.com/Rain-kl/Wavelet/core/manifest.go:31.37,33.3 1 1
github.com/Rain-kl/Wavelet/core/manifest.go:34.2,34.12 1 1
github.com/Rain-kl/Wavelet/core/types.go:104.88,106.2 1 3
github.com/Rain-kl/Wavelet/internal/apps/admin/logs/routers.go:54.30,59.64 4 0
github.com/Rain-kl/Wavelet/internal/apps/admin/logs/routers.go:59.64,62.3 2 0
github.com/Rain-kl/Wavelet/internal/apps/admin/logs/routers.go:63.2,63.76 1 0
github.com/Rain-kl/Wavelet/internal/apps/admin/logs/routers.go:63.76,65.3 1 0
github.com/Rain-kl/Wavelet/internal/apps/admin/logs/routers.go:66.2,66.22 1 0
github.com/Rain-kl/Wavelet/internal/apps/admin/logs/routers.go:66.22,68.3 1 0
github.com/Rain-kl/Wavelet/internal/apps/admin/logs/routers.go:70.2,76.22 3 0
github.com/Rain-kl/Wavelet/internal/apps/admin/logs/routers.go:76.22,78.3 1 0
github.com/Rain-kl/Wavelet/internal/apps/admin/logs/routers.go:80.2,80.42 1 0
github.com/Rain-kl/Wavelet/internal/apps/admin/logs/routers.go:94.41,98.16 3 0
github.com/Rain-kl/Wavelet/internal/apps/admin/logs/routers.go:98.16,100.3 1 0
github.com/Rain-kl/Wavelet/internal/apps/admin/logs/routers.go:101.2,101.15 1 0
github.com/Rain-kl/Wavelet/internal/apps/admin/logs/routers.go:101.15,101.35 1 0
github.com/Rain-kl/Wavelet/internal/apps/admin/logs/routers.go:104.2,109.17 4 0
github.com/Rain-kl/Wavelet/internal/apps/admin/logs/routers.go:109.17,111.7 2 0
github.com/Rain-kl/Wavelet/internal/apps/admin/logs/routers.go:111.7,113.18 2 0
github.com/Rain-kl/Wavelet/internal/apps/admin/logs/routers.go:113.18,115.5 1 0
github.com/Rain-kl/Wavelet/internal/apps/admin/logs/routers.go:120.2,120.6 1 0
github.com/Rain-kl/Wavelet/internal/apps/admin/logs/routers.go:120.6,121.10 1 0
github.com/Rain-kl/Wavelet/internal/apps/admin/logs/routers.go:122.15,123.10 1 0
github.com/Rain-kl/Wavelet/internal/apps/admin/logs/routers.go:124.26,125.11 1 0
github.com/Rain-kl/Wavelet/internal/apps/admin/logs/routers.go:125.11,127.5 1 0
github.com/Rain-kl/Wavelet/internal/apps/admin/logs/routers.go:128.4,131.56 4 0
github.com/Rain-kl/Wavelet/internal/apps/admin/logs/routers.go:131.56,133.5 1 0
github.com/Rain-kl/Wavelet/internal/apps/admin/logs/routers.go:160.98,164.20 3 0
github.com/Rain-kl/Wavelet/internal/apps/admin/logs/routers.go:164.20,166.17 2 0
github.com/Rain-kl/Wavelet/internal/apps/admin/logs/routers.go:166.17,168.4 1 0
github.com/Rain-kl/Wavelet/internal/apps/admin/logs/routers.go:169.3,169.27 1 0
github.com/Rain-kl/Wavelet/internal/apps/admin/logs/routers.go:172.2,172.41 1 0
github.com/Rain-kl/Wavelet/internal/apps/admin/logs/routers.go:172.41,174.3 1 0
github.com/Rain-kl/Wavelet/internal/apps/admin/logs/routers.go:176.2,176.57 1 0
github.com/Rain-kl/Wavelet/internal/apps/admin/logs/routers.go:176.57,177.58 1 0
github.com/Rain-kl/Wavelet/internal/apps/admin/logs/routers.go:177.58,179.4 1 0
github.com/Rain-kl/Wavelet/internal/apps/admin/logs/routers.go:182.2,182.51 1 0
github.com/Rain-kl/Wavelet/internal/apps/admin/logs/routers.go:182.51,183.56 1 0
github.com/Rain-kl/Wavelet/internal/apps/admin/logs/routers.go:183.56,185.4 1 0
github.com/Rain-kl/Wavelet/internal/apps/admin/logs/routers.go:188.2,188.20 1 0
github.com/Rain-kl/Wavelet/internal/apps/admin/logs/routers.go:191.58,192.59 1 0
github.com/Rain-kl/Wavelet/internal/apps/admin/logs/routers.go:192.59,194.3 1 0
github.com/Rain-kl/Wavelet/internal/apps/admin/logs/routers.go:195.2,195.49 1 0
github.com/Rain-kl/Wavelet/internal/apps/admin/logs/routers.go:198.75,199.20 1 0
github.com/Rain-kl/Wavelet/internal/apps/admin/logs/routers.go:199.20,201.3 1 0
github.com/Rain-kl/Wavelet/internal/apps/admin/logs/routers.go:203.2,205.28 3 0
github.com/Rain-kl/Wavelet/internal/apps/admin/logs/routers.go:205.28,206.37 1 0
github.com/Rain-kl/Wavelet/internal/apps/admin/logs/routers.go:206.37,207.12 1 0
github.com/Rain-kl/Wavelet/internal/apps/admin/logs/routers.go:209.3,210.41 2 0
github.com/Rain-kl/Wavelet/internal/apps/admin/logs/routers.go:213.2,214.71 2 0
github.com/Rain-kl/Wavelet/internal/apps/admin/logs/routers.go:214.71,215.27 1 0
github.com/Rain-kl/Wavelet/internal/apps/admin/logs/routers.go:215.27,217.4 1 0
github.com/Rain-kl/Wavelet/internal/apps/admin/logs/routers.go:219.2,219.22 1 0
github.com/Rain-kl/Wavelet/internal/apps/admin/logs/routers.go:219.22,220.46 1 0
github.com/Rain-kl/Wavelet/internal/apps/admin/logs/routers.go:220.46,223.4 2 0
github.com/Rain-kl/Wavelet/internal/apps/admin/logs/routers.go:245.36,248.16 3 0
github.com/Rain-kl/Wavelet/internal/apps/admin/logs/routers.go:248.16,251.3 2 0
github.com/Rain-kl/Wavelet/internal/apps/admin/logs/routers.go:253.2,254.14 2 0
github.com/Rain-kl/Wavelet/internal/apps/admin/logs/routers.go:254.14,256.3 1 0
github.com/Rain-kl/Wavelet/internal/apps/admin/logs/routers.go:257.2,258.18 2 0
github.com/Rain-kl/Wavelet/internal/apps/admin/logs/routers.go:258.18,260.3 1 0
github.com/Rain-kl/Wavelet/internal/apps/admin/logs/routers.go:261.2,261.28 1 0
github.com/Rain-kl/Wavelet/internal/apps/admin/logs/routers.go:261.28,263.3 1 0
github.com/Rain-kl/Wavelet/internal/apps/admin/logs/routers.go:265.2,266.16 2 0
github.com/Rain-kl/Wavelet/internal/apps/admin/logs/routers.go:266.16,269.3 2 0
github.com/Rain-kl/Wavelet/internal/apps/admin/logs/routers.go:270.2,270.55 1 0
github.com/Rain-kl/Wavelet/internal/apps/admin/logs/routers.go:270.55,273.3 2 0
github.com/Rain-kl/Wavelet/internal/apps/admin/logs/routers.go:275.2,276.16 2 0
github.com/Rain-kl/Wavelet/internal/apps/admin/logs/routers.go:276.16,279.3 2 0
github.com/Rain-kl/Wavelet/internal/apps/admin/logs/routers.go:280.2,280.16 1 0
github.com/Rain-kl/Wavelet/internal/apps/admin/logs/routers.go:280.16,283.3 2 0
github.com/Rain-kl/Wavelet/internal/apps/admin/logs/routers.go:285.2,286.31 2 0
github.com/Rain-kl/Wavelet/internal/apps/admin/logs/routers.go:286.31,299.3 1 0
github.com/Rain-kl/Wavelet/internal/apps/admin/logs/routers.go:300.2,305.5 2 0
github.com/Rain-kl/Wavelet/internal/apps/admin/logs/routers.go:346.39,349.16 3 0
github.com/Rain-kl/Wavelet/internal/apps/admin/logs/routers.go:349.16,352.3 2 0
github.com/Rain-kl/Wavelet/internal/apps/admin/logs/routers.go:354.2,357.16 3 0
github.com/Rain-kl/Wavelet/internal/apps/admin/logs/routers.go:357.16,360.3 2 0
github.com/Rain-kl/Wavelet/internal/apps/admin/logs/routers.go:361.2,362.36 2 0
github.com/Rain-kl/Wavelet/internal/apps/admin/logs/routers.go:362.36,367.3 1 0
github.com/Rain-kl/Wavelet/internal/apps/admin/logs/routers.go:369.2,370.16 2 0
github.com/Rain-kl/Wavelet/internal/apps/admin/logs/routers.go:370.16,373.3 2 0
github.com/Rain-kl/Wavelet/internal/apps/admin/logs/routers.go:374.2,375.38 2 0
github.com/Rain-kl/Wavelet/internal/apps/admin/logs/routers.go:375.38,380.3 1 0
github.com/Rain-kl/Wavelet/internal/apps/admin/logs/routers.go:382.2,383.16 2 0
github.com/Rain-kl/Wavelet/internal/apps/admin/logs/routers.go:383.16,386.3 2 0
github.com/Rain-kl/Wavelet/internal/apps/admin/logs/routers.go:388.2,390.38 3 0
github.com/Rain-kl/Wavelet/internal/apps/admin/logs/routers.go:390.38,396.3 2 0
github.com/Rain-kl/Wavelet/internal/apps/admin/logs/routers.go:398.2,398.22 1 0
github.com/Rain-kl/Wavelet/internal/apps/admin/logs/routers.go:398.22,404.24 3 0
github.com/Rain-kl/Wavelet/internal/apps/admin/logs/routers.go:404.24,405.28 1 0
github.com/Rain-kl/Wavelet/internal/apps/admin/logs/routers.go:405.28,413.5 1 0
github.com/Rain-kl/Wavelet/internal/apps/admin/logs/routers.go:415.3,415.27 1 0
github.com/Rain-kl/Wavelet/internal/apps/admin/logs/routers.go:415.27,416.61 1 0
github.com/Rain-kl/Wavelet/internal/apps/admin/logs/routers.go:416.61,419.5 2 0
github.com/Rain-kl/Wavelet/internal/apps/admin/logs/routers.go:423.2,427.5 1 0
github.com/Rain-kl/Wavelet/internal/apps/admin/logs/tasks.go:57.78,59.52 2 0
github.com/Rain-kl/Wavelet/internal/apps/admin/logs/tasks.go:59.52,61.3 1 0
github.com/Rain-kl/Wavelet/internal/apps/admin/logs/tasks.go:62.2,63.28 2 0
github.com/Rain-kl/Wavelet/internal/apps/admin/logs/tasks.go:63.28,65.3 1 0
github.com/Rain-kl/Wavelet/internal/apps/admin/logs/tasks.go:66.2,67.16 2 0
github.com/Rain-kl/Wavelet/internal/apps/admin/logs/tasks.go:67.16,69.3 1 0
github.com/Rain-kl/Wavelet/internal/apps/admin/logs/tasks.go:70.2,70.17 1 0
github.com/Rain-kl/Wavelet/internal/apps/admin/logs/tasks.go:73.39,74.11 1 0
github.com/Rain-kl/Wavelet/internal/apps/admin/logs/tasks.go:75.36,76.24 1 0
github.com/Rain-kl/Wavelet/internal/apps/admin/logs/tasks.go:77.31,78.22 1 0
github.com/Rain-kl/Wavelet/internal/apps/admin/logs/tasks.go:79.30,80.26 1 0
github.com/Rain-kl/Wavelet/internal/apps/admin/logs/tasks.go:82.2,82.10 1 0
github.com/Rain-kl/Wavelet/internal/apps/admin/logs/tasks.go:85.33,87.2 1 0
github.com/Rain-kl/Wavelet/internal/apps/admin/logs/tasks.go:90.101,92.52 2 0
github.com/Rain-kl/Wavelet/internal/apps/admin/logs/tasks.go:92.52,94.3 1 0
github.com/Rain-kl/Wavelet/internal/apps/admin/logs/tasks.go:95.2,96.54 2 0
github.com/Rain-kl/Wavelet/internal/apps/admin/logs/tasks.go:96.54,98.3 1 0
github.com/Rain-kl/Wavelet/internal/apps/admin/logs/tasks.go:100.2,101.16 2 0
github.com/Rain-kl/Wavelet/internal/apps/admin/logs/tasks.go:101.16,104.3 2 0
github.com/Rain-kl/Wavelet/internal/apps/admin/logs/tasks.go:105.2,107.59 2 0
github.com/Rain-kl/Wavelet/internal/apps/admin/logs/tasks.go:107.59,109.3 1 0
github.com/Rain-kl/Wavelet/internal/apps/admin/logs/tasks.go:110.2,110.15 1 0
github.com/Rain-kl/Wavelet/internal/apps/admin/logs/tasks.go:110.15,111.51 1 0
github.com/Rain-kl/Wavelet/internal/apps/admin/logs/tasks.go:111.51,113.4 1 0
github.com/Rain-kl/Wavelet/internal/apps/admin/logs/tasks.go:116.2,116.48 1 0
github.com/Rain-kl/Wavelet/internal/apps/admin/logs/tasks.go:116.48,118.3 1 0
github.com/Rain-kl/Wavelet/internal/apps/admin/logs/tasks.go:120.2,121.16 2 0
github.com/Rain-kl/Wavelet/internal/apps/admin/logs/tasks.go:121.16,123.3 1 0
github.com/Rain-kl/Wavelet/internal/apps/admin/logs/tasks.go:124.2,125.16 2 0
github.com/Rain-kl/Wavelet/internal/apps/admin/logs/tasks.go:125.16,127.3 1 0
github.com/Rain-kl/Wavelet/internal/apps/admin/logs/tasks.go:129.2,129.61 1 0
github.com/Rain-kl/Wavelet/internal/apps/admin/logs/tasks.go:129.61,131.3 1 0
github.com/Rain-kl/Wavelet/internal/apps/admin/logs/tasks.go:132.2,133.16 2 0
github.com/Rain-kl/Wavelet/internal/apps/admin/logs/tasks.go:133.16,135.3 1 0
github.com/Rain-kl/Wavelet/internal/apps/admin/logs/tasks.go:136.2,136.36 1 0
github.com/Rain-kl/Wavelet/internal/apps/admin/logs/tasks.go:136.36,137.76 1 0
github.com/Rain-kl/Wavelet/internal/apps/admin/logs/tasks.go:137.76,139.4 1 0
github.com/Rain-kl/Wavelet/internal/apps/admin/logs/tasks.go:142.2,142.58 1 0
github.com/Rain-kl/Wavelet/internal/apps/admin/logs/tasks.go:142.58,144.3 1 0
github.com/Rain-kl/Wavelet/internal/apps/admin/logs/tasks.go:145.2,145.55 1 0
github.com/Rain-kl/Wavelet/internal/apps/admin/logs/tasks.go:145.55,147.3 1 0
github.com/Rain-kl/Wavelet/internal/apps/admin/logs/tasks.go:148.2,150.111 3 0
github.com/Rain-kl/Wavelet/internal/apps/admin/logs/tasks.go:153.63,155.16 2 0
github.com/Rain-kl/Wavelet/internal/apps/admin/logs/tasks.go:155.16,157.3 1 0
github.com/Rain-kl/Wavelet/internal/apps/admin/logs/tasks.go:158.2,158.22 1 0
github.com/Rain-kl/Wavelet/internal/apps/admin/logs/tasks.go:158.22,160.3 1 0
github.com/Rain-kl/Wavelet/internal/apps/admin/logs/tasks.go:161.2,161.16 1 0
github.com/Rain-kl/Wavelet/internal/apps/admin/logs/tasks.go:162.24,163.40 1 0
github.com/Rain-kl/Wavelet/internal/apps/admin/logs/tasks.go:163.40,165.4 1 0
github.com/Rain-kl/Wavelet/internal/apps/admin/logs/tasks.go:166.22,167.38 1 0
github.com/Rain-kl/Wavelet/internal/apps/admin/logs/tasks.go:167.38,169.4 1 0
github.com/Rain-kl/Wavelet/internal/apps/admin/logs/tasks.go:170.20,171.37 1 0
github.com/Rain-kl/Wavelet/internal/apps/admin/logs/tasks.go:171.37,173.4 1 0
github.com/Rain-kl/Wavelet/internal/apps/admin/logs/tasks.go:175.2,175.12 1 0
github.com/Rain-kl/Wavelet/internal/apps/admin/logs/tasks.go:178.62,180.16 2 0
github.com/Rain-kl/Wavelet/internal/apps/admin/logs/tasks.go:180.16,182.3 1 0
github.com/Rain-kl/Wavelet/internal/apps/admin/logs/tasks.go:183.2,183.21 1 0
github.com/Rain-kl/Wavelet/internal/apps/admin/logs/tasks.go:183.21,185.3 1 0
github.com/Rain-kl/Wavelet/internal/apps/admin/logs/tasks.go:186.2,186.23 1 0
github.com/Rain-kl/Wavelet/internal/apps/admin/logs/tasks.go:189.60,191.2 1 0
github.com/Rain-kl/Wavelet/internal/apps/admin/logs/tasks.go:193.64,195.2 1 0
github.com/Rain-kl/Wavelet/internal/apps/admin/logs/tasks.go:197.78,200.6 3 0
github.com/Rain-kl/Wavelet/internal/apps/admin/logs/tasks.go:200.6,202.17 2 0
github.com/Rain-kl/Wavelet/internal/apps/admin/logs/tasks.go:202.17,204.4 1 0
github.com/Rain-kl/Wavelet/internal/apps/admin/logs/tasks.go:205.3,205.21 1 0
github.com/Rain-kl/Wavelet/internal/apps/admin/logs/tasks.go:205.21,206.9 1 0
github.com/Rain-kl/Wavelet/internal/apps/admin/logs/tasks.go:208.3,208.67 1 0
github.com/Rain-kl/Wavelet/internal/apps/admin/logs/tasks.go:208.67,210.4 1 0
github.com/Rain-kl/Wavelet/internal/apps/admin/logs/tasks.go:211.3,214.32 4 0
github.com/Rain-kl/Wavelet/internal/apps/admin/logs/tasks.go:214.32,215.9 1 0
github.com/Rain-kl/Wavelet/internal/apps/admin/logs/tasks.go:218.2,218.12 1 0
github.com/Rain-kl/Wavelet/internal/apps/admin/logs/utils.go:20.40,22.43 1 1
github.com/Rain-kl/Wavelet/internal/apps/admin/logs/utils.go:22.43,24.20 2 7
github.com/Rain-kl/Wavelet/internal/apps/admin/logs/utils.go:24.20,26.5 1 1
github.com/Rain-kl/Wavelet/internal/apps/admin/logs/utils.go:29.4,30.55 2 6
github.com/Rain-kl/Wavelet/internal/apps/admin/logs/utils.go:30.55,32.5 1 2
github.com/Rain-kl/Wavelet/internal/apps/admin/logs/utils.go:35.4,36.115 2 4
github.com/Rain-kl/Wavelet/internal/apps/admin/logs/utils.go:36.115,39.44 3 4
github.com/Rain-kl/Wavelet/internal/apps/admin/logs/utils.go:39.44,41.68 2 4
github.com/Rain-kl/Wavelet/internal/apps/admin/logs/utils.go:41.68,43.7 1 2
github.com/Rain-kl/Wavelet/internal/apps/admin/logs/utils.go:46.4,46.16 1 2
github.com/Rain-kl/Wavelet/internal/apps/admin/logs/utils.go:52.60,53.13 1 0
github.com/Rain-kl/Wavelet/internal/apps/admin/logs/utils.go:53.13,56.3 2 0
github.com/Rain-kl/Wavelet/internal/apps/admin/logs/utils.go:57.2,58.25 2 0
github.com/Rain-kl/Wavelet/internal/apps/admin/logs/utils.go:58.25,60.3 1 0
github.com/Rain-kl/Wavelet/internal/apps/admin/logs/utils.go:61.2,62.18 2 0
github.com/Rain-kl/Wavelet/internal/apps/admin/auth_source/routers.go:51.38,53.16 2 1
github.com/Rain-kl/Wavelet/internal/apps/admin/auth_source/routers.go:53.16,56.3 2 0
github.com/Rain-kl/Wavelet/internal/apps/admin/auth_source/routers.go:57.2,57.45 1 1
github.com/Rain-kl/Wavelet/internal/apps/admin/auth_source/routers.go:73.39,75.47 2 2
github.com/Rain-kl/Wavelet/internal/apps/admin/auth_source/routers.go:75.47,78.3 2 0
github.com/Rain-kl/Wavelet/internal/apps/admin/auth_source/routers.go:80.2,91.82 2 2
github.com/Rain-kl/Wavelet/internal/apps/admin/auth_source/routers.go:91.82,94.3 2 1
github.com/Rain-kl/Wavelet/internal/apps/admin/auth_source/routers.go:95.2,97.44 3 1
github.com/Rain-kl/Wavelet/internal/apps/admin/auth_source/routers.go:115.39,117.16 2 2
github.com/Rain-kl/Wavelet/internal/apps/admin/auth_source/routers.go:117.16,120.3 2 0
github.com/Rain-kl/Wavelet/internal/apps/admin/auth_source/routers.go:122.2,123.47 2 2
github.com/Rain-kl/Wavelet/internal/apps/admin/auth_source/routers.go:123.47,126.3 2 0
github.com/Rain-kl/Wavelet/internal/apps/admin/auth_source/routers.go:129.2,144.94 4 2
github.com/Rain-kl/Wavelet/internal/apps/admin/auth_source/routers.go:144.94,147.3 2 0
github.com/Rain-kl/Wavelet/internal/apps/admin/auth_source/routers.go:151.2,151.21 1 2
github.com/Rain-kl/Wavelet/internal/apps/admin/auth_source/routers.go:151.21,153.3 1 2
github.com/Rain-kl/Wavelet/internal/apps/admin/auth_source/routers.go:154.2,158.16 4 2
github.com/Rain-kl/Wavelet/internal/apps/admin/auth_source/routers.go:158.16,161.3 2 0
github.com/Rain-kl/Wavelet/internal/apps/admin/auth_source/routers.go:162.2,163.45 2 2
github.com/Rain-kl/Wavelet/internal/apps/admin/auth_source/routers.go:180.39,182.16 2 2
github.com/Rain-kl/Wavelet/internal/apps/admin/auth_source/routers.go:182.16,185.3 2 0
github.com/Rain-kl/Wavelet/internal/apps/admin/auth_source/routers.go:187.2,188.47 2 2
github.com/Rain-kl/Wavelet/internal/apps/admin/auth_source/routers.go:188.47,191.3 2 0
github.com/Rain-kl/Wavelet/internal/apps/admin/auth_source/routers.go:193.2,193.91 1 2
github.com/Rain-kl/Wavelet/internal/apps/admin/auth_source/routers.go:193.91,196.3 2 1
github.com/Rain-kl/Wavelet/internal/apps/admin/auth_source/routers.go:197.2,198.41 2 1
github.com/Rain-kl/Wavelet/internal/apps/admin/auth_source/routers.go:213.39,215.16 2 1
github.com/Rain-kl/Wavelet/internal/apps/admin/auth_source/routers.go:215.16,218.3 2 0
github.com/Rain-kl/Wavelet/internal/apps/admin/auth_source/routers.go:219.2,219.77 1 1
github.com/Rain-kl/Wavelet/internal/apps/admin/auth_source/routers.go:219.77,222.3 2 0
github.com/Rain-kl/Wavelet/internal/apps/admin/auth_source/routers.go:223.2,224.41 2 1
github.com/Rain-kl/Wavelet/internal/apps/admin/auth_source/routers.go:227.52,229.15 2 5
github.com/Rain-kl/Wavelet/internal/apps/admin/auth_source/routers.go:229.15,231.3 1 0
github.com/Rain-kl/Wavelet/internal/apps/admin/auth_source/routers.go:232.2,233.16 2 5
github.com/Rain-kl/Wavelet/internal/apps/admin/auth_source/routers.go:233.16,235.3 1 1
github.com/Rain-kl/Wavelet/internal/apps/admin/auth_source/routers.go:236.2,237.73 2 4
github.com/Rain-kl/Wavelet/internal/apps/admin/auth_source/routers.go:237.73,239.3 1 0
github.com/Rain-kl/Wavelet/internal/apps/admin/auth_source/routers.go:240.2,240.16 1 4
github.com/Rain-kl/Wavelet/internal/apps/admin/auth_source/routers.go:245.50,250.2 4 4
github.com/Rain-kl/Wavelet/internal/apps/admin/message_gateway/handlers.go:22.45,24.2 1 0
github.com/Rain-kl/Wavelet/internal/apps/admin/message_gateway/handlers.go:34.35,36.16 2 0
github.com/Rain-kl/Wavelet/internal/apps/admin/message_gateway/handlers.go:36.16,39.3 2 0
github.com/Rain-kl/Wavelet/internal/apps/admin/message_gateway/handlers.go:40.2,40.42 1 0
github.com/Rain-kl/Wavelet/internal/apps/admin/message_gateway/handlers.go:54.36,56.47 2 0
github.com/Rain-kl/Wavelet/internal/apps/admin/message_gateway/handlers.go:56.47,59.3 2 0
github.com/Rain-kl/Wavelet/internal/apps/admin/message_gateway/handlers.go:60.2,61.16 2 0
github.com/Rain-kl/Wavelet/internal/apps/admin/message_gateway/handlers.go:61.16,64.3 2 0
github.com/Rain-kl/Wavelet/internal/apps/admin/message_gateway/handlers.go:65.2,65.41 1 0
github.com/Rain-kl/Wavelet/internal/apps/admin/message_gateway/handlers.go:81.36,83.16 2 0
github.com/Rain-kl/Wavelet/internal/apps/admin/message_gateway/handlers.go:83.16,86.3 2 0
github.com/Rain-kl/Wavelet/internal/apps/admin/message_gateway/handlers.go:87.2,88.47 2 0
github.com/Rain-kl/Wavelet/internal/apps/admin/message_gateway/handlers.go:88.47,91.3 2 0
github.com/Rain-kl/Wavelet/internal/apps/admin/message_gateway/handlers.go:92.2,93.16 2 0
github.com/Rain-kl/Wavelet/internal/apps/admin/message_gateway/handlers.go:93.16,94.40 1 0
github.com/Rain-kl/Wavelet/internal/apps/admin/message_gateway/handlers.go:94.40,97.4 2 0
github.com/Rain-kl/Wavelet/internal/apps/admin/message_gateway/handlers.go:98.3,99.9 2 0
github.com/Rain-kl/Wavelet/internal/apps/admin/message_gateway/handlers.go:101.2,101.41 1 0
github.com/Rain-kl/Wavelet/internal/apps/admin/message_gateway/handlers.go:114.36,116.16 2 0
github.com/Rain-kl/Wavelet/internal/apps/admin/message_gateway/handlers.go:116.16,119.3 2 0
github.com/Rain-kl/Wavelet/internal/apps/admin/message_gateway/handlers.go:120.2,120.63 1 0
github.com/Rain-kl/Wavelet/internal/apps/admin/message_gateway/handlers.go:120.63,121.40 1 0
github.com/Rain-kl/Wavelet/internal/apps/admin/message_gateway/handlers.go:121.40,124.4 2 0
github.com/Rain-kl/Wavelet/internal/apps/admin/message_gateway/handlers.go:125.3,126.9 2 0
github.com/Rain-kl/Wavelet/internal/apps/admin/message_gateway/handlers.go:128.2,128.41 1 0
github.com/Rain-kl/Wavelet/internal/apps/admin/message_gateway/handlers.go:142.34,144.16 2 0
github.com/Rain-kl/Wavelet/internal/apps/admin/message_gateway/handlers.go:144.16,147.3 2 0
github.com/Rain-kl/Wavelet/internal/apps/admin/message_gateway/handlers.go:148.2,148.62 1 0
github.com/Rain-kl/Wavelet/internal/apps/admin/message_gateway/handlers.go:148.62,149.40 1 0
github.com/Rain-kl/Wavelet/internal/apps/admin/message_gateway/handlers.go:149.40,152.4 2 0
github.com/Rain-kl/Wavelet/internal/apps/admin/message_gateway/handlers.go:153.3,154.9 2 0
github.com/Rain-kl/Wavelet/internal/apps/admin/message_gateway/handlers.go:156.2,156.41 1 0
github.com/Rain-kl/Wavelet/internal/apps/admin/message_gateway/logics.go:80.40,100.2 1 0
github.com/Rain-kl/Wavelet/internal/apps/admin/message_gateway/logics.go:102.87,104.16 2 3
github.com/Rain-kl/Wavelet/internal/apps/admin/message_gateway/logics.go:104.16,106.3 1 0
github.com/Rain-kl/Wavelet/internal/apps/admin/message_gateway/logics.go:107.2,109.16 3 3
github.com/Rain-kl/Wavelet/internal/apps/admin/message_gateway/logics.go:109.16,111.3 1 1
github.com/Rain-kl/Wavelet/internal/apps/admin/message_gateway/logics.go:112.2,113.16 2 2
github.com/Rain-kl/Wavelet/internal/apps/admin/message_gateway/logics.go:113.16,115.3 1 0
github.com/Rain-kl/Wavelet/internal/apps/admin/message_gateway/logics.go:116.2,117.24 2 2
github.com/Rain-kl/Wavelet/internal/apps/admin/message_gateway/logics.go:117.24,119.3 1 0
github.com/Rain-kl/Wavelet/internal/apps/admin/message_gateway/logics.go:120.2,128.66 2 2
github.com/Rain-kl/Wavelet/internal/apps/admin/message_gateway/logics.go:128.66,130.3 1 0
github.com/Rain-kl/Wavelet/internal/apps/admin/message_gateway/logics.go:131.2,131.38 1 2
github.com/Rain-kl/Wavelet/internal/apps/admin/message_gateway/logics.go:134.98,136.16 2 1
github.com/Rain-kl/Wavelet/internal/apps/admin/message_gateway/logics.go:136.16,137.45 1 0
github.com/Rain-kl/Wavelet/internal/apps/admin/message_gateway/logics.go:137.45,139.4 1 0
github.com/Rain-kl/Wavelet/internal/apps/admin/message_gateway/logics.go:140.3,140.27 1 0
github.com/Rain-kl/Wavelet/internal/apps/admin/message_gateway/logics.go:142.2,143.16 2 1
github.com/Rain-kl/Wavelet/internal/apps/admin/message_gateway/logics.go:143.16,145.3 1 0
github.com/Rain-kl/Wavelet/internal/apps/admin/message_gateway/logics.go:146.2,147.21 2 1
github.com/Rain-kl/Wavelet/internal/apps/admin/message_gateway/logics.go:147.21,149.17 2 1
github.com/Rain-kl/Wavelet/internal/apps/admin/message_gateway/logics.go:149.17,151.4 1 0
github.com/Rain-kl/Wavelet/internal/apps/admin/message_gateway/logics.go:152.3,152.18 1 1
github.com/Rain-kl/Wavelet/internal/apps/admin/message_gateway/logics.go:154.2,154.24 1 1
github.com/Rain-kl/Wavelet/internal/apps/admin/message_gateway/logics.go:154.24,156.3 1 0
github.com/Rain-kl/Wavelet/internal/apps/admin/message_gateway/logics.go:157.2,157.59 1 1
github.com/Rain-kl/Wavelet/internal/apps/admin/message_gateway/logics.go:157.59,159.3 1 0
github.com/Rain-kl/Wavelet/internal/apps/admin/message_gateway/logics.go:160.2,160.56 1 1
github.com/Rain-kl/Wavelet/internal/apps/admin/message_gateway/logics.go:160.56,162.3 1 0
github.com/Rain-kl/Wavelet/internal/apps/admin/message_gateway/logics.go:163.2,163.62 1 1
github.com/Rain-kl/Wavelet/internal/apps/admin/message_gateway/logics.go:163.62,165.3 1 0
github.com/Rain-kl/Wavelet/internal/apps/admin/message_gateway/logics.go:166.2,166.24 1 1
github.com/Rain-kl/Wavelet/internal/apps/admin/message_gateway/logics.go:166.24,168.3 1 0
github.com/Rain-kl/Wavelet/internal/apps/admin/message_gateway/logics.go:169.2,169.27 1 1
github.com/Rain-kl/Wavelet/internal/apps/admin/message_gateway/logics.go:169.27,171.3 1 0
github.com/Rain-kl/Wavelet/internal/apps/admin/message_gateway/logics.go:172.2,172.24 1 1
github.com/Rain-kl/Wavelet/internal/apps/admin/message_gateway/logics.go:172.24,174.3 1 0
github.com/Rain-kl/Wavelet/internal/apps/admin/message_gateway/logics.go:175.2,175.61 1 1
github.com/Rain-kl/Wavelet/internal/apps/admin/message_gateway/logics.go:175.61,177.3 1 0
github.com/Rain-kl/Wavelet/internal/apps/admin/message_gateway/logics.go:178.2,179.16 2 1
github.com/Rain-kl/Wavelet/internal/apps/admin/message_gateway/logics.go:179.16,181.3 1 0
github.com/Rain-kl/Wavelet/internal/apps/admin/message_gateway/logics.go:182.2,184.66 3 1
github.com/Rain-kl/Wavelet/internal/apps/admin/message_gateway/logics.go:184.66,186.3 1 0
github.com/Rain-kl/Wavelet/internal/apps/admin/message_gateway/logics.go:187.2,187.38 1 1
github.com/Rain-kl/Wavelet/internal/apps/admin/message_gateway/logics.go:190.62,192.16 2 0
github.com/Rain-kl/Wavelet/internal/apps/admin/message_gateway/logics.go:192.16,194.3 1 0
github.com/Rain-kl/Wavelet/internal/apps/admin/message_gateway/logics.go:195.2,196.22 2 0
github.com/Rain-kl/Wavelet/internal/apps/admin/message_gateway/logics.go:196.22,198.17 2 0
github.com/Rain-kl/Wavelet/internal/apps/admin/message_gateway/logics.go:198.17,200.4 1 0
github.com/Rain-kl/Wavelet/internal/apps/admin/message_gateway/logics.go:201.3,201.77 1 0
github.com/Rain-kl/Wavelet/internal/apps/admin/message_gateway/logics.go:203.2,203.17 1 0
github.com/Rain-kl/Wavelet/internal/apps/admin/message_gateway/logics.go:206.58,207.65 1 0
github.com/Rain-kl/Wavelet/internal/apps/admin/message_gateway/logics.go:207.65,208.45 1 0
github.com/Rain-kl/Wavelet/internal/apps/admin/message_gateway/logics.go:208.45,210.4 1 0
github.com/Rain-kl/Wavelet/internal/apps/admin/message_gateway/logics.go:211.3,211.13 1 0
github.com/Rain-kl/Wavelet/internal/apps/admin/message_gateway/logics.go:213.2,213.49 1 0
github.com/Rain-kl/Wavelet/internal/apps/admin/message_gateway/logics.go:216.57,218.16 2 0
github.com/Rain-kl/Wavelet/internal/apps/admin/message_gateway/logics.go:218.16,219.45 1 0
github.com/Rain-kl/Wavelet/internal/apps/admin/message_gateway/logics.go:219.45,221.4 1 0
github.com/Rain-kl/Wavelet/internal/apps/admin/message_gateway/logics.go:222.3,222.13 1 0
github.com/Rain-kl/Wavelet/internal/apps/admin/message_gateway/logics.go:224.2,225.16 2 0
github.com/Rain-kl/Wavelet/internal/apps/admin/message_gateway/logics.go:225.16,227.3 1 0
github.com/Rain-kl/Wavelet/internal/apps/admin/message_gateway/logics.go:228.2,229.70 2 0
github.com/Rain-kl/Wavelet/internal/apps/admin/message_gateway/logics.go:229.70,231.3 1 0
github.com/Rain-kl/Wavelet/internal/apps/admin/message_gateway/logics.go:232.2,232.12 1 0
github.com/Rain-kl/Wavelet/internal/apps/admin/message_gateway/logics.go:235.100,239.13 4 3
github.com/Rain-kl/Wavelet/internal/apps/admin/message_gateway/logics.go:240.40,242.57 2 3
github.com/Rain-kl/Wavelet/internal/apps/admin/message_gateway/logics.go:242.57,244.4 1 0
github.com/Rain-kl/Wavelet/internal/apps/admin/message_gateway/logics.go:245.34,248.60 3 0
github.com/Rain-kl/Wavelet/internal/apps/admin/message_gateway/logics.go:248.60,250.4 1 0
github.com/Rain-kl/Wavelet/internal/apps/admin/message_gateway/logics.go:250.9,252.4 1 0
github.com/Rain-kl/Wavelet/internal/apps/admin/message_gateway/logics.go:253.3,253.63 1 0
github.com/Rain-kl/Wavelet/internal/apps/admin/message_gateway/logics.go:253.63,255.4 1 0
github.com/Rain-kl/Wavelet/internal/apps/admin/message_gateway/logics.go:256.10,257.46 1 0
github.com/Rain-kl/Wavelet/internal/apps/admin/message_gateway/logics.go:259.2,259.56 1 3
github.com/Rain-kl/Wavelet/internal/apps/admin/message_gateway/logics.go:259.56,261.3 1 1
github.com/Rain-kl/Wavelet/internal/apps/admin/message_gateway/logics.go:262.2,262.26 1 2
github.com/Rain-kl/Wavelet/internal/apps/admin/message_gateway/logics.go:265.69,266.13 1 4
github.com/Rain-kl/Wavelet/internal/apps/admin/message_gateway/logics.go:267.40,268.50 1 4
github.com/Rain-kl/Wavelet/internal/apps/admin/message_gateway/logics.go:268.50,270.4 1 1
github.com/Rain-kl/Wavelet/internal/apps/admin/message_gateway/logics.go:271.34,272.95 1 0
github.com/Rain-kl/Wavelet/internal/apps/admin/message_gateway/logics.go:272.95,274.4 1 0
github.com/Rain-kl/Wavelet/internal/apps/admin/message_gateway/logics.go:275.10,276.36 1 0
github.com/Rain-kl/Wavelet/internal/apps/admin/message_gateway/logics.go:278.2,278.12 1 3
github.com/Rain-kl/Wavelet/internal/apps/admin/message_gateway/logics.go:281.82,291.49 2 3
github.com/Rain-kl/Wavelet/internal/apps/admin/message_gateway/logics.go:291.49,293.3 1 3
github.com/Rain-kl/Wavelet/internal/apps/admin/message_gateway/logics.go:294.2,294.56 1 3
github.com/Rain-kl/Wavelet/internal/apps/admin/message_gateway/logics.go:294.56,296.3 1 0
github.com/Rain-kl/Wavelet/internal/apps/admin/message_gateway/logics.go:297.2,297.50 1 3
github.com/Rain-kl/Wavelet/internal/apps/admin/message_gateway/logics.go:297.50,299.3 1 0
github.com/Rain-kl/Wavelet/internal/apps/admin/message_gateway/logics.go:300.2,302.12 3 3
github.com/Rain-kl/Wavelet/internal/apps/admin/message_gateway/logics.go:305.94,306.13 1 0
github.com/Rain-kl/Wavelet/internal/apps/admin/message_gateway/logics.go:307.40,309.17 2 0
github.com/Rain-kl/Wavelet/internal/apps/admin/message_gateway/logics.go:309.17,311.4 1 0
github.com/Rain-kl/Wavelet/internal/apps/admin/message_gateway/logics.go:312.3,314.17 3 0
github.com/Rain-kl/Wavelet/internal/apps/admin/message_gateway/logics.go:314.17,316.4 1 0
github.com/Rain-kl/Wavelet/internal/apps/admin/message_gateway/logics.go:317.3,318.17 2 0
github.com/Rain-kl/Wavelet/internal/apps/admin/message_gateway/logics.go:318.17,320.4 1 0
github.com/Rain-kl/Wavelet/internal/apps/admin/message_gateway/logics.go:321.3,321.16 1 0
github.com/Rain-kl/Wavelet/internal/apps/admin/message_gateway/logics.go:321.16,321.41 1 0
github.com/Rain-kl/Wavelet/internal/apps/admin/message_gateway/logics.go:322.3,324.39 3 0
github.com/Rain-kl/Wavelet/internal/apps/admin/message_gateway/logics.go:324.39,326.4 1 0
github.com/Rain-kl/Wavelet/internal/apps/admin/message_gateway/logics.go:327.3,330.55 2 0
github.com/Rain-kl/Wavelet/internal/apps/admin/message_gateway/logics.go:330.55,332.4 1 0
github.com/Rain-kl/Wavelet/internal/apps/admin/message_gateway/logics.go:333.3,333.17 1 0
github.com/Rain-kl/Wavelet/internal/apps/admin/message_gateway/logics.go:333.17,335.4 1 0
github.com/Rain-kl/Wavelet/internal/apps/admin/message_gateway/logics.go:336.3,336.13 1 0
github.com/Rain-kl/Wavelet/internal/apps/admin/message_gateway/logics.go:337.34,343.13 3 0
github.com/Rain-kl/Wavelet/internal/apps/admin/message_gateway/logics.go:344.10,345.36 1 0
github.com/Rain-kl/Wavelet/internal/apps/admin/message_gateway/routers.go:10.51,12.2 2 0
github.com/Rain-kl/Wavelet/internal/apps/admin/message_gateway/routers.go:12.2,19.3 6 0
github.com/Rain-kl/Wavelet/internal/apps/admin/push/custom_events/admin_login.go:27.74,28.23 1 2
github.com/Rain-kl/Wavelet/internal/apps/admin/push/custom_events/admin_login.go:28.23,30.3 1 0
github.com/Rain-kl/Wavelet/internal/apps/admin/push/custom_events/admin_login.go:32.2,37.52 2 2
github.com/Rain-kl/Wavelet/internal/apps/admin/push/custom_events/register.go:14.17,17.2 2 1
github.com/Rain-kl/Wavelet/internal/apps/admin/system_config/logics.go:20.44,22.2 1 16
github.com/Rain-kl/Wavelet/internal/apps/admin/system_config/logics.go:24.83,25.35 1 2
github.com/Rain-kl/Wavelet/internal/apps/admin/system_config/logics.go:25.35,27.3 1 0
github.com/Rain-kl/Wavelet/internal/apps/admin/system_config/logics.go:28.2,29.16 2 2
github.com/Rain-kl/Wavelet/internal/apps/admin/system_config/logics.go:29.16,31.3 1 0
github.com/Rain-kl/Wavelet/internal/apps/admin/system_config/logics.go:32.2,32.12 1 2
github.com/Rain-kl/Wavelet/internal/apps/admin/system_config/logics.go:32.12,34.3 1 1
github.com/Rain-kl/Wavelet/internal/apps/admin/system_config/logics.go:36.2,43.68 2 1
github.com/Rain-kl/Wavelet/internal/apps/admin/system_config/logics.go:43.68,45.3 1 0
github.com/Rain-kl/Wavelet/internal/apps/admin/system_config/logics.go:47.2,48.76 2 1
github.com/Rain-kl/Wavelet/internal/apps/admin/system_config/logics.go:48.76,50.3 1 0
github.com/Rain-kl/Wavelet/internal/apps/admin/system_config/logics.go:51.2,51.12 1 1
github.com/Rain-kl/Wavelet/internal/apps/admin/system_config/logics.go:54.94,56.2 1 2
github.com/Rain-kl/Wavelet/internal/apps/admin/system_config/logics.go:58.83,60.2 1 2
github.com/Rain-kl/Wavelet/internal/apps/admin/system_config/logics.go:62.95,63.31 1 6
github.com/Rain-kl/Wavelet/internal/apps/admin/system_config/logics.go:63.31,65.3 1 0
github.com/Rain-kl/Wavelet/internal/apps/admin/system_config/logics.go:66.2,67.16 2 6
github.com/Rain-kl/Wavelet/internal/apps/admin/system_config/logics.go:67.16,69.3 1 1
github.com/Rain-kl/Wavelet/internal/apps/admin/system_config/logics.go:71.2,72.41 2 5
github.com/Rain-kl/Wavelet/internal/apps/admin/system_config/logics.go:72.41,74.75 2 4
github.com/Rain-kl/Wavelet/internal/apps/admin/system_config/logics.go:74.75,76.4 1 4
github.com/Rain-kl/Wavelet/internal/apps/admin/system_config/logics.go:78.3,79.17 2 4
github.com/Rain-kl/Wavelet/internal/apps/admin/system_config/logics.go:79.17,81.4 1 2
github.com/Rain-kl/Wavelet/internal/apps/admin/system_config/logics.go:82.3,82.27 1 2
github.com/Rain-kl/Wavelet/internal/apps/admin/system_config/logics.go:85.2,85.59 1 3
github.com/Rain-kl/Wavelet/internal/apps/admin/system_config/logics.go:85.59,89.28 2 3
github.com/Rain-kl/Wavelet/internal/apps/admin/system_config/logics.go:89.28,92.4 2 1
github.com/Rain-kl/Wavelet/internal/apps/admin/system_config/logics.go:93.3,93.75 1 3
github.com/Rain-kl/Wavelet/internal/apps/admin/system_config/logics.go:93.75,96.4 2 3
github.com/Rain-kl/Wavelet/internal/apps/admin/system_config/logics.go:97.3,97.66 1 3
github.com/Rain-kl/Wavelet/internal/apps/admin/system_config/logics.go:97.66,99.4 1 0
github.com/Rain-kl/Wavelet/internal/apps/admin/system_config/logics.go:100.3,101.13 2 3
github.com/Rain-kl/Wavelet/internal/apps/admin/system_config/logics.go:102.17,104.3 1 0
github.com/Rain-kl/Wavelet/internal/apps/admin/system_config/logics.go:106.2,107.12 2 3
github.com/Rain-kl/Wavelet/internal/apps/admin/system_config/logics.go:116.3,117.65 1 3
github.com/Rain-kl/Wavelet/internal/apps/admin/system_config/logics.go:117.65,119.3 1 1
github.com/Rain-kl/Wavelet/internal/apps/admin/system_config/logics.go:121.2,122.66 2 2
github.com/Rain-kl/Wavelet/internal/apps/admin/system_config/logics.go:122.66,124.3 1 0
github.com/Rain-kl/Wavelet/internal/apps/admin/system_config/logics.go:125.2,125.37 1 2
github.com/Rain-kl/Wavelet/internal/apps/admin/system_config/logics.go:125.37,127.3 1 1
github.com/Rain-kl/Wavelet/internal/apps/admin/system_config/logics.go:129.2,134.16 1 1
github.com/Rain-kl/Wavelet/internal/apps/admin/system_config/logics.go:134.16,136.3 1 0
github.com/Rain-kl/Wavelet/internal/apps/admin/system_config/routers.go:61.41,63.47 2 2
github.com/Rain-kl/Wavelet/internal/apps/admin/system_config/routers.go:63.47,66.3 2 0
github.com/Rain-kl/Wavelet/internal/apps/admin/system_config/routers.go:67.2,67.35 1 2
github.com/Rain-kl/Wavelet/internal/apps/admin/system_config/routers.go:67.35,70.3 2 0
github.com/Rain-kl/Wavelet/internal/apps/admin/system_config/routers.go:72.2,72.69 1 2
github.com/Rain-kl/Wavelet/internal/apps/admin/system_config/routers.go:72.69,73.37 1 1
github.com/Rain-kl/Wavelet/internal/apps/admin/system_config/routers.go:73.37,76.4 2 1
github.com/Rain-kl/Wavelet/internal/apps/admin/system_config/routers.go:77.3,78.9 2 0
github.com/Rain-kl/Wavelet/internal/apps/admin/system_config/routers.go:81.2,81.41 1 1
github.com/Rain-kl/Wavelet/internal/apps/admin/system_config/routers.go:96.40,98.16 2 2
github.com/Rain-kl/Wavelet/internal/apps/admin/system_config/routers.go:98.16,101.3 2 0
github.com/Rain-kl/Wavelet/internal/apps/admin/system_config/routers.go:103.2,103.25 1 2
github.com/Rain-kl/Wavelet/internal/apps/admin/system_config/routers.go:103.25,105.3 1 39
github.com/Rain-kl/Wavelet/internal/apps/admin/system_config/routers.go:107.2,107.45 1 2
github.com/Rain-kl/Wavelet/internal/apps/admin/system_config/routers.go:123.38,125.16 2 2
github.com/Rain-kl/Wavelet/internal/apps/admin/system_config/routers.go:125.16,126.45 1 1
github.com/Rain-kl/Wavelet/internal/apps/admin/system_config/routers.go:126.45,128.4 1 1
github.com/Rain-kl/Wavelet/internal/apps/admin/system_config/routers.go:128.9,130.4 1 0
github.com/Rain-kl/Wavelet/internal/apps/admin/system_config/routers.go:131.3,131.9 1 1
github.com/Rain-kl/Wavelet/internal/apps/admin/system_config/routers.go:134.2,136.44 2 1
github.com/Rain-kl/Wavelet/internal/apps/admin/system_config/routers.go:155.41,157.47 2 6
github.com/Rain-kl/Wavelet/internal/apps/admin/system_config/routers.go:157.47,160.3 2 0
github.com/Rain-kl/Wavelet/internal/apps/admin/system_config/routers.go:162.2,163.31 2 6
github.com/Rain-kl/Wavelet/internal/apps/admin/system_config/routers.go:163.31,166.3 2 0
github.com/Rain-kl/Wavelet/internal/apps/admin/system_config/routers.go:167.2,167.74 1 6
github.com/Rain-kl/Wavelet/internal/apps/admin/system_config/routers.go:167.74,168.45 1 3
github.com/Rain-kl/Wavelet/internal/apps/admin/system_config/routers.go:168.45,171.4 2 1
github.com/Rain-kl/Wavelet/internal/apps/admin/system_config/routers.go:172.3,172.42 1 2
github.com/Rain-kl/Wavelet/internal/apps/admin/system_config/routers.go:172.42,175.4 2 2
github.com/Rain-kl/Wavelet/internal/apps/admin/system_config/routers.go:176.3,177.9 2 0
github.com/Rain-kl/Wavelet/internal/apps/admin/system_config/routers.go:180.2,180.41 1 3
github.com/Rain-kl/Wavelet/internal/apps/admin/system_config/routers.go:183.68,184.73 1 4
github.com/Rain-kl/Wavelet/internal/apps/admin/system_config/routers.go:184.73,186.3 1 0
github.com/Rain-kl/Wavelet/internal/apps/admin/system_config/routers.go:187.2,187.33 1 4
github.com/Rain-kl/Wavelet/internal/apps/admin/system_config/routers.go:187.33,189.3 1 0
github.com/Rain-kl/Wavelet/internal/apps/admin/system_config/routers.go:192.73,195.41 2 3
github.com/Rain-kl/Wavelet/internal/apps/admin/system_config/routers.go:195.41,200.3 4 2
github.com/Rain-kl/Wavelet/internal/apps/admin/system_config/routers.go:201.2,201.47 1 3
github.com/Rain-kl/Wavelet/internal/apps/admin/system_config/routers.go:201.47,204.3 2 0
github.com/Rain-kl/Wavelet/internal/apps/admin/system_config/routers.go:206.2,206.76 1 3
github.com/Rain-kl/Wavelet/internal/apps/admin/system_config/routers.go:206.76,208.3 1 0
github.com/Rain-kl/Wavelet/internal/apps/admin/system_config/routers.go:238.31,240.47 2 1
github.com/Rain-kl/Wavelet/internal/apps/admin/system_config/routers.go:240.47,243.3 2 0
github.com/Rain-kl/Wavelet/internal/apps/admin/system_config/routers.go:245.2,246.35 2 1
github.com/Rain-kl/Wavelet/internal/apps/admin/system_config/routers.go:246.35,247.111 1 0
github.com/Rain-kl/Wavelet/internal/apps/admin/system_config/routers.go:247.111,249.4 1 0
github.com/Rain-kl/Wavelet/internal/apps/admin/system_config/routers.go:252.2,269.16 6 1
github.com/Rain-kl/Wavelet/internal/apps/admin/system_config/routers.go:269.16,271.3 1 0
github.com/Rain-kl/Wavelet/internal/apps/admin/system_config/routers.go:273.2,273.42 1 1
github.com/Rain-kl/Wavelet/internal/apps/admin/system_config/routers.go:276.53,285.2 2 2
github.com/Rain-kl/Wavelet/internal/apps/admin/system_config/routers.go:287.52,288.17 1 40
github.com/Rain-kl/Wavelet/internal/apps/admin/system_config/routers.go:288.17,290.3 1 5
github.com/Rain-kl/Wavelet/internal/apps/admin/system_config/routers.go:291.2,291.13 1 35
github.com/Rain-kl/Wavelet/internal/apps/admin/system_config/routers.go:292.35,293.27 1 0
github.com/Rain-kl/Wavelet/internal/apps/admin/system_config/routers.go:294.36,296.61 2 1
github.com/Rain-kl/Wavelet/internal/apps/admin/system_config/routers.go:296.61,298.52 2 1
github.com/Rain-kl/Wavelet/internal/apps/admin/system_config/routers.go:298.52,300.5 1 1
github.com/Rain-kl/Wavelet/internal/apps/admin/system_config/routers.go:303.2,303.14 1 34
github.com/Rain-kl/Wavelet/internal/apps/admin/system_config/routers.go:308.109,310.75 2 4
github.com/Rain-kl/Wavelet/internal/apps/admin/system_config/routers.go:310.75,312.3 1 0
github.com/Rain-kl/Wavelet/internal/apps/admin/system_config/routers.go:314.2,315.63 2 4
github.com/Rain-kl/Wavelet/internal/apps/admin/system_config/routers.go:315.63,317.3 1 0
github.com/Rain-kl/Wavelet/internal/apps/admin/system_config/routers.go:320.2,321.88 2 4
github.com/Rain-kl/Wavelet/internal/apps/admin/system_config/routers.go:321.88,323.3 1 2
github.com/Rain-kl/Wavelet/internal/apps/admin/system_config/routers.go:326.2,327.16 2 2
github.com/Rain-kl/Wavelet/internal/apps/admin/system_config/routers.go:327.16,329.3 1 0
github.com/Rain-kl/Wavelet/internal/apps/admin/system_config/routers.go:331.2,331.33 1 2
github.com/Rain-kl/Wavelet/internal/apps/admin/system_config/routers.go:334.111,335.63 1 4
github.com/Rain-kl/Wavelet/internal/apps/admin/system_config/routers.go:335.63,339.42 2 3
github.com/Rain-kl/Wavelet/internal/apps/admin/system_config/routers.go:339.42,341.4 1 0
github.com/Rain-kl/Wavelet/internal/apps/admin/system_config/routers.go:342.3,342.22 1 3
github.com/Rain-kl/Wavelet/internal/apps/admin/system_config/routers.go:342.22,344.4 1 1
github.com/Rain-kl/Wavelet/internal/apps/admin/system_config/routers.go:345.3,345.72 1 2
github.com/Rain-kl/Wavelet/internal/apps/admin/system_config/routers.go:345.72,347.4 1 1
github.com/Rain-kl/Wavelet/internal/apps/admin/system_config/routers.go:348.3,350.60 3 1
github.com/Rain-kl/Wavelet/internal/apps/admin/system_config/routers.go:353.2,353.62 1 1
github.com/Rain-kl/Wavelet/internal/apps/admin/system_config/routers.go:353.62,355.3 1 0
github.com/Rain-kl/Wavelet/internal/apps/admin/system_config/routers.go:356.2,356.61 1 1
github.com/Rain-kl/Wavelet/internal/apps/admin/system_config/routers.go:359.84,362.2 2 2
github.com/Rain-kl/Wavelet/internal/apps/admin/system_config/routers.go:364.103,366.16 2 2
github.com/Rain-kl/Wavelet/internal/apps/admin/system_config/routers.go:366.16,368.3 1 0
github.com/Rain-kl/Wavelet/internal/apps/admin/system_config/routers.go:369.2,369.46 1 2
github.com/Rain-kl/Wavelet/internal/apps/admin/system_config/routers.go:369.46,371.3 1 0
github.com/Rain-kl/Wavelet/internal/apps/admin/system_config/routers.go:372.2,372.12 1 2
github.com/Rain-kl/Wavelet/internal/apps/admin/push/channels.go:29.45,31.2 1 0
github.com/Rain-kl/Wavelet/internal/apps/admin/push/channels.go:41.35,43.16 2 1
github.com/Rain-kl/Wavelet/internal/apps/admin/push/channels.go:43.16,46.3 2 0
github.com/Rain-kl/Wavelet/internal/apps/admin/push/channels.go:47.2,47.46 1 1
github.com/Rain-kl/Wavelet/internal/apps/admin/push/channels.go:71.36,73.47 2 1
github.com/Rain-kl/Wavelet/internal/apps/admin/push/channels.go:73.47,76.3 2 0
github.com/Rain-kl/Wavelet/internal/apps/admin/push/channels.go:78.2,79.16 2 1
github.com/Rain-kl/Wavelet/internal/apps/admin/push/channels.go:79.16,82.3 2 0
github.com/Rain-kl/Wavelet/internal/apps/admin/push/channels.go:83.2,83.45 1 1
github.com/Rain-kl/Wavelet/internal/apps/admin/push/channels.go:107.36,109.16 2 1
github.com/Rain-kl/Wavelet/internal/apps/admin/push/channels.go:109.16,112.3 2 0
github.com/Rain-kl/Wavelet/internal/apps/admin/push/channels.go:114.2,115.47 2 1
github.com/Rain-kl/Wavelet/internal/apps/admin/push/channels.go:115.47,118.3 2 0
github.com/Rain-kl/Wavelet/internal/apps/admin/push/channels.go:120.2,121.16 2 1
github.com/Rain-kl/Wavelet/internal/apps/admin/push/channels.go:121.16,122.45 1 0
github.com/Rain-kl/Wavelet/internal/apps/admin/push/channels.go:122.45,125.4 2 0
github.com/Rain-kl/Wavelet/internal/apps/admin/push/channels.go:126.3,127.9 2 0
github.com/Rain-kl/Wavelet/internal/apps/admin/push/channels.go:129.2,129.45 1 1
github.com/Rain-kl/Wavelet/internal/apps/admin/push/channels.go:141.36,143.16 2 1
github.com/Rain-kl/Wavelet/internal/apps/admin/push/channels.go:143.16,146.3 2 0
github.com/Rain-kl/Wavelet/internal/apps/admin/push/channels.go:148.2,148.67 1 1
github.com/Rain-kl/Wavelet/internal/apps/admin/push/channels.go:148.67,149.45 1 0
github.com/Rain-kl/Wavelet/internal/apps/admin/push/channels.go:149.45,152.4 2 0
github.com/Rain-kl/Wavelet/internal/apps/admin/push/channels.go:153.3,154.9 2 0
github.com/Rain-kl/Wavelet/internal/apps/admin/push/channels.go:156.2,156.41 1 1
github.com/Rain-kl/Wavelet/internal/apps/admin/push/channels.go:179.34,181.47 2 1
github.com/Rain-kl/Wavelet/internal/apps/admin/push/channels.go:181.47,184.3 2 0
github.com/Rain-kl/Wavelet/internal/apps/admin/push/channels.go:186.2,188.16 3 1
github.com/Rain-kl/Wavelet/internal/apps/admin/push/channels.go:188.16,191.3 2 0
github.com/Rain-kl/Wavelet/internal/apps/admin/push/channels.go:193.2,193.33 1 1
github.com/Rain-kl/Wavelet/internal/apps/admin/push/channels.go:193.33,195.3 1 0
github.com/Rain-kl/Wavelet/internal/apps/admin/push/channels.go:197.2,205.47 2 1
github.com/Rain-kl/Wavelet/internal/apps/admin/push/channels.go:205.47,208.3 2 0
github.com/Rain-kl/Wavelet/internal/apps/admin/push/channels.go:209.2,213.21 4 1
github.com/Rain-kl/Wavelet/internal/apps/admin/push/channels.go:214.19,216.23 2 0
github.com/Rain-kl/Wavelet/internal/apps/admin/push/channels.go:217.20,218.86 1 0
github.com/Rain-kl/Wavelet/internal/apps/admin/push/channels.go:219.23,220.89 1 0
github.com/Rain-kl/Wavelet/internal/apps/admin/push/channels.go:221.10,230.59 3 1
github.com/Rain-kl/Wavelet/internal/apps/admin/push/channels.go:233.2,244.54 2 1
github.com/Rain-kl/Wavelet/internal/apps/admin/push/channels.go:244.54,247.3 2 0
github.com/Rain-kl/Wavelet/internal/apps/admin/push/channels.go:248.2,248.41 1 1
github.com/Rain-kl/Wavelet/internal/apps/admin/push/channels.go:261.40,264.26 3 15
github.com/Rain-kl/Wavelet/internal/apps/admin/push/channels.go:264.26,266.3 1 15
github.com/Rain-kl/Wavelet/internal/apps/admin/push/channels.go:267.2,267.10 1 0
github.com/Rain-kl/Wavelet/internal/apps/admin/push/channels.go:270.73,278.2 7 3
github.com/Rain-kl/Wavelet/internal/apps/admin/push/channels_definition.go:48.48,52.2 3 4
github.com/Rain-kl/Wavelet/internal/apps/admin/push/channels_definition.go:55.37,62.26 5 0
github.com/Rain-kl/Wavelet/internal/apps/admin/push/channels_definition.go:62.26,63.34 1 0
github.com/Rain-kl/Wavelet/internal/apps/admin/push/channels_definition.go:63.34,65.4 1 0
github.com/Rain-kl/Wavelet/internal/apps/admin/push/channels_definition.go:68.2,68.32 1 0
github.com/Rain-kl/Wavelet/internal/apps/admin/push/channels_definition.go:68.32,70.27 2 0
github.com/Rain-kl/Wavelet/internal/apps/admin/push/channels_definition.go:70.27,71.14 1 0
github.com/Rain-kl/Wavelet/internal/apps/admin/push/channels_definition.go:71.14,73.10 2 0
github.com/Rain-kl/Wavelet/internal/apps/admin/push/channels_definition.go:76.3,76.13 1 0
github.com/Rain-kl/Wavelet/internal/apps/admin/push/channels_definition.go:76.13,78.4 1 0
github.com/Rain-kl/Wavelet/internal/apps/admin/push/channels_definition.go:80.2,80.12 1 0
github.com/Rain-kl/Wavelet/internal/apps/admin/push/channels_definition.go:83.13,183.2 4 1
github.com/Rain-kl/Wavelet/internal/apps/admin/push/events.go:32.55,38.26 2 1
github.com/Rain-kl/Wavelet/internal/apps/admin/push/events.go:38.26,40.3 1 1
github.com/Rain-kl/Wavelet/internal/apps/admin/push/events.go:41.2,41.12 1 1
github.com/Rain-kl/Wavelet/internal/apps/admin/push/events.go:65.47,67.2 1 1
github.com/Rain-kl/Wavelet/internal/apps/admin/push/events.go:78.94,80.17 2 3
github.com/Rain-kl/Wavelet/internal/apps/admin/push/events.go:80.17,81.18 1 3
github.com/Rain-kl/Wavelet/internal/apps/admin/push/events.go:81.18,83.4 1 1
github.com/Rain-kl/Wavelet/internal/apps/admin/push/events.go:84.3,84.66 1 3
github.com/Rain-kl/Wavelet/internal/apps/admin/push/events.go:84.66,86.4 1 1
github.com/Rain-kl/Wavelet/internal/apps/admin/push/events.go:88.3,89.17 2 3
github.com/Rain-kl/Wavelet/internal/apps/admin/push/events.go:89.17,90.46 1 1
github.com/Rain-kl/Wavelet/internal/apps/admin/push/events.go:90.46,92.5 1 1
github.com/Rain-kl/Wavelet/internal/apps/admin/push/events.go:93.4,94.10 2 0
github.com/Rain-kl/Wavelet/internal/apps/admin/push/events.go:96.3,97.31 2 2
github.com/Rain-kl/Wavelet/internal/apps/admin/push/events.go:97.31,99.4 1 0
github.com/Rain-kl/Wavelet/internal/apps/admin/push/events.go:101.3,103.60 3 2
github.com/Rain-kl/Wavelet/internal/apps/admin/push/events.go:107.157,112.26 4 2
github.com/Rain-kl/Wavelet/internal/apps/admin/push/events.go:112.26,115.17 3 2
github.com/Rain-kl/Wavelet/internal/apps/admin/push/events.go:115.17,119.4 3 0
github.com/Rain-kl/Wavelet/internal/apps/admin/push/events.go:120.8,122.3 1 0
github.com/Rain-kl/Wavelet/internal/apps/admin/push/events.go:124.2,124.20 1 2
github.com/Rain-kl/Wavelet/internal/apps/admin/push/events.go:124.20,126.3 1 0
github.com/Rain-kl/Wavelet/internal/apps/admin/push/events.go:127.2,127.25 1 2
github.com/Rain-kl/Wavelet/internal/apps/admin/push/events.go:127.25,128.56 1 4
github.com/Rain-kl/Wavelet/internal/apps/admin/push/events.go:128.56,129.12 1 0
github.com/Rain-kl/Wavelet/internal/apps/admin/push/events.go:131.3,131.39 1 4
github.com/Rain-kl/Wavelet/internal/apps/admin/push/events.go:131.39,133.4 1 4
github.com/Rain-kl/Wavelet/internal/apps/admin/push/events.go:136.2,136.30 1 2
github.com/Rain-kl/Wavelet/internal/apps/admin/push/events.go:139.153,144.72 4 2
github.com/Rain-kl/Wavelet/internal/apps/admin/push/events.go:144.72,146.3 1 0
github.com/Rain-kl/Wavelet/internal/apps/admin/push/events.go:148.2,148.61 1 2
github.com/Rain-kl/Wavelet/internal/apps/admin/push/events.go:148.61,150.3 1 2
github.com/Rain-kl/Wavelet/internal/apps/admin/push/events.go:150.8,152.3 1 0
github.com/Rain-kl/Wavelet/internal/apps/admin/push/events.go:153.2,155.67 2 2
github.com/Rain-kl/Wavelet/internal/apps/admin/push/events.go:155.67,157.3 1 2
github.com/Rain-kl/Wavelet/internal/apps/admin/push/events.go:157.8,159.3 1 0
github.com/Rain-kl/Wavelet/internal/apps/admin/push/events.go:160.2,162.61 2 2
github.com/Rain-kl/Wavelet/internal/apps/admin/push/events.go:162.61,164.3 1 2
github.com/Rain-kl/Wavelet/internal/apps/admin/push/events.go:164.8,166.3 1 0
github.com/Rain-kl/Wavelet/internal/apps/admin/push/events.go:167.2,170.35 3 2
github.com/Rain-kl/Wavelet/internal/apps/admin/push/events.go:173.110,179.37 5 0
github.com/Rain-kl/Wavelet/internal/apps/admin/push/events.go:179.37,181.46 2 0
github.com/Rain-kl/Wavelet/internal/apps/admin/push/events.go:181.46,182.36 1 0
github.com/Rain-kl/Wavelet/internal/apps/admin/push/events.go:182.36,184.5 1 0
github.com/Rain-kl/Wavelet/internal/apps/admin/push/events.go:184.10,186.5 1 0
github.com/Rain-kl/Wavelet/internal/apps/admin/push/events.go:189.2,189.12 1 0
github.com/Rain-kl/Wavelet/internal/apps/admin/push/events.go:192.156,193.45 1 2
github.com/Rain-kl/Wavelet/internal/apps/admin/push/events.go:193.45,195.17 2 2
github.com/Rain-kl/Wavelet/internal/apps/admin/push/events.go:195.17,197.12 2 2
github.com/Rain-kl/Wavelet/internal/apps/admin/push/events.go:199.3,199.104 1 0
github.com/Rain-kl/Wavelet/internal/apps/admin/push/events.go:203.197,204.29 1 2
github.com/Rain-kl/Wavelet/internal/apps/admin/push/events.go:204.29,207.3 2 0
github.com/Rain-kl/Wavelet/internal/apps/admin/push/events.go:209.2,209.39 1 2
github.com/Rain-kl/Wavelet/internal/apps/admin/push/events.go:209.39,212.3 2 2
github.com/Rain-kl/Wavelet/internal/apps/admin/push/events.go:215.168,219.22 3 2
github.com/Rain-kl/Wavelet/internal/apps/admin/push/events.go:220.19,222.35 2 0
github.com/Rain-kl/Wavelet/internal/apps/admin/push/events.go:223.20,225.86 2 0
github.com/Rain-kl/Wavelet/internal/apps/admin/push/events.go:226.23,227.113 1 0
github.com/Rain-kl/Wavelet/internal/apps/admin/push/events.go:228.10,236.48 3 2
github.com/Rain-kl/Wavelet/internal/apps/admin/push/events.go:236.48,238.4 1 0
github.com/Rain-kl/Wavelet/internal/apps/admin/push/events.go:239.3,239.71 1 2
github.com/Rain-kl/Wavelet/internal/apps/admin/push/events.go:242.2,249.54 2 2
github.com/Rain-kl/Wavelet/internal/apps/admin/push/events.go:249.54,251.3 1 0
github.com/Rain-kl/Wavelet/internal/apps/admin/push/events.go:254.70,256.16 2 3
github.com/Rain-kl/Wavelet/internal/apps/admin/push/events.go:256.16,258.3 1 0
github.com/Rain-kl/Wavelet/internal/apps/admin/push/events.go:259.2,260.12 2 3
github.com/Rain-kl/Wavelet/internal/apps/admin/push/events.go:263.54,265.16 2 2
github.com/Rain-kl/Wavelet/internal/apps/admin/push/events.go:265.16,267.3 1 0
github.com/Rain-kl/Wavelet/internal/apps/admin/push/events.go:268.2,269.60 2 2
github.com/Rain-kl/Wavelet/internal/apps/admin/push/events.go:269.60,271.3 1 0
github.com/Rain-kl/Wavelet/internal/apps/admin/push/events.go:273.2,275.19 3 2
github.com/Rain-kl/Wavelet/internal/apps/admin/push/events.go:278.73,279.22 1 4
github.com/Rain-kl/Wavelet/internal/apps/admin/push/events.go:279.22,281.19 2 21
github.com/Rain-kl/Wavelet/internal/apps/admin/push/events.go:281.19,283.4 1 17
github.com/Rain-kl/Wavelet/internal/apps/admin/push/events.go:284.3,284.46 1 21
github.com/Rain-kl/Wavelet/internal/apps/admin/push/events.go:284.46,286.4 1 2
github.com/Rain-kl/Wavelet/internal/apps/admin/push/events.go:286.9,288.4 1 19
github.com/Rain-kl/Wavelet/internal/apps/admin/push/events.go:292.104,294.18 2 14
github.com/Rain-kl/Wavelet/internal/apps/admin/push/events.go:294.18,296.3 1 0
github.com/Rain-kl/Wavelet/internal/apps/admin/push/events.go:298.2,299.37 2 14
github.com/Rain-kl/Wavelet/internal/apps/admin/push/events.go:299.37,301.3 1 2
github.com/Rain-kl/Wavelet/internal/apps/admin/push/events.go:302.2,302.74 1 12
github.com/Rain-kl/Wavelet/internal/apps/admin/push/events.go:302.74,304.3 1 5
github.com/Rain-kl/Wavelet/internal/apps/admin/push/events.go:306.2,307.12 2 7
github.com/Rain-kl/Wavelet/internal/apps/admin/push/events.go:307.12,309.3 1 2
github.com/Rain-kl/Wavelet/internal/apps/admin/push/events.go:310.2,310.49 1 5
github.com/Rain-kl/Wavelet/internal/apps/admin/push/events.go:310.49,312.3 1 4
github.com/Rain-kl/Wavelet/internal/apps/admin/push/events.go:313.2,313.52 1 1
github.com/Rain-kl/Wavelet/internal/apps/admin/push/events.go:313.52,315.3 1 1
github.com/Rain-kl/Wavelet/internal/apps/admin/push/events.go:316.2,316.17 1 0
github.com/Rain-kl/Wavelet/internal/apps/admin/push/events.go:319.75,320.16 1 14
github.com/Rain-kl/Wavelet/internal/apps/admin/push/events.go:321.23,322.41 1 1
github.com/Rain-kl/Wavelet/internal/apps/admin/push/events.go:322.41,324.4 1 1
github.com/Rain-kl/Wavelet/internal/apps/admin/push/events.go:325.3,325.36 1 0
github.com/Rain-kl/Wavelet/internal/apps/admin/push/events.go:325.36,327.4 1 0
github.com/Rain-kl/Wavelet/internal/apps/admin/push/events.go:328.35,329.47 1 2
github.com/Rain-kl/Wavelet/internal/apps/admin/push/events.go:329.47,331.4 1 2
github.com/Rain-kl/Wavelet/internal/apps/admin/push/events.go:332.3,332.42 1 0
github.com/Rain-kl/Wavelet/internal/apps/admin/push/events.go:332.42,334.4 1 0
github.com/Rain-kl/Wavelet/internal/apps/admin/push/events.go:335.34,336.44 1 1
github.com/Rain-kl/Wavelet/internal/apps/admin/push/events.go:336.44,338.4 1 1
github.com/Rain-kl/Wavelet/internal/apps/admin/push/events.go:339.3,339.39 1 0
github.com/Rain-kl/Wavelet/internal/apps/admin/push/events.go:339.39,341.4 1 0
github.com/Rain-kl/Wavelet/internal/apps/admin/push/events.go:343.2,343.15 1 10
github.com/Rain-kl/Wavelet/internal/apps/admin/push/logics.go:27.53,38.2 5 0
github.com/Rain-kl/Wavelet/internal/apps/admin/push/logics.go:40.51,41.37 1 3
github.com/Rain-kl/Wavelet/internal/apps/admin/push/logics.go:41.37,43.45 2 3
github.com/Rain-kl/Wavelet/internal/apps/admin/push/logics.go:43.45,45.83 2 3
github.com/Rain-kl/Wavelet/internal/apps/admin/push/logics.go:45.83,47.5 1 3
github.com/Rain-kl/Wavelet/internal/apps/admin/push/logics.go:48.4,56.66 2 3
github.com/Rain-kl/Wavelet/internal/apps/admin/push/logics.go:56.66,58.5 1 0
github.com/Rain-kl/Wavelet/internal/apps/admin/push/logics.go:59.9,59.24 1 0
github.com/Rain-kl/Wavelet/internal/apps/admin/push/logics.go:59.24,61.4 1 0
github.com/Rain-kl/Wavelet/internal/apps/admin/push/logics.go:63.2,63.12 1 3
github.com/Rain-kl/Wavelet/internal/apps/admin/push/logics.go:66.69,68.2 1 1
github.com/Rain-kl/Wavelet/internal/apps/admin/push/logics.go:70.92,72.16 2 2
github.com/Rain-kl/Wavelet/internal/apps/admin/push/logics.go:72.16,74.3 1 0
github.com/Rain-kl/Wavelet/internal/apps/admin/push/logics.go:76.2,77.16 2 2
github.com/Rain-kl/Wavelet/internal/apps/admin/push/logics.go:77.16,79.3 1 0
github.com/Rain-kl/Wavelet/internal/apps/admin/push/logics.go:80.2,80.15 1 2
github.com/Rain-kl/Wavelet/internal/apps/admin/push/logics.go:80.15,82.3 1 1
github.com/Rain-kl/Wavelet/internal/apps/admin/push/logics.go:84.2,85.23 2 1
github.com/Rain-kl/Wavelet/internal/apps/admin/push/logics.go:85.23,87.3 1 1
github.com/Rain-kl/Wavelet/internal/apps/admin/push/logics.go:87.8,89.71 2 0
github.com/Rain-kl/Wavelet/internal/apps/admin/push/logics.go:89.71,91.4 1 0
github.com/Rain-kl/Wavelet/internal/apps/admin/push/logics.go:94.2,95.21 2 1
github.com/Rain-kl/Wavelet/internal/apps/admin/push/logics.go:95.21,97.3 1 0
github.com/Rain-kl/Wavelet/internal/apps/admin/push/logics.go:98.2,99.20 2 1
github.com/Rain-kl/Wavelet/internal/apps/admin/push/logics.go:99.20,101.3 1 0
github.com/Rain-kl/Wavelet/internal/apps/admin/push/logics.go:103.2,112.41 2 1
github.com/Rain-kl/Wavelet/internal/apps/admin/push/logics.go:112.41,114.3 1 0
github.com/Rain-kl/Wavelet/internal/apps/admin/push/logics.go:115.2,115.64 1 1
github.com/Rain-kl/Wavelet/internal/apps/admin/push/logics.go:115.64,117.3 1 0
github.com/Rain-kl/Wavelet/internal/apps/admin/push/logics.go:118.2,118.19 1 1
github.com/Rain-kl/Wavelet/internal/apps/admin/push/logics.go:121.60,123.16 2 1
github.com/Rain-kl/Wavelet/internal/apps/admin/push/logics.go:123.16,125.3 1 0
github.com/Rain-kl/Wavelet/internal/apps/admin/push/logics.go:126.2,126.48 1 1
github.com/Rain-kl/Wavelet/internal/apps/admin/push/logics.go:129.84,131.16 2 1
github.com/Rain-kl/Wavelet/internal/apps/admin/push/logics.go:131.16,133.3 1 0
github.com/Rain-kl/Wavelet/internal/apps/admin/push/logics.go:135.2,139.41 5 1
github.com/Rain-kl/Wavelet/internal/apps/admin/push/logics.go:139.41,141.3 1 0
github.com/Rain-kl/Wavelet/internal/apps/admin/push/logics.go:142.2,142.46 1 1
github.com/Rain-kl/Wavelet/internal/apps/admin/push/logics.go:145.68,147.16 2 2
github.com/Rain-kl/Wavelet/internal/apps/admin/push/logics.go:147.16,149.3 1 0
github.com/Rain-kl/Wavelet/internal/apps/admin/push/logics.go:151.2,152.41 2 2
github.com/Rain-kl/Wavelet/internal/apps/admin/push/logics.go:152.41,154.3 1 1
github.com/Rain-kl/Wavelet/internal/apps/admin/push/logics.go:155.2,155.80 1 1
github.com/Rain-kl/Wavelet/internal/apps/admin/push/logics.go:155.80,157.3 1 0
github.com/Rain-kl/Wavelet/internal/apps/admin/push/logics.go:158.2,158.21 1 1
github.com/Rain-kl/Wavelet/internal/apps/admin/push/logics.go:161.122,163.2 1 1
github.com/Rain-kl/Wavelet/internal/apps/admin/push/logics.go:165.78,166.69 1 1
github.com/Rain-kl/Wavelet/internal/apps/admin/push/logics.go:166.69,168.3 1 1
github.com/Rain-kl/Wavelet/internal/apps/admin/push/logics.go:169.2,170.44 2 0
github.com/Rain-kl/Wavelet/internal/apps/admin/push/logics.go:170.44,172.3 1 0
github.com/Rain-kl/Wavelet/internal/apps/admin/push/logics.go:173.2,174.16 2 0
github.com/Rain-kl/Wavelet/internal/apps/admin/push/logics.go:174.16,176.3 1 0
github.com/Rain-kl/Wavelet/internal/apps/admin/push/logics.go:177.2,179.28 3 0
github.com/Rain-kl/Wavelet/internal/apps/admin/push/logics.go:182.73,184.2 1 1
github.com/Rain-kl/Wavelet/internal/apps/admin/push/logics.go:186.98,188.16 2 1
github.com/Rain-kl/Wavelet/internal/apps/admin/push/logics.go:188.16,190.3 1 0
github.com/Rain-kl/Wavelet/internal/apps/admin/push/logics.go:191.2,191.15 1 1
github.com/Rain-kl/Wavelet/internal/apps/admin/push/logics.go:191.15,193.3 1 0
github.com/Rain-kl/Wavelet/internal/apps/admin/push/logics.go:195.2,204.43 2 1
github.com/Rain-kl/Wavelet/internal/apps/admin/push/logics.go:204.43,206.3 1 0
github.com/Rain-kl/Wavelet/internal/apps/admin/push/logics.go:207.2,207.68 1 1
github.com/Rain-kl/Wavelet/internal/apps/admin/push/logics.go:207.68,209.3 1 0
github.com/Rain-kl/Wavelet/internal/apps/admin/push/logics.go:210.2,210.21 1 1
github.com/Rain-kl/Wavelet/internal/apps/admin/push/logics.go:213.109,215.16 2 1
github.com/Rain-kl/Wavelet/internal/apps/admin/push/logics.go:215.16,217.3 1 0
github.com/Rain-kl/Wavelet/internal/apps/admin/push/logics.go:219.2,225.43 7 1
github.com/Rain-kl/Wavelet/internal/apps/admin/push/logics.go:225.43,227.3 1 0
github.com/Rain-kl/Wavelet/internal/apps/admin/push/logics.go:228.2,228.66 1 1
github.com/Rain-kl/Wavelet/internal/apps/admin/push/logics.go:228.66,230.3 1 0
github.com/Rain-kl/Wavelet/internal/apps/admin/push/logics.go:231.2,231.21 1 1
github.com/Rain-kl/Wavelet/internal/apps/admin/push/logics.go:234.62,236.16 2 1
github.com/Rain-kl/Wavelet/internal/apps/admin/push/logics.go:236.16,238.3 1 0
github.com/Rain-kl/Wavelet/internal/apps/admin/push/logics.go:239.2,239.52 1 1
github.com/Rain-kl/Wavelet/internal/apps/admin/push/logics.go:242.110,243.20 1 1
github.com/Rain-kl/Wavelet/internal/apps/admin/push/logics.go:243.20,245.17 2 1
github.com/Rain-kl/Wavelet/internal/apps/admin/push/logics.go:245.17,247.4 1 0
github.com/Rain-kl/Wavelet/internal/apps/admin/push/logics.go:248.3,248.70 1 1
github.com/Rain-kl/Wavelet/internal/apps/admin/push/logics.go:250.2,250.53 1 0
github.com/Rain-kl/Wavelet/internal/apps/admin/push/logics.go:253.102,255.2 1 0
github.com/Rain-kl/Wavelet/internal/apps/admin/push/logics.go:257.72,258.51 1 0
github.com/Rain-kl/Wavelet/internal/apps/admin/push/logics.go:258.51,260.3 1 0
github.com/Rain-kl/Wavelet/internal/apps/admin/push/logics.go:262.2,262.57 1 0
github.com/Rain-kl/Wavelet/internal/apps/admin/push/logics.go:262.57,263.67 1 0
github.com/Rain-kl/Wavelet/internal/apps/admin/push/logics.go:263.67,265.4 1 0
github.com/Rain-kl/Wavelet/internal/apps/admin/push/logics.go:268.2,268.55 1 0
github.com/Rain-kl/Wavelet/internal/apps/admin/push/logics.go:268.55,269.75 1 0
github.com/Rain-kl/Wavelet/internal/apps/admin/push/logics.go:269.75,271.4 1 0
github.com/Rain-kl/Wavelet/internal/apps/admin/push/logics.go:273.2,273.12 1 0
github.com/Rain-kl/Wavelet/internal/apps/admin/push/logics.go:276.91,280.17 4 1
github.com/Rain-kl/Wavelet/internal/apps/admin/push/logics.go:280.17,282.3 1 0
github.com/Rain-kl/Wavelet/internal/apps/admin/push/logics.go:283.2,283.17 1 1
github.com/Rain-kl/Wavelet/internal/apps/admin/push/logics.go:283.17,285.3 1 0
github.com/Rain-kl/Wavelet/internal/apps/admin/push/logics.go:287.2,288.18 2 1
github.com/Rain-kl/Wavelet/internal/apps/admin/push/logics.go:288.18,289.27 1 0
github.com/Rain-kl/Wavelet/internal/apps/admin/push/logics.go:289.27,293.34 4 0
github.com/Rain-kl/Wavelet/internal/apps/admin/push/logics.go:293.34,295.5 1 0
github.com/Rain-kl/Wavelet/internal/apps/admin/push/logics.go:296.9,298.4 1 0
github.com/Rain-kl/Wavelet/internal/apps/admin/push/logics.go:301.2,311.52 2 1
github.com/Rain-kl/Wavelet/internal/apps/admin/push/logics.go:314.91,318.64 3 7
github.com/Rain-kl/Wavelet/internal/apps/admin/push/logics.go:318.64,319.60 1 2
github.com/Rain-kl/Wavelet/internal/apps/admin/push/logics.go:319.60,322.4 2 2
github.com/Rain-kl/Wavelet/internal/apps/admin/push/logics.go:324.2,324.12 1 7
github.com/Rain-kl/Wavelet/internal/apps/admin/push/logics.go:324.12,325.72 1 5
github.com/Rain-kl/Wavelet/internal/apps/admin/push/logics.go:325.72,328.4 2 3
github.com/Rain-kl/Wavelet/internal/apps/admin/push/logics.go:330.2,330.20 1 7
github.com/Rain-kl/Wavelet/internal/apps/admin/push/logics.go:333.95,334.69 1 12
github.com/Rain-kl/Wavelet/internal/apps/admin/push/logics.go:334.69,336.3 1 7
github.com/Rain-kl/Wavelet/internal/apps/admin/push/logics.go:337.2,338.16 2 5
github.com/Rain-kl/Wavelet/internal/apps/admin/push/logics.go:338.16,340.3 1 1
github.com/Rain-kl/Wavelet/internal/apps/admin/push/logics.go:341.2,341.54 1 4
github.com/Rain-kl/Wavelet/internal/apps/admin/push/logics.go:341.54,343.3 1 3
github.com/Rain-kl/Wavelet/internal/apps/admin/push/logics.go:344.2,344.57 1 1
github.com/Rain-kl/Wavelet/internal/apps/admin/push/logics.go:344.57,346.3 1 1
github.com/Rain-kl/Wavelet/internal/apps/admin/push/logics.go:347.2,347.23 1 0
github.com/Rain-kl/Wavelet/internal/apps/admin/push/logics.go:350.96,351.30 1 0
github.com/Rain-kl/Wavelet/internal/apps/admin/push/logics.go:351.30,353.3 1 0
github.com/Rain-kl/Wavelet/internal/apps/admin/push/logics.go:354.2,355.44 2 0
github.com/Rain-kl/Wavelet/internal/apps/admin/push/logics.go:355.44,357.3 1 0
github.com/Rain-kl/Wavelet/internal/apps/admin/push/logics.go:358.2,359.16 2 0
github.com/Rain-kl/Wavelet/internal/apps/admin/push/logics.go:359.16,361.3 1 0
github.com/Rain-kl/Wavelet/internal/apps/admin/push/logics.go:362.2,362.15 1 0
github.com/Rain-kl/Wavelet/internal/apps/admin/push/logics.go:362.15,364.3 1 0
github.com/Rain-kl/Wavelet/internal/apps/admin/push/logics.go:365.2,365.17 1 0
github.com/Rain-kl/Wavelet/internal/apps/admin/push/logics.go:365.17,367.3 1 0
github.com/Rain-kl/Wavelet/internal/apps/admin/push/logics.go:368.2,368.17 1 0
github.com/Rain-kl/Wavelet/internal/apps/admin/push/logics.go:368.17,370.3 1 0
github.com/Rain-kl/Wavelet/internal/apps/admin/push/logics.go:371.2,371.26 1 0
github.com/Rain-kl/Wavelet/internal/apps/admin/push/logics.go:374.53,377.2 2 1
github.com/Rain-kl/Wavelet/internal/apps/admin/push/logics.go:379.75,380.24 1 2
github.com/Rain-kl/Wavelet/internal/apps/admin/push/logics.go:380.24,382.18 2 0
github.com/Rain-kl/Wavelet/internal/apps/admin/push/logics.go:382.18,384.4 1 0
github.com/Rain-kl/Wavelet/internal/apps/admin/push/logics.go:385.3,393.17 5 0
github.com/Rain-kl/Wavelet/internal/apps/admin/push/logics.go:393.17,395.4 1 0
github.com/Rain-kl/Wavelet/internal/apps/admin/push/logics.go:396.3,396.56 1 0
github.com/Rain-kl/Wavelet/internal/apps/admin/push/logics.go:399.2,399.24 1 2
github.com/Rain-kl/Wavelet/internal/apps/admin/push/logics.go:399.24,401.3 1 0
github.com/Rain-kl/Wavelet/internal/apps/admin/push/logics.go:403.2,404.12 2 2
github.com/Rain-kl/Wavelet/internal/apps/admin/push/logics.go:404.12,406.3 1 0
github.com/Rain-kl/Wavelet/internal/apps/admin/push/logics.go:408.2,409.16 2 2
github.com/Rain-kl/Wavelet/internal/apps/admin/push/logics.go:409.16,411.3 1 0
github.com/Rain-kl/Wavelet/internal/apps/admin/push/logics.go:412.2,412.59 1 2
github.com/Rain-kl/Wavelet/internal/apps/admin/push/routers.go:38.44,40.2 1 3
github.com/Rain-kl/Wavelet/internal/apps/admin/push/routers.go:50.33,53.16 3 1
github.com/Rain-kl/Wavelet/internal/apps/admin/push/routers.go:53.16,56.3 2 0
github.com/Rain-kl/Wavelet/internal/apps/admin/push/routers.go:57.2,57.44 1 1
github.com/Rain-kl/Wavelet/internal/apps/admin/push/routers.go:70.57,71.37 1 2
github.com/Rain-kl/Wavelet/internal/apps/admin/push/routers.go:71.37,72.22 1 2
github.com/Rain-kl/Wavelet/internal/apps/admin/push/routers.go:72.22,74.4 1 2
github.com/Rain-kl/Wavelet/internal/apps/admin/push/routers.go:76.2,76.31 1 0
github.com/Rain-kl/Wavelet/internal/apps/admin/push/routers.go:87.40,89.2 1 1
github.com/Rain-kl/Wavelet/internal/apps/admin/push/routers.go:101.34,103.47 2 2
github.com/Rain-kl/Wavelet/internal/apps/admin/push/routers.go:103.47,106.3 2 0
github.com/Rain-kl/Wavelet/internal/apps/admin/push/routers.go:108.2,109.16 2 2
github.com/Rain-kl/Wavelet/internal/apps/admin/push/routers.go:109.16,112.3 2 1
github.com/Rain-kl/Wavelet/internal/apps/admin/push/routers.go:113.2,113.43 1 1
github.com/Rain-kl/Wavelet/internal/apps/admin/push/routers.go:125.34,127.16 2 1
github.com/Rain-kl/Wavelet/internal/apps/admin/push/routers.go:127.16,130.3 2 0
github.com/Rain-kl/Wavelet/internal/apps/admin/push/routers.go:132.2,132.65 1 1
github.com/Rain-kl/Wavelet/internal/apps/admin/push/routers.go:132.65,133.45 1 0
github.com/Rain-kl/Wavelet/internal/apps/admin/push/routers.go:133.45,136.4 2 0
github.com/Rain-kl/Wavelet/internal/apps/admin/push/routers.go:137.3,138.9 2 0
github.com/Rain-kl/Wavelet/internal/apps/admin/push/routers.go:140.2,140.41 1 1
github.com/Rain-kl/Wavelet/internal/apps/admin/push/routers.go:154.34,156.16 2 1
github.com/Rain-kl/Wavelet/internal/apps/admin/push/routers.go:156.16,159.3 2 0
github.com/Rain-kl/Wavelet/internal/apps/admin/push/routers.go:161.2,162.47 2 1
github.com/Rain-kl/Wavelet/internal/apps/admin/push/routers.go:162.47,165.3 2 0
github.com/Rain-kl/Wavelet/internal/apps/admin/push/routers.go:167.2,167.70 1 1
github.com/Rain-kl/Wavelet/internal/apps/admin/push/routers.go:167.70,168.45 1 0
github.com/Rain-kl/Wavelet/internal/apps/admin/push/routers.go:168.45,171.4 2 0
github.com/Rain-kl/Wavelet/internal/apps/admin/push/routers.go:172.3,173.9 2 0
github.com/Rain-kl/Wavelet/internal/apps/admin/push/routers.go:175.2,175.41 1 1
github.com/Rain-kl/Wavelet/internal/apps/admin/push/routers.go:187.34,189.16 2 2
github.com/Rain-kl/Wavelet/internal/apps/admin/push/routers.go:189.16,192.3 2 0
github.com/Rain-kl/Wavelet/internal/apps/admin/push/routers.go:194.2,195.16 2 2
github.com/Rain-kl/Wavelet/internal/apps/admin/push/routers.go:195.16,196.45 1 1
github.com/Rain-kl/Wavelet/internal/apps/admin/push/routers.go:196.45,199.4 2 0
github.com/Rain-kl/Wavelet/internal/apps/admin/push/routers.go:200.3,201.9 2 1
github.com/Rain-kl/Wavelet/internal/apps/admin/push/routers.go:203.2,203.45 1 1
github.com/Rain-kl/Wavelet/internal/apps/admin/push/routers.go:226.36,229.14 3 1
github.com/Rain-kl/Wavelet/internal/apps/admin/push/routers.go:229.14,231.3 1 0
github.com/Rain-kl/Wavelet/internal/apps/admin/push/routers.go:232.2,232.18 1 1
github.com/Rain-kl/Wavelet/internal/apps/admin/push/routers.go:232.18,234.3 1 0
github.com/Rain-kl/Wavelet/internal/apps/admin/push/routers.go:236.2,242.16 2 1
github.com/Rain-kl/Wavelet/internal/apps/admin/push/routers.go:242.16,245.3 2 0
github.com/Rain-kl/Wavelet/internal/apps/admin/push/routers.go:247.2,250.5 1 1
github.com/Rain-kl/Wavelet/internal/apps/admin/push/routers.go:263.31,265.47 2 1
github.com/Rain-kl/Wavelet/internal/apps/admin/push/routers.go:265.47,268.3 2 0
github.com/Rain-kl/Wavelet/internal/apps/admin/push/routers.go:270.2,271.16 2 1
github.com/Rain-kl/Wavelet/internal/apps/admin/push/routers.go:271.16,274.3 2 0
github.com/Rain-kl/Wavelet/internal/apps/admin/push/routers.go:275.2,275.58 1 1
github.com/Rain-kl/Wavelet/internal/apps/admin/push/routers.go:275.58,278.3 2 0
github.com/Rain-kl/Wavelet/internal/apps/admin/push/routers.go:280.2,287.103 3 1
github.com/Rain-kl/Wavelet/internal/apps/admin/push/routers.go:287.103,290.3 2 0
github.com/Rain-kl/Wavelet/internal/apps/admin/push/routers.go:291.2,291.41 1 1
github.com/Rain-kl/Wavelet/internal/apps/admin/push/task_listener.go:18.30,20.2 1 0
github.com/Rain-kl/Wavelet/internal/apps/admin/push/task_listener.go:22.119,24.16 2 0
github.com/Rain-kl/Wavelet/internal/apps/admin/push/task_listener.go:24.16,27.3 2 0
github.com/Rain-kl/Wavelet/internal/apps/admin/push/task_listener.go:28.2,28.22 1 0
github.com/Rain-kl/Wavelet/internal/apps/admin/push/task_listener.go:28.22,30.3 1 0
github.com/Rain-kl/Wavelet/internal/apps/admin/push/task_listener.go:32.2,40.20 2 0
github.com/Rain-kl/Wavelet/internal/apps/admin/push/task_listener.go:40.20,42.3 1 0
github.com/Rain-kl/Wavelet/internal/apps/admin/push/task_listener.go:42.8,44.3 1 0
github.com/Rain-kl/Wavelet/internal/apps/admin/push/task_listener.go:45.2,45.19 1 0
github.com/Rain-kl/Wavelet/internal/apps/admin/push/task_listener.go:45.19,47.3 1 0
github.com/Rain-kl/Wavelet/internal/apps/admin/push/task_listener.go:47.8,49.3 1 0
github.com/Rain-kl/Wavelet/internal/apps/admin/push/task_listener.go:51.2,52.29 2 0
github.com/Rain-kl/Wavelet/internal/apps/admin/push/task_listener.go:52.29,53.80 1 0
github.com/Rain-kl/Wavelet/internal/apps/admin/push/task_listener.go:53.80,56.4 2 0
github.com/Rain-kl/Wavelet/internal/apps/admin/push/task_listener.go:58.2,58.42 1 0
github.com/Rain-kl/Wavelet/internal/apps/admin/push/task_listener.go:58.42,60.75 2 0
github.com/Rain-kl/Wavelet/internal/apps/admin/push/task_listener.go:60.75,63.4 2 0
github.com/Rain-kl/Wavelet/internal/apps/admin/push/task_listener.go:66.2,66.31 1 0
github.com/Rain-kl/Wavelet/internal/apps/admin/push/task_listener.go:66.31,73.3 2 0
github.com/Rain-kl/Wavelet/internal/apps/admin/push/task_listener.go:76.88,77.51 1 0
github.com/Rain-kl/Wavelet/internal/apps/admin/push/task_listener.go:77.51,79.3 1 0
github.com/Rain-kl/Wavelet/internal/apps/admin/push/task_listener.go:80.2,80.57 1 0
github.com/Rain-kl/Wavelet/internal/apps/admin/push/task_listener.go:80.57,82.3 1 0
github.com/Rain-kl/Wavelet/internal/apps/admin/push/task_listener.go:85.56,86.57 1 0
github.com/Rain-kl/Wavelet/internal/apps/admin/push/task_listener.go:86.57,88.24 2 0
github.com/Rain-kl/Wavelet/internal/apps/admin/push/task_listener.go:88.24,89.12 1 0
github.com/Rain-kl/Wavelet/internal/apps/admin/push/task_listener.go:91.3,91.26 1 0
github.com/Rain-kl/Wavelet/internal/apps/admin/push/task_listener.go:92.16,93.14 1 0
github.com/Rain-kl/Wavelet/internal/apps/admin/push/task_listener.go:93.14,95.5 1 0
github.com/Rain-kl/Wavelet/internal/apps/admin/push/task_listener.go:96.12,97.14 1 0
github.com/Rain-kl/Wavelet/internal/apps/admin/push/task_listener.go:97.14,99.5 1 0
github.com/Rain-kl/Wavelet/internal/apps/admin/push/task_listener.go:100.14,101.14 1 0
github.com/Rain-kl/Wavelet/internal/apps/admin/push/task_listener.go:101.14,103.5 1 0
github.com/Rain-kl/Wavelet/internal/apps/admin/push/task_listener.go:104.15,105.18 1 0
github.com/Rain-kl/Wavelet/internal/apps/admin/push/task_listener.go:106.15,107.59 1 0
github.com/Rain-kl/Wavelet/internal/apps/admin/push/task_listener.go:107.59,109.5 1 0
github.com/Rain-kl/Wavelet/internal/apps/admin/push/task_listener.go:112.2,112.17 1 0
github.com/Rain-kl/Wavelet/internal/apps/admin/push/task_listener.go:115.50,116.54 1 0
github.com/Rain-kl/Wavelet/internal/apps/admin/push/task_listener.go:116.54,117.43 1 0
github.com/Rain-kl/Wavelet/internal/apps/admin/push/task_listener.go:117.43,118.44 1 0
github.com/Rain-kl/Wavelet/internal/apps/admin/push/task_listener.go:118.44,120.5 1 0
github.com/Rain-kl/Wavelet/internal/apps/admin/push/task_listener.go:123.2,123.11 1 0
github.com/Rain-kl/Wavelet/internal/apps/admin/push/tasks.go:57.71,58.23 1 1
github.com/Rain-kl/Wavelet/internal/apps/admin/push/tasks.go:58.23,60.3 1 0
github.com/Rain-kl/Wavelet/internal/apps/admin/push/tasks.go:62.2,63.54 2 1
github.com/Rain-kl/Wavelet/internal/apps/admin/push/tasks.go:63.54,65.3 1 0
github.com/Rain-kl/Wavelet/internal/apps/admin/push/tasks.go:67.2,67.30 1 1
github.com/Rain-kl/Wavelet/internal/apps/admin/push/tasks.go:67.30,69.3 1 0
github.com/Rain-kl/Wavelet/internal/apps/admin/push/tasks.go:71.2,71.26 1 1
github.com/Rain-kl/Wavelet/internal/apps/admin/push/tasks.go:75.94,77.54 2 1
github.com/Rain-kl/Wavelet/internal/apps/admin/push/tasks.go:77.54,80.3 2 0
github.com/Rain-kl/Wavelet/internal/apps/admin/push/tasks.go:82.2,85.16 3 1
github.com/Rain-kl/Wavelet/internal/apps/admin/push/tasks.go:85.16,88.31 3 0
github.com/Rain-kl/Wavelet/internal/apps/admin/push/tasks.go:88.31,90.4 1 0
github.com/Rain-kl/Wavelet/internal/apps/admin/push/tasks.go:91.3,91.22 1 0
github.com/Rain-kl/Wavelet/internal/apps/admin/push/tasks.go:95.2,101.16 5 1
github.com/Rain-kl/Wavelet/internal/apps/admin/push/tasks.go:101.16,103.25 2 0
github.com/Rain-kl/Wavelet/internal/apps/admin/push/tasks.go:103.25,105.4 1 0
github.com/Rain-kl/Wavelet/internal/apps/admin/push/tasks.go:106.3,106.31 1 0
github.com/Rain-kl/Wavelet/internal/apps/admin/push/tasks.go:106.31,108.4 1 0
github.com/Rain-kl/Wavelet/internal/apps/admin/push/tasks.go:109.3,109.56 1 0
github.com/Rain-kl/Wavelet/internal/apps/admin/push/tasks.go:112.2,113.24 2 1
github.com/Rain-kl/Wavelet/internal/apps/admin/push/tasks.go:113.24,115.3 1 0
github.com/Rain-kl/Wavelet/internal/apps/admin/push/tasks.go:116.2,120.8 2 1
github.com/Rain-kl/Wavelet/internal/apps/admin/push/tasks.go:123.105,124.72 1 1
github.com/Rain-kl/Wavelet/internal/apps/admin/push/tasks.go:124.72,126.3 1 0
github.com/Rain-kl/Wavelet/internal/apps/admin/template/logics.go:14.93,16.16 2 2
github.com/Rain-kl/Wavelet/internal/apps/admin/template/logics.go:16.16,18.3 1 0
github.com/Rain-kl/Wavelet/internal/apps/admin/template/logics.go:19.2,19.12 1 2
github.com/Rain-kl/Wavelet/internal/apps/admin/template/logics.go:19.12,21.3 1 1
github.com/Rain-kl/Wavelet/internal/apps/admin/template/logics.go:23.2,32.40 2 1
github.com/Rain-kl/Wavelet/internal/apps/admin/template/logics.go:32.40,34.3 1 0
github.com/Rain-kl/Wavelet/internal/apps/admin/template/logics.go:35.2,35.62 1 1
github.com/Rain-kl/Wavelet/internal/apps/admin/template/logics.go:35.62,37.3 1 0
github.com/Rain-kl/Wavelet/internal/apps/admin/template/logics.go:38.2,38.18 1 1
github.com/Rain-kl/Wavelet/internal/apps/admin/template/logics.go:41.67,43.2 1 1
github.com/Rain-kl/Wavelet/internal/apps/admin/template/logics.go:45.75,47.2 1 2
github.com/Rain-kl/Wavelet/internal/apps/admin/template/logics.go:49.105,51.16 2 1
github.com/Rain-kl/Wavelet/internal/apps/admin/template/logics.go:51.16,53.3 1 0
github.com/Rain-kl/Wavelet/internal/apps/admin/template/logics.go:55.2,60.40 6 1
github.com/Rain-kl/Wavelet/internal/apps/admin/template/logics.go:60.40,62.3 1 0
github.com/Rain-kl/Wavelet/internal/apps/admin/template/logics.go:63.2,63.60 1 1
github.com/Rain-kl/Wavelet/internal/apps/admin/template/logics.go:63.60,65.3 1 0
github.com/Rain-kl/Wavelet/internal/apps/admin/template/logics.go:66.2,66.18 1 1
github.com/Rain-kl/Wavelet/internal/apps/admin/template/logics.go:69.60,71.16 2 2
github.com/Rain-kl/Wavelet/internal/apps/admin/template/logics.go:71.16,73.3 1 0
github.com/Rain-kl/Wavelet/internal/apps/admin/template/logics.go:74.2,74.19 1 2
github.com/Rain-kl/Wavelet/internal/apps/admin/template/logics.go:74.19,76.3 1 1
github.com/Rain-kl/Wavelet/internal/apps/admin/template/logics.go:77.2,77.46 1 1
github.com/Rain-kl/Wavelet/internal/apps/admin/template/routers.go:35.62,36.16 1 7
github.com/Rain-kl/Wavelet/internal/apps/admin/template/routers.go:36.16,38.3 1 4
github.com/Rain-kl/Wavelet/internal/apps/admin/template/routers.go:39.2,39.44 1 3
github.com/Rain-kl/Wavelet/internal/apps/admin/template/routers.go:39.44,42.3 2 1
github.com/Rain-kl/Wavelet/internal/apps/admin/template/routers.go:43.2,44.13 2 2
github.com/Rain-kl/Wavelet/internal/apps/admin/template/routers.go:45.53,47.14 2 2
github.com/Rain-kl/Wavelet/internal/apps/admin/template/routers.go:49.2,50.13 2 0
github.com/Rain-kl/Wavelet/internal/apps/admin/template/routers.go:67.37,69.47 2 2
github.com/Rain-kl/Wavelet/internal/apps/admin/template/routers.go:69.47,72.3 2 0
github.com/Rain-kl/Wavelet/internal/apps/admin/template/routers.go:74.2,75.37 2 2
github.com/Rain-kl/Wavelet/internal/apps/admin/template/routers.go:75.37,77.3 1 1
github.com/Rain-kl/Wavelet/internal/apps/admin/template/routers.go:79.2,79.42 1 1
github.com/Rain-kl/Wavelet/internal/apps/admin/template/routers.go:93.36,95.16 2 1
github.com/Rain-kl/Wavelet/internal/apps/admin/template/routers.go:95.16,98.3 2 0
github.com/Rain-kl/Wavelet/internal/apps/admin/template/routers.go:100.2,100.47 1 1
github.com/Rain-kl/Wavelet/internal/apps/admin/template/routers.go:116.34,118.37 2 2
github.com/Rain-kl/Wavelet/internal/apps/admin/template/routers.go:118.37,120.3 1 1
github.com/Rain-kl/Wavelet/internal/apps/admin/template/routers.go:122.2,122.42 1 1
github.com/Rain-kl/Wavelet/internal/apps/admin/template/routers.go:141.37,143.47 2 1
github.com/Rain-kl/Wavelet/internal/apps/admin/template/routers.go:143.47,146.3 2 0
github.com/Rain-kl/Wavelet/internal/apps/admin/template/routers.go:148.2,149.37 2 1
github.com/Rain-kl/Wavelet/internal/apps/admin/template/routers.go:149.37,151.3 1 0
github.com/Rain-kl/Wavelet/internal/apps/admin/template/routers.go:153.2,153.42 1 1
github.com/Rain-kl/Wavelet/internal/apps/admin/template/routers.go:170.37,171.97 1 2
github.com/Rain-kl/Wavelet/internal/apps/admin/template/routers.go:171.97,173.3 1 1
github.com/Rain-kl/Wavelet/internal/apps/admin/template/routers.go:175.2,175.41 1 1
github.com/Rain-kl/Wavelet/internal/apps/admin/task/routers.go:36.36,38.2 1 1
github.com/Rain-kl/Wavelet/internal/apps/admin/task/routers.go:63.35,65.47 2 6
github.com/Rain-kl/Wavelet/internal/apps/admin/task/routers.go:65.47,68.3 2 1
github.com/Rain-kl/Wavelet/internal/apps/admin/task/routers.go:70.2,71.17 2 5
github.com/Rain-kl/Wavelet/internal/apps/admin/task/routers.go:71.17,74.3 2 1
github.com/Rain-kl/Wavelet/internal/apps/admin/task/routers.go:76.2,77.42 2 4
github.com/Rain-kl/Wavelet/internal/apps/admin/task/routers.go:77.42,79.3 1 3
github.com/Rain-kl/Wavelet/internal/apps/admin/task/routers.go:81.2,82.16 2 4
github.com/Rain-kl/Wavelet/internal/apps/admin/task/routers.go:82.16,85.3 2 2
github.com/Rain-kl/Wavelet/internal/apps/admin/task/routers.go:87.2,88.16 2 2
github.com/Rain-kl/Wavelet/internal/apps/admin/task/routers.go:88.16,91.3 2 0
github.com/Rain-kl/Wavelet/internal/apps/admin/task/routers.go:93.2,93.44 1 2
github.com/Rain-kl/Wavelet/internal/apps/admin/task/routers.go:110.41,112.48 2 5
github.com/Rain-kl/Wavelet/internal/apps/admin/task/routers.go:112.48,115.3 2 0
github.com/Rain-kl/Wavelet/internal/apps/admin/task/routers.go:117.2,117.24 1 5
github.com/Rain-kl/Wavelet/internal/apps/admin/task/routers.go:117.24,118.58 1 2
github.com/Rain-kl/Wavelet/internal/apps/admin/task/routers.go:118.58,120.4 1 1
github.com/Rain-kl/Wavelet/internal/apps/admin/task/routers.go:123.2,124.16 2 5
github.com/Rain-kl/Wavelet/internal/apps/admin/task/routers.go:124.16,127.3 2 0
github.com/Rain-kl/Wavelet/internal/apps/admin/task/routers.go:129.2,134.5 1 5
github.com/Rain-kl/Wavelet/internal/apps/admin/task/routers.go:150.39,152.16 2 3
github.com/Rain-kl/Wavelet/internal/apps/admin/task/routers.go:152.16,155.3 2 1
github.com/Rain-kl/Wavelet/internal/apps/admin/task/routers.go:157.2,158.16 2 2
github.com/Rain-kl/Wavelet/internal/apps/admin/task/routers.go:158.16,161.3 2 1
github.com/Rain-kl/Wavelet/internal/apps/admin/task/routers.go:163.2,163.47 1 1
github.com/Rain-kl/Wavelet/internal/apps/admin/task/routers.go:180.32,182.16 2 5
github.com/Rain-kl/Wavelet/internal/apps/admin/task/routers.go:182.16,185.3 2 1
github.com/Rain-kl/Wavelet/internal/apps/admin/task/routers.go:187.2,188.16 2 4
github.com/Rain-kl/Wavelet/internal/apps/admin/task/routers.go:188.16,190.10 2 3
github.com/Rain-kl/Wavelet/internal/apps/admin/task/routers.go:191.46,192.37 1 1
github.com/Rain-kl/Wavelet/internal/apps/admin/task/routers.go:193.158,194.39 1 2
github.com/Rain-kl/Wavelet/internal/apps/admin/task/routers.go:195.11,196.74 1 0
github.com/Rain-kl/Wavelet/internal/apps/admin/task/routers.go:198.3,198.9 1 3
github.com/Rain-kl/Wavelet/internal/apps/admin/task/routers.go:201.2,201.47 1 1
github.com/Rain-kl/Wavelet/internal/apps/admin/task/routers.go:214.36,216.16 2 0
github.com/Rain-kl/Wavelet/internal/apps/admin/task/routers.go:216.16,219.3 2 0
github.com/Rain-kl/Wavelet/internal/apps/admin/task/routers.go:220.2,220.47 1 0
github.com/Rain-kl/Wavelet/internal/apps/admin/task/routers.go:246.37,248.47 2 0
github.com/Rain-kl/Wavelet/internal/apps/admin/task/routers.go:248.47,251.3 2 0
github.com/Rain-kl/Wavelet/internal/apps/admin/task/routers.go:254.2,254.56 1 0
github.com/Rain-kl/Wavelet/internal/apps/admin/task/routers.go:254.56,257.3 2 0
github.com/Rain-kl/Wavelet/internal/apps/admin/task/routers.go:260.2,261.17 2 0
github.com/Rain-kl/Wavelet/internal/apps/admin/task/routers.go:261.17,264.3 2 0
github.com/Rain-kl/Wavelet/internal/apps/admin/task/routers.go:267.2,268.42 2 0
github.com/Rain-kl/Wavelet/internal/apps/admin/task/routers.go:268.42,270.3 1 0
github.com/Rain-kl/Wavelet/internal/apps/admin/task/routers.go:271.2,272.16 2 0
github.com/Rain-kl/Wavelet/internal/apps/admin/task/routers.go:272.16,275.3 2 0
github.com/Rain-kl/Wavelet/internal/apps/admin/task/routers.go:277.2,285.81 2 0
github.com/Rain-kl/Wavelet/internal/apps/admin/task/routers.go:285.81,288.3 2 0
github.com/Rain-kl/Wavelet/internal/apps/admin/task/routers.go:291.2,291.52 1 0
github.com/Rain-kl/Wavelet/internal/apps/admin/task/routers.go:291.52,293.3 1 0
github.com/Rain-kl/Wavelet/internal/apps/admin/task/routers.go:295.2,295.46 1 0
github.com/Rain-kl/Wavelet/internal/apps/admin/task/routers.go:323.37,325.16 2 0
github.com/Rain-kl/Wavelet/internal/apps/admin/task/routers.go:325.16,328.3 2 0
github.com/Rain-kl/Wavelet/internal/apps/admin/task/routers.go:330.2,331.47 2 0
github.com/Rain-kl/Wavelet/internal/apps/admin/task/routers.go:331.47,334.3 2 0
github.com/Rain-kl/Wavelet/internal/apps/admin/task/routers.go:337.2,338.16 2 0
github.com/Rain-kl/Wavelet/internal/apps/admin/task/routers.go:338.16,341.3 2 0
github.com/Rain-kl/Wavelet/internal/apps/admin/task/routers.go:344.2,344.56 1 0
github.com/Rain-kl/Wavelet/internal/apps/admin/task/routers.go:344.56,347.3 2 0
github.com/Rain-kl/Wavelet/internal/apps/admin/task/routers.go:350.2,351.17 2 0
github.com/Rain-kl/Wavelet/internal/apps/admin/task/routers.go:351.17,354.3 2 0
github.com/Rain-kl/Wavelet/internal/apps/admin/task/routers.go:357.2,358.42 2 0
github.com/Rain-kl/Wavelet/internal/apps/admin/task/routers.go:358.42,360.3 1 0
github.com/Rain-kl/Wavelet/internal/apps/admin/task/routers.go:361.2,362.16 2 0
github.com/Rain-kl/Wavelet/internal/apps/admin/task/routers.go:362.16,365.3 2 0
github.com/Rain-kl/Wavelet/internal/apps/admin/task/routers.go:367.2,373.81 6 0
github.com/Rain-kl/Wavelet/internal/apps/admin/task/routers.go:373.81,376.3 2 0
github.com/Rain-kl/Wavelet/internal/apps/admin/task/routers.go:379.2,379.52 1 0
github.com/Rain-kl/Wavelet/internal/apps/admin/task/routers.go:379.52,381.3 1 0
github.com/Rain-kl/Wavelet/internal/apps/admin/task/routers.go:383.2,383.46 1 0
github.com/Rain-kl/Wavelet/internal/apps/admin/task/routers.go:399.37,401.16 2 0
github.com/Rain-kl/Wavelet/internal/apps/admin/task/routers.go:401.16,404.3 2 0
github.com/Rain-kl/Wavelet/internal/apps/admin/task/routers.go:406.2,406.75 1 0
github.com/Rain-kl/Wavelet/internal/apps/admin/task/routers.go:406.75,409.3 2 0
github.com/Rain-kl/Wavelet/internal/apps/admin/task/routers.go:412.2,412.52 1 0
github.com/Rain-kl/Wavelet/internal/apps/admin/task/routers.go:412.52,414.3 1 0
github.com/Rain-kl/Wavelet/internal/apps/admin/task/routers.go:416.2,416.41 1 0
github.com/Rain-kl/Wavelet/internal/apps/admin/updater/logics.go:90.46,92.39 2 5
github.com/Rain-kl/Wavelet/internal/apps/admin/updater/logics.go:92.39,94.3 1 0
github.com/Rain-kl/Wavelet/internal/apps/admin/updater/logics.go:95.2,95.38 1 5
github.com/Rain-kl/Wavelet/internal/apps/admin/updater/logics.go:95.38,97.3 1 0
github.com/Rain-kl/Wavelet/internal/apps/admin/updater/logics.go:98.2,98.30 1 5
github.com/Rain-kl/Wavelet/internal/apps/admin/updater/logics.go:98.30,100.3 1 0
github.com/Rain-kl/Wavelet/internal/apps/admin/updater/logics.go:101.2,101.16 1 5
github.com/Rain-kl/Wavelet/internal/apps/admin/updater/logics.go:104.50,106.15 2 4
github.com/Rain-kl/Wavelet/internal/apps/admin/updater/logics.go:106.15,108.3 1 0
github.com/Rain-kl/Wavelet/internal/apps/admin/updater/logics.go:110.2,110.35 1 4
github.com/Rain-kl/Wavelet/internal/apps/admin/updater/logics.go:110.35,112.55 2 2
github.com/Rain-kl/Wavelet/internal/apps/admin/updater/logics.go:112.55,114.4 1 1
github.com/Rain-kl/Wavelet/internal/apps/admin/updater/logics.go:115.3,115.46 1 1
github.com/Rain-kl/Wavelet/internal/apps/admin/updater/logics.go:118.2,119.71 2 2
github.com/Rain-kl/Wavelet/internal/apps/admin/updater/logics.go:119.71,121.3 1 1
github.com/Rain-kl/Wavelet/internal/apps/admin/updater/logics.go:122.2,123.54 2 1
github.com/Rain-kl/Wavelet/internal/apps/admin/updater/logics.go:123.54,125.3 1 0
github.com/Rain-kl/Wavelet/internal/apps/admin/updater/logics.go:126.2,126.18 1 1
github.com/Rain-kl/Wavelet/internal/apps/admin/updater/logics.go:129.43,131.31 2 8
github.com/Rain-kl/Wavelet/internal/apps/admin/updater/logics.go:131.31,133.3 1 0
github.com/Rain-kl/Wavelet/internal/apps/admin/updater/logics.go:134.2,134.89 1 8
github.com/Rain-kl/Wavelet/internal/apps/admin/updater/logics.go:137.58,139.76 2 5
github.com/Rain-kl/Wavelet/internal/apps/admin/updater/logics.go:139.76,141.28 2 5
github.com/Rain-kl/Wavelet/internal/apps/admin/updater/logics.go:141.28,143.33 2 5
github.com/Rain-kl/Wavelet/internal/apps/admin/updater/logics.go:143.33,145.5 1 0
github.com/Rain-kl/Wavelet/internal/apps/admin/updater/logics.go:146.4,146.112 1 5
github.com/Rain-kl/Wavelet/internal/apps/admin/updater/logics.go:149.2,149.14 1 5
github.com/Rain-kl/Wavelet/internal/apps/admin/updater/logics.go:152.108,157.35 4 2
github.com/Rain-kl/Wavelet/internal/apps/admin/updater/logics.go:157.35,159.37 2 5
github.com/Rain-kl/Wavelet/internal/apps/admin/updater/logics.go:159.37,160.12 1 0
github.com/Rain-kl/Wavelet/internal/apps/admin/updater/logics.go:162.3,163.40 2 5
github.com/Rain-kl/Wavelet/internal/apps/admin/updater/logics.go:163.40,165.39 2 5
github.com/Rain-kl/Wavelet/internal/apps/admin/updater/logics.go:165.39,166.27 1 7
github.com/Rain-kl/Wavelet/internal/apps/admin/updater/logics.go:166.27,168.11 2 4
github.com/Rain-kl/Wavelet/internal/apps/admin/updater/logics.go:171.4,171.79 1 5
github.com/Rain-kl/Wavelet/internal/apps/admin/updater/logics.go:171.79,172.13 1 1
github.com/Rain-kl/Wavelet/internal/apps/admin/updater/logics.go:174.4,174.77 1 4
github.com/Rain-kl/Wavelet/internal/apps/admin/updater/logics.go:174.77,178.5 3 4
github.com/Rain-kl/Wavelet/internal/apps/admin/updater/logics.go:182.2,182.27 1 2
github.com/Rain-kl/Wavelet/internal/apps/admin/updater/logics.go:182.27,184.3 1 0
github.com/Rain-kl/Wavelet/internal/apps/admin/updater/logics.go:185.2,185.37 1 2
github.com/Rain-kl/Wavelet/internal/apps/admin/updater/logics.go:188.109,195.16 2 0
github.com/Rain-kl/Wavelet/internal/apps/admin/updater/logics.go:195.16,197.3 1 0
github.com/Rain-kl/Wavelet/internal/apps/admin/updater/logics.go:198.2,203.16 5 0
github.com/Rain-kl/Wavelet/internal/apps/admin/updater/logics.go:203.16,205.3 1 0
github.com/Rain-kl/Wavelet/internal/apps/admin/updater/logics.go:206.2,206.15 1 0
github.com/Rain-kl/Wavelet/internal/apps/admin/updater/logics.go:206.15,209.3 1 0
github.com/Rain-kl/Wavelet/internal/apps/admin/updater/logics.go:210.2,210.38 1 0
github.com/Rain-kl/Wavelet/internal/apps/admin/updater/logics.go:210.38,212.3 1 0
github.com/Rain-kl/Wavelet/internal/apps/admin/updater/logics.go:214.2,216.50 3 0
github.com/Rain-kl/Wavelet/internal/apps/admin/updater/logics.go:216.50,218.3 1 0
github.com/Rain-kl/Wavelet/internal/apps/admin/updater/logics.go:220.2,221.16 2 0
github.com/Rain-kl/Wavelet/internal/apps/admin/updater/logics.go:221.16,223.3 1 0
github.com/Rain-kl/Wavelet/internal/apps/admin/updater/logics.go:224.2,225.28 2 0
github.com/Rain-kl/Wavelet/internal/apps/admin/updater/logics.go:228.58,230.16 2 0
github.com/Rain-kl/Wavelet/internal/apps/admin/updater/logics.go:230.16,232.3 1 0
github.com/Rain-kl/Wavelet/internal/apps/admin/updater/logics.go:233.2,233.38 1 0
github.com/Rain-kl/Wavelet/internal/apps/admin/updater/logics.go:236.77,238.16 2 0
github.com/Rain-kl/Wavelet/internal/apps/admin/updater/logics.go:238.16,240.3 1 0
github.com/Rain-kl/Wavelet/internal/apps/admin/updater/logics.go:241.2,242.16 2 0
github.com/Rain-kl/Wavelet/internal/apps/admin/updater/logics.go:242.16,244.3 1 0
github.com/Rain-kl/Wavelet/internal/apps/admin/updater/logics.go:246.2,266.15 5 0
github.com/Rain-kl/Wavelet/internal/apps/admin/updater/logics.go:269.111,270.52 1 0
github.com/Rain-kl/Wavelet/internal/apps/admin/updater/logics.go:270.52,272.3 1 0
github.com/Rain-kl/Wavelet/internal/apps/admin/updater/logics.go:273.2,275.16 3 0
github.com/Rain-kl/Wavelet/internal/apps/admin/updater/logics.go:275.16,277.3 1 0
github.com/Rain-kl/Wavelet/internal/apps/admin/updater/logics.go:278.2,281.16 3 0
github.com/Rain-kl/Wavelet/internal/apps/admin/updater/logics.go:281.16,283.3 1 0
github.com/Rain-kl/Wavelet/internal/apps/admin/updater/logics.go:284.2,284.15 1 0
github.com/Rain-kl/Wavelet/internal/apps/admin/updater/logics.go:284.15,287.3 1 0
github.com/Rain-kl/Wavelet/internal/apps/admin/updater/logics.go:288.2,288.38 1 0
github.com/Rain-kl/Wavelet/internal/apps/admin/updater/logics.go:288.38,290.3 1 0
github.com/Rain-kl/Wavelet/internal/apps/admin/updater/logics.go:292.2,293.16 2 0
github.com/Rain-kl/Wavelet/internal/apps/admin/updater/logics.go:293.16,295.3 1 0
github.com/Rain-kl/Wavelet/internal/apps/admin/updater/logics.go:297.2,298.16 2 0
github.com/Rain-kl/Wavelet/internal/apps/admin/updater/logics.go:298.16,301.3 2 0
github.com/Rain-kl/Wavelet/internal/apps/admin/updater/logics.go:302.2,302.37 1 0
github.com/Rain-kl/Wavelet/internal/apps/admin/updater/logics.go:302.37,304.3 1 0
github.com/Rain-kl/Wavelet/internal/apps/admin/updater/logics.go:305.2,305.55 1 0
github.com/Rain-kl/Wavelet/internal/apps/admin/updater/logics.go:305.55,307.3 1 0
github.com/Rain-kl/Wavelet/internal/apps/admin/updater/logics.go:308.2,309.12 2 0
github.com/Rain-kl/Wavelet/internal/apps/admin/updater/logics.go:312.64,314.116 2 0
github.com/Rain-kl/Wavelet/internal/apps/admin/updater/logics.go:314.116,316.3 1 0
github.com/Rain-kl/Wavelet/internal/apps/admin/updater/logics.go:317.2,319.100 3 0
github.com/Rain-kl/Wavelet/internal/apps/admin/updater/logics.go:319.100,321.3 1 0
github.com/Rain-kl/Wavelet/internal/apps/admin/updater/logics.go:322.2,322.20 1 0
github.com/Rain-kl/Wavelet/internal/apps/admin/updater/logics.go:325.61,326.39 1 0
github.com/Rain-kl/Wavelet/internal/apps/admin/updater/logics.go:326.39,327.32 1 0
github.com/Rain-kl/Wavelet/internal/apps/admin/updater/logics.go:327.32,328.42 1 0
github.com/Rain-kl/Wavelet/internal/apps/admin/updater/logics.go:328.42,330.5 1 0
github.com/Rain-kl/Wavelet/internal/apps/admin/updater/logics.go:331.9,332.25 1 0
github.com/Rain-kl/Wavelet/internal/apps/admin/updater/logics.go:332.25,334.5 1 0
github.com/Rain-kl/Wavelet/internal/apps/admin/updater/logics.go:337.2,337.14 1 0
github.com/Rain-kl/Wavelet/internal/apps/admin/updater/logics.go:340.77,344.31 3 0
github.com/Rain-kl/Wavelet/internal/apps/admin/updater/logics.go:344.31,346.85 2 0
github.com/Rain-kl/Wavelet/internal/apps/admin/updater/logics.go:346.85,348.4 1 0
github.com/Rain-kl/Wavelet/internal/apps/admin/updater/logics.go:349.3,349.34 1 0
github.com/Rain-kl/Wavelet/internal/apps/admin/updater/logics.go:349.34,350.24 1 0
github.com/Rain-kl/Wavelet/internal/apps/admin/updater/logics.go:350.24,352.5 1 0
github.com/Rain-kl/Wavelet/internal/apps/admin/updater/logics.go:354.3,354.30 1 0
github.com/Rain-kl/Wavelet/internal/apps/admin/updater/logics.go:357.2,357.76 1 0
github.com/Rain-kl/Wavelet/internal/apps/admin/updater/logics.go:357.76,359.3 1 0
github.com/Rain-kl/Wavelet/internal/apps/admin/updater/logics.go:360.2,362.14 2 0
github.com/Rain-kl/Wavelet/internal/apps/admin/updater/logics.go:365.69,366.11 1 0
github.com/Rain-kl/Wavelet/internal/apps/admin/updater/logics.go:366.11,368.3 1 0
github.com/Rain-kl/Wavelet/internal/apps/admin/updater/logics.go:369.2,375.34 3 0
github.com/Rain-kl/Wavelet/internal/apps/admin/updater/logics.go:375.34,376.36 1 0
github.com/Rain-kl/Wavelet/internal/apps/admin/updater/logics.go:376.36,378.4 1 0
github.com/Rain-kl/Wavelet/internal/apps/admin/updater/logics.go:381.2,381.31 1 0
github.com/Rain-kl/Wavelet/internal/apps/admin/updater/logics.go:381.31,383.3 1 0
github.com/Rain-kl/Wavelet/internal/apps/admin/updater/logics.go:386.2,386.62 1 0
github.com/Rain-kl/Wavelet/internal/apps/admin/updater/logics.go:389.81,391.16 2 0
github.com/Rain-kl/Wavelet/internal/apps/admin/updater/logics.go:391.16,393.3 1 0
github.com/Rain-kl/Wavelet/internal/apps/admin/updater/logics.go:394.2,394.15 1 0
github.com/Rain-kl/Wavelet/internal/apps/admin/updater/logics.go:394.15,396.3 1 0
github.com/Rain-kl/Wavelet/internal/apps/admin/updater/logics.go:398.2,399.16 2 0
github.com/Rain-kl/Wavelet/internal/apps/admin/updater/logics.go:399.16,401.3 1 0
github.com/Rain-kl/Wavelet/internal/apps/admin/updater/logics.go:402.2,402.15 1 0
github.com/Rain-kl/Wavelet/internal/apps/admin/updater/logics.go:402.15,404.3 1 0
github.com/Rain-kl/Wavelet/internal/apps/admin/updater/logics.go:406.2,408.6 3 0
github.com/Rain-kl/Wavelet/internal/apps/admin/updater/logics.go:408.6,410.29 2 0
github.com/Rain-kl/Wavelet/internal/apps/admin/updater/logics.go:410.29,411.9 1 0
github.com/Rain-kl/Wavelet/internal/apps/admin/updater/logics.go:413.3,413.17 1 0
github.com/Rain-kl/Wavelet/internal/apps/admin/updater/logics.go:413.17,415.4 1 0
github.com/Rain-kl/Wavelet/internal/apps/admin/updater/logics.go:416.3,416.101 1 0
github.com/Rain-kl/Wavelet/internal/apps/admin/updater/logics.go:416.101,418.4 1 0
github.com/Rain-kl/Wavelet/internal/apps/admin/updater/logics.go:421.2,421.24 1 0
github.com/Rain-kl/Wavelet/internal/apps/admin/updater/logics.go:421.24,423.3 1 0
github.com/Rain-kl/Wavelet/internal/apps/admin/updater/logics.go:426.2,426.32 1 0
github.com/Rain-kl/Wavelet/internal/apps/admin/updater/logics.go:426.32,427.55 1 0
github.com/Rain-kl/Wavelet/internal/apps/admin/updater/logics.go:427.55,429.4 1 0
github.com/Rain-kl/Wavelet/internal/apps/admin/updater/logics.go:432.2,432.45 1 0
github.com/Rain-kl/Wavelet/internal/apps/admin/updater/logics.go:435.79,437.16 2 0
github.com/Rain-kl/Wavelet/internal/apps/admin/updater/logics.go:437.16,439.3 1 0
github.com/Rain-kl/Wavelet/internal/apps/admin/updater/logics.go:440.2,440.15 1 0
github.com/Rain-kl/Wavelet/internal/apps/admin/updater/logics.go:440.15,442.3 1 0
github.com/Rain-kl/Wavelet/internal/apps/admin/updater/logics.go:444.2,445.35 2 0
github.com/Rain-kl/Wavelet/internal/apps/admin/updater/logics.go:445.35,446.91 1 0
github.com/Rain-kl/Wavelet/internal/apps/admin/updater/logics.go:446.91,448.4 1 0
github.com/Rain-kl/Wavelet/internal/apps/admin/updater/logics.go:451.2,451.24 1 0
github.com/Rain-kl/Wavelet/internal/apps/admin/updater/logics.go:451.24,453.3 1 0
github.com/Rain-kl/Wavelet/internal/apps/admin/updater/logics.go:456.2,456.32 1 0
github.com/Rain-kl/Wavelet/internal/apps/admin/updater/logics.go:456.32,457.55 1 0
github.com/Rain-kl/Wavelet/internal/apps/admin/updater/logics.go:457.55,459.4 1 0
github.com/Rain-kl/Wavelet/internal/apps/admin/updater/logics.go:462.2,462.45 1 0
github.com/Rain-kl/Wavelet/internal/apps/admin/updater/logics.go:465.122,467.16 2 0
github.com/Rain-kl/Wavelet/internal/apps/admin/updater/logics.go:467.16,469.3 1 0
github.com/Rain-kl/Wavelet/internal/apps/admin/updater/logics.go:471.2,473.16 3 0
github.com/Rain-kl/Wavelet/internal/apps/admin/updater/logics.go:473.16,475.3 1 0
github.com/Rain-kl/Wavelet/internal/apps/admin/updater/logics.go:476.2,476.15 1 0
github.com/Rain-kl/Wavelet/internal/apps/admin/updater/logics.go:476.15,479.3 1 0
github.com/Rain-kl/Wavelet/internal/apps/admin/updater/logics.go:480.2,481.16 2 0
github.com/Rain-kl/Wavelet/internal/apps/admin/updater/logics.go:481.16,483.3 1 0
github.com/Rain-kl/Wavelet/internal/apps/admin/updater/logics.go:484.2,484.15 1 0
github.com/Rain-kl/Wavelet/internal/apps/admin/updater/logics.go:484.15,487.3 1 0
github.com/Rain-kl/Wavelet/internal/apps/admin/updater/logics.go:489.2,490.6 2 0
github.com/Rain-kl/Wavelet/internal/apps/admin/updater/logics.go:490.6,492.29 2 0
github.com/Rain-kl/Wavelet/internal/apps/admin/updater/logics.go:492.29,493.9 1 0
github.com/Rain-kl/Wavelet/internal/apps/admin/updater/logics.go:495.3,495.17 1 0
github.com/Rain-kl/Wavelet/internal/apps/admin/updater/logics.go:495.17,497.4 1 0
github.com/Rain-kl/Wavelet/internal/apps/admin/updater/logics.go:498.3,498.41 1 0
github.com/Rain-kl/Wavelet/internal/apps/admin/updater/logics.go:498.41,499.12 1 0
github.com/Rain-kl/Wavelet/internal/apps/admin/updater/logics.go:501.3,502.17 2 0
github.com/Rain-kl/Wavelet/internal/apps/admin/updater/logics.go:502.17,504.4 1 0
github.com/Rain-kl/Wavelet/internal/apps/admin/updater/logics.go:505.3,506.17 2 0
github.com/Rain-kl/Wavelet/internal/apps/admin/updater/logics.go:506.17,508.4 1 0
github.com/Rain-kl/Wavelet/internal/apps/admin/updater/logics.go:509.3,511.21 3 0
github.com/Rain-kl/Wavelet/internal/apps/admin/updater/logics.go:511.21,513.4 1 0
github.com/Rain-kl/Wavelet/internal/apps/admin/updater/logics.go:514.3,514.22 1 0
github.com/Rain-kl/Wavelet/internal/apps/admin/updater/logics.go:514.22,516.4 1 0
github.com/Rain-kl/Wavelet/internal/apps/admin/updater/logics.go:517.3,517.31 1 0
github.com/Rain-kl/Wavelet/internal/apps/admin/updater/logics.go:517.31,519.4 1 0
github.com/Rain-kl/Wavelet/internal/apps/admin/updater/logics.go:520.3,521.21 2 0
github.com/Rain-kl/Wavelet/internal/apps/admin/updater/logics.go:523.2,523.45 1 0
github.com/Rain-kl/Wavelet/internal/apps/admin/updater/logics.go:526.120,528.16 2 0
github.com/Rain-kl/Wavelet/internal/apps/admin/updater/logics.go:528.16,530.3 1 0
github.com/Rain-kl/Wavelet/internal/apps/admin/updater/logics.go:532.2,534.16 3 0
github.com/Rain-kl/Wavelet/internal/apps/admin/updater/logics.go:534.16,536.3 1 0
github.com/Rain-kl/Wavelet/internal/apps/admin/updater/logics.go:537.2,537.15 1 0
github.com/Rain-kl/Wavelet/internal/apps/admin/updater/logics.go:537.15,540.3 1 0
github.com/Rain-kl/Wavelet/internal/apps/admin/updater/logics.go:541.2,541.35 1 0
github.com/Rain-kl/Wavelet/internal/apps/admin/updater/logics.go:541.35,542.39 1 0
github.com/Rain-kl/Wavelet/internal/apps/admin/updater/logics.go:542.39,543.12 1 0
github.com/Rain-kl/Wavelet/internal/apps/admin/updater/logics.go:545.3,546.17 2 0
github.com/Rain-kl/Wavelet/internal/apps/admin/updater/logics.go:546.17,548.4 1 0
github.com/Rain-kl/Wavelet/internal/apps/admin/updater/logics.go:549.3,550.17 2 0
github.com/Rain-kl/Wavelet/internal/apps/admin/updater/logics.go:550.17,552.4 1 0
github.com/Rain-kl/Wavelet/internal/apps/admin/updater/logics.go:553.3,554.17 2 0
github.com/Rain-kl/Wavelet/internal/apps/admin/updater/logics.go:554.17,557.4 2 0
github.com/Rain-kl/Wavelet/internal/apps/admin/updater/logics.go:558.3,561.21 4 0
github.com/Rain-kl/Wavelet/internal/apps/admin/updater/logics.go:561.21,563.4 1 0
github.com/Rain-kl/Wavelet/internal/apps/admin/updater/logics.go:564.3,564.27 1 0
github.com/Rain-kl/Wavelet/internal/apps/admin/updater/logics.go:564.27,566.4 1 0
github.com/Rain-kl/Wavelet/internal/apps/admin/updater/logics.go:567.3,567.28 1 0
github.com/Rain-kl/Wavelet/internal/apps/admin/updater/logics.go:567.28,569.4 1 0
github.com/Rain-kl/Wavelet/internal/apps/admin/updater/logics.go:570.3,570.31 1 0
github.com/Rain-kl/Wavelet/internal/apps/admin/updater/logics.go:570.31,572.4 1 0
github.com/Rain-kl/Wavelet/internal/apps/admin/updater/logics.go:573.3,574.21 2 0
github.com/Rain-kl/Wavelet/internal/apps/admin/updater/logics.go:576.2,576.45 1 0
github.com/Rain-kl/Wavelet/internal/apps/admin/updater/logics.go:579.79,580.31 1 0
github.com/Rain-kl/Wavelet/internal/apps/admin/updater/logics.go:580.31,582.3 1 0
github.com/Rain-kl/Wavelet/internal/apps/admin/updater/logics.go:583.2,583.47 1 0
github.com/Rain-kl/Wavelet/internal/apps/admin/updater/logics.go:583.47,585.3 1 0
github.com/Rain-kl/Wavelet/internal/apps/admin/updater/logics.go:587.2,589.17 3 0
github.com/Rain-kl/Wavelet/internal/apps/admin/updater/logics.go:589.17,591.3 1 0
github.com/Rain-kl/Wavelet/internal/apps/admin/updater/logics.go:593.2,594.16 2 0
github.com/Rain-kl/Wavelet/internal/apps/admin/updater/logics.go:594.16,596.3 1 0
github.com/Rain-kl/Wavelet/internal/apps/admin/updater/logics.go:597.2,597.29 1 0
github.com/Rain-kl/Wavelet/internal/apps/admin/updater/logics.go:597.29,599.3 1 0
github.com/Rain-kl/Wavelet/internal/apps/admin/updater/logics.go:601.2,604.16 3 0
github.com/Rain-kl/Wavelet/internal/apps/admin/updater/logics.go:604.16,606.3 1 0
github.com/Rain-kl/Wavelet/internal/apps/admin/updater/logics.go:607.2,608.16 2 0
github.com/Rain-kl/Wavelet/internal/apps/admin/updater/logics.go:608.16,610.3 1 0
github.com/Rain-kl/Wavelet/internal/apps/admin/updater/logics.go:612.2,613.16 2 0
github.com/Rain-kl/Wavelet/internal/apps/admin/updater/logics.go:613.16,615.3 1 0
github.com/Rain-kl/Wavelet/internal/apps/admin/updater/logics.go:617.2,618.75 2 0
github.com/Rain-kl/Wavelet/internal/apps/admin/updater/logics.go:618.75,622.3 2 0
github.com/Rain-kl/Wavelet/internal/apps/admin/updater/logics.go:624.2,628.43 4 0
github.com/Rain-kl/Wavelet/internal/apps/admin/updater/logics.go:628.43,630.3 1 0
github.com/Rain-kl/Wavelet/internal/apps/admin/updater/logics.go:630.8,632.3 1 0
github.com/Rain-kl/Wavelet/internal/apps/admin/updater/logics.go:633.2,633.16 1 0
github.com/Rain-kl/Wavelet/internal/apps/admin/updater/logics.go:633.16,637.3 2 0
github.com/Rain-kl/Wavelet/internal/apps/admin/updater/logics.go:638.2,640.38 3 0
github.com/Rain-kl/Wavelet/internal/apps/admin/updater/logics.go:643.35,647.2 3 0
github.com/Rain-kl/Wavelet/internal/apps/admin/updater/restart_unix.go:20.63,25.65 4 0
github.com/Rain-kl/Wavelet/internal/apps/admin/updater/restart_unix.go:25.65,27.3 1 0
github.com/Rain-kl/Wavelet/internal/apps/admin/updater/restart_unix.go:29.2,29.54 1 0
github.com/Rain-kl/Wavelet/internal/apps/admin/updater/restart_unix.go:29.54,31.3 1 0
github.com/Rain-kl/Wavelet/internal/apps/admin/updater/restart_unix.go:33.2,33.60 1 0
github.com/Rain-kl/Wavelet/internal/apps/admin/updater/restart_unix.go:33.60,36.3 2 0
github.com/Rain-kl/Wavelet/internal/apps/admin/updater/restart_unix.go:38.2,38.66 1 0
github.com/Rain-kl/Wavelet/internal/apps/admin/updater/restart_unix.go:38.66,42.3 3 0
github.com/Rain-kl/Wavelet/internal/apps/admin/updater/restart_unix.go:44.2,49.56 4 0
github.com/Rain-kl/Wavelet/internal/apps/admin/updater/routers.go:29.38,31.16 2 0
github.com/Rain-kl/Wavelet/internal/apps/admin/updater/routers.go:31.16,35.3 3 0
github.com/Rain-kl/Wavelet/internal/apps/admin/updater/routers.go:36.2,36.44 1 0
github.com/Rain-kl/Wavelet/internal/apps/admin/updater/routers.go:51.34,53.16 2 0
github.com/Rain-kl/Wavelet/internal/apps/admin/updater/routers.go:53.16,57.3 3 0
github.com/Rain-kl/Wavelet/internal/apps/admin/updater/routers.go:59.2,62.17 3 0
github.com/Rain-kl/Wavelet/internal/apps/admin/updater/routers.go:62.17,64.69 2 0
github.com/Rain-kl/Wavelet/internal/apps/admin/updater/routers.go:64.69,67.4 2 0
github.com/Rain-kl/Wavelet/internal/apps/custom/routers.go:23.28,25.2 1 0
github.com/Rain-kl/Wavelet/internal/apps/health/routers.go:23.29,25.2 1 0
github.com/Rain-kl/Wavelet/internal/apps/message_gateway/runner/inbound.go:29.92,31.59 2 4
github.com/Rain-kl/Wavelet/internal/apps/message_gateway/runner/inbound.go:31.59,33.3 1 0
github.com/Rain-kl/Wavelet/internal/apps/message_gateway/runner/inbound.go:34.2,35.62 2 4
github.com/Rain-kl/Wavelet/internal/apps/message_gateway/runner/inbound.go:35.62,37.17 2 2
github.com/Rain-kl/Wavelet/internal/apps/message_gateway/runner/inbound.go:37.17,39.4 1 0
github.com/Rain-kl/Wavelet/internal/apps/message_gateway/runner/inbound.go:40.3,41.17 2 2
github.com/Rain-kl/Wavelet/internal/apps/message_gateway/runner/inbound.go:41.17,43.4 1 0
github.com/Rain-kl/Wavelet/internal/apps/message_gateway/runner/inbound.go:44.3,45.17 2 2
github.com/Rain-kl/Wavelet/internal/apps/message_gateway/runner/inbound.go:45.17,47.4 1 0
github.com/Rain-kl/Wavelet/internal/apps/message_gateway/runner/inbound.go:48.3,52.5 2 2
github.com/Rain-kl/Wavelet/internal/apps/message_gateway/runner/inbound.go:55.2,57.41 3 2
github.com/Rain-kl/Wavelet/internal/apps/message_gateway/runner/inbound.go:57.41,63.3 2 1
github.com/Rain-kl/Wavelet/internal/apps/message_gateway/runner/inbound.go:64.2,67.4 1 1
github.com/Rain-kl/Wavelet/internal/apps/message_gateway/runner/runner.go:32.26,33.34 1 0
github.com/Rain-kl/Wavelet/internal/apps/message_gateway/runner/runner.go:33.34,36.3 2 0
github.com/Rain-kl/Wavelet/internal/apps/message_gateway/runner/runner.go:46.39,52.36 3 0
github.com/Rain-kl/Wavelet/internal/apps/message_gateway/runner/runner.go:52.36,54.3 1 0
github.com/Rain-kl/Wavelet/internal/apps/message_gateway/runner/runner.go:55.2,57.6 3 0
github.com/Rain-kl/Wavelet/internal/apps/message_gateway/runner/runner.go:57.6,58.10 1 0
github.com/Rain-kl/Wavelet/internal/apps/message_gateway/runner/runner.go:59.21,61.20 2 0
github.com/Rain-kl/Wavelet/internal/apps/message_gateway/runner/runner.go:62.19,63.68 1 0
github.com/Rain-kl/Wavelet/internal/apps/message_gateway/runner/runner.go:63.68,65.5 1 0
github.com/Rain-kl/Wavelet/internal/apps/message_gateway/runner/runner.go:66.4,66.38 1 0
github.com/Rain-kl/Wavelet/internal/apps/message_gateway/runner/runner.go:66.38,68.5 1 0
github.com/Rain-kl/Wavelet/internal/apps/message_gateway/runner/runner.go:79.51,81.16 2 0
github.com/Rain-kl/Wavelet/internal/apps/message_gateway/runner/runner.go:81.16,83.3 1 0
github.com/Rain-kl/Wavelet/internal/apps/message_gateway/runner/runner.go:84.2,85.27 2 0
github.com/Rain-kl/Wavelet/internal/apps/message_gateway/runner/runner.go:85.27,87.3 1 0
github.com/Rain-kl/Wavelet/internal/apps/message_gateway/runner/runner.go:89.2,92.33 3 0
github.com/Rain-kl/Wavelet/internal/apps/message_gateway/runner/runner.go:92.33,94.65 2 0
github.com/Rain-kl/Wavelet/internal/apps/message_gateway/runner/runner.go:94.65,96.4 1 0
github.com/Rain-kl/Wavelet/internal/apps/message_gateway/runner/runner.go:99.2,99.28 1 0
github.com/Rain-kl/Wavelet/internal/apps/message_gateway/runner/runner.go:99.28,100.19 1 0
github.com/Rain-kl/Wavelet/internal/apps/message_gateway/runner/runner.go:100.19,101.12 1 0
github.com/Rain-kl/Wavelet/internal/apps/message_gateway/runner/runner.go:103.3,103.33 1 0
github.com/Rain-kl/Wavelet/internal/apps/message_gateway/runner/runner.go:103.33,104.12 1 0
github.com/Rain-kl/Wavelet/internal/apps/message_gateway/runner/runner.go:106.3,106.49 1 0
github.com/Rain-kl/Wavelet/internal/apps/message_gateway/runner/runner.go:106.49,108.4 1 0
github.com/Rain-kl/Wavelet/internal/apps/message_gateway/runner/runner.go:110.2,110.12 1 0
github.com/Rain-kl/Wavelet/internal/apps/message_gateway/runner/runner.go:113.84,114.33 1 0
github.com/Rain-kl/Wavelet/internal/apps/message_gateway/runner/runner.go:114.33,117.3 2 0
github.com/Rain-kl/Wavelet/internal/apps/message_gateway/runner/runner.go:119.2,120.16 2 0
github.com/Rain-kl/Wavelet/internal/apps/message_gateway/runner/runner.go:120.16,123.3 2 0
github.com/Rain-kl/Wavelet/internal/apps/message_gateway/runner/runner.go:124.2,125.9 2 0
github.com/Rain-kl/Wavelet/internal/apps/message_gateway/runner/runner.go:125.9,127.3 1 0
github.com/Rain-kl/Wavelet/internal/apps/message_gateway/runner/runner.go:129.2,135.77 3 0
github.com/Rain-kl/Wavelet/internal/apps/message_gateway/runner/runner.go:135.77,138.4 2 0
github.com/Rain-kl/Wavelet/internal/apps/message_gateway/runner/runner.go:139.108,140.19 1 0
github.com/Rain-kl/Wavelet/internal/apps/message_gateway/runner/runner.go:140.19,142.5 1 0
github.com/Rain-kl/Wavelet/internal/apps/message_gateway/runner/runner.go:143.4,143.34 1 0
github.com/Rain-kl/Wavelet/internal/apps/message_gateway/runner/runner.go:146.2,152.73 1 0
github.com/Rain-kl/Wavelet/internal/apps/message_gateway/runner/runner.go:152.73,153.16 1 0
github.com/Rain-kl/Wavelet/internal/apps/message_gateway/runner/runner.go:153.16,154.36 1 0
github.com/Rain-kl/Wavelet/internal/apps/message_gateway/runner/runner.go:154.36,156.5 1 0
github.com/Rain-kl/Wavelet/internal/apps/message_gateway/runner/runner.go:158.3,158.31 1 0
github.com/Rain-kl/Wavelet/internal/apps/message_gateway/runner/runner.go:160.2,160.16 1 0
github.com/Rain-kl/Wavelet/internal/apps/message_gateway/runner/runner.go:160.16,163.3 2 0
github.com/Rain-kl/Wavelet/internal/apps/message_gateway/runner/runner.go:164.2,165.43 2 0
github.com/Rain-kl/Wavelet/internal/apps/message_gateway/runner/runner.go:165.43,169.3 3 0
github.com/Rain-kl/Wavelet/internal/apps/message_gateway/runner/runner.go:170.2,173.12 4 0
github.com/Rain-kl/Wavelet/internal/apps/message_gateway/runner/runner.go:176.62,178.9 2 0
github.com/Rain-kl/Wavelet/internal/apps/message_gateway/runner/runner.go:178.9,180.3 1 0
github.com/Rain-kl/Wavelet/internal/apps/message_gateway/runner/runner.go:181.2,182.47 2 0
github.com/Rain-kl/Wavelet/internal/apps/message_gateway/runner/runner.go:182.47,184.3 1 0
github.com/Rain-kl/Wavelet/internal/apps/message_gateway/runner/runner.go:185.2,186.24 2 0
github.com/Rain-kl/Wavelet/internal/apps/message_gateway/runner/runner.go:189.48,192.28 3 0
github.com/Rain-kl/Wavelet/internal/apps/message_gateway/runner/runner.go:192.28,194.3 1 0
github.com/Rain-kl/Wavelet/internal/apps/message_gateway/runner/runner.go:197.68,198.21 1 0
github.com/Rain-kl/Wavelet/internal/apps/message_gateway/runner/runner.go:198.21,200.3 1 0
github.com/Rain-kl/Wavelet/internal/apps/message_gateway/runner/runner.go:201.2,202.16 2 0
github.com/Rain-kl/Wavelet/internal/apps/message_gateway/runner/runner.go:202.16,205.3 2 0
github.com/Rain-kl/Wavelet/internal/apps/message_gateway/runner/runner.go:206.2,206.11 1 0
github.com/Rain-kl/Wavelet/internal/apps/message_gateway/runner/runner.go:209.60,210.21 1 0
github.com/Rain-kl/Wavelet/internal/apps/message_gateway/runner/runner.go:210.21,212.3 1 0
github.com/Rain-kl/Wavelet/internal/apps/message_gateway/runner/runner.go:213.2,215.6 3 0
github.com/Rain-kl/Wavelet/internal/apps/message_gateway/runner/runner.go:215.6,216.10 1 0
github.com/Rain-kl/Wavelet/internal/apps/message_gateway/runner/runner.go:217.21,218.10 1 0
github.com/Rain-kl/Wavelet/internal/apps/message_gateway/runner/runner.go:219.19,220.56 1 0
github.com/Rain-kl/Wavelet/internal/apps/message_gateway/runner/runner.go:225.63,226.21 1 0
github.com/Rain-kl/Wavelet/internal/apps/message_gateway/runner/runner.go:226.21,228.3 1 0
github.com/Rain-kl/Wavelet/internal/apps/message_gateway/runner/runner.go:229.2,229.42 1 0
github.com/Rain-kl/Wavelet/internal/apps/message_gateway/runner/runner.go:232.32,234.2 1 0
github.com/Rain-kl/Wavelet/internal/apps/message_gateway/runner/runner.go:236.22,239.2 2 0
github.com/Rain-kl/Wavelet/internal/apps/message_gateway/handlers.go:17.54,19.2 1 0
github.com/Rain-kl/Wavelet/internal/apps/message_gateway/handlers.go:30.35,31.52 1 0
github.com/Rain-kl/Wavelet/internal/apps/message_gateway/handlers.go:31.52,34.3 2 0
github.com/Rain-kl/Wavelet/internal/apps/message_gateway/handlers.go:35.2,36.16 2 0
github.com/Rain-kl/Wavelet/internal/apps/message_gateway/handlers.go:36.16,39.3 2 0
github.com/Rain-kl/Wavelet/internal/apps/message_gateway/handlers.go:40.2,40.42 1 0
github.com/Rain-kl/Wavelet/internal/apps/message_gateway/handlers.go:52.35,54.24 2 0
github.com/Rain-kl/Wavelet/internal/apps/message_gateway/handlers.go:54.24,57.3 2 0
github.com/Rain-kl/Wavelet/internal/apps/message_gateway/handlers.go:58.2,59.16 2 0
github.com/Rain-kl/Wavelet/internal/apps/message_gateway/handlers.go:59.16,62.3 2 0
github.com/Rain-kl/Wavelet/internal/apps/message_gateway/handlers.go:63.2,63.42 1 0
github.com/Rain-kl/Wavelet/internal/apps/message_gateway/handlers.go:78.34,80.24 2 0
github.com/Rain-kl/Wavelet/internal/apps/message_gateway/handlers.go:80.24,83.3 2 0
github.com/Rain-kl/Wavelet/internal/apps/message_gateway/handlers.go:84.2,85.47 2 0
github.com/Rain-kl/Wavelet/internal/apps/message_gateway/handlers.go:85.47,88.3 2 0
github.com/Rain-kl/Wavelet/internal/apps/message_gateway/handlers.go:89.2,90.16 2 0
github.com/Rain-kl/Wavelet/internal/apps/message_gateway/handlers.go:90.16,91.46 1 0
github.com/Rain-kl/Wavelet/internal/apps/message_gateway/handlers.go:91.46,94.4 2 0
github.com/Rain-kl/Wavelet/internal/apps/message_gateway/handlers.go:95.3,96.9 2 0
github.com/Rain-kl/Wavelet/internal/apps/message_gateway/handlers.go:98.2,98.41 1 0
github.com/Rain-kl/Wavelet/internal/apps/message_gateway/handlers.go:112.36,114.24 2 0
github.com/Rain-kl/Wavelet/internal/apps/message_gateway/handlers.go:114.24,117.3 2 0
github.com/Rain-kl/Wavelet/internal/apps/message_gateway/handlers.go:118.2,119.16 2 0
github.com/Rain-kl/Wavelet/internal/apps/message_gateway/handlers.go:119.16,122.3 2 0
github.com/Rain-kl/Wavelet/internal/apps/message_gateway/handlers.go:123.2,123.72 1 0
github.com/Rain-kl/Wavelet/internal/apps/message_gateway/handlers.go:123.72,124.41 1 0
github.com/Rain-kl/Wavelet/internal/apps/message_gateway/handlers.go:124.41,127.4 2 0
github.com/Rain-kl/Wavelet/internal/apps/message_gateway/handlers.go:128.3,128.42 1 0
github.com/Rain-kl/Wavelet/internal/apps/message_gateway/handlers.go:128.42,131.4 2 0
github.com/Rain-kl/Wavelet/internal/apps/message_gateway/handlers.go:132.3,133.9 2 0
github.com/Rain-kl/Wavelet/internal/apps/message_gateway/handlers.go:135.2,135.41 1 0
github.com/Rain-kl/Wavelet/internal/apps/message_gateway/logics.go:36.91,38.34 2 3
github.com/Rain-kl/Wavelet/internal/apps/message_gateway/logics.go:38.34,40.3 1 0
github.com/Rain-kl/Wavelet/internal/apps/message_gateway/logics.go:41.2,42.16 2 3
github.com/Rain-kl/Wavelet/internal/apps/message_gateway/logics.go:42.16,44.3 1 0
github.com/Rain-kl/Wavelet/internal/apps/message_gateway/logics.go:45.2,46.16 2 3
github.com/Rain-kl/Wavelet/internal/apps/message_gateway/logics.go:46.16,47.45 1 0
github.com/Rain-kl/Wavelet/internal/apps/message_gateway/logics.go:47.45,49.4 1 0
github.com/Rain-kl/Wavelet/internal/apps/message_gateway/logics.go:50.3,50.27 1 0
github.com/Rain-kl/Wavelet/internal/apps/message_gateway/logics.go:52.2,52.42 1 3
github.com/Rain-kl/Wavelet/internal/apps/message_gateway/logics.go:52.42,54.3 1 1
github.com/Rain-kl/Wavelet/internal/apps/message_gateway/logics.go:55.2,55.36 1 2
github.com/Rain-kl/Wavelet/internal/apps/message_gateway/logics.go:55.36,57.3 1 0
github.com/Rain-kl/Wavelet/internal/apps/message_gateway/logics.go:58.2,59.16 2 2
github.com/Rain-kl/Wavelet/internal/apps/message_gateway/logics.go:59.16,60.45 1 0
github.com/Rain-kl/Wavelet/internal/apps/message_gateway/logics.go:60.45,62.4 1 0
github.com/Rain-kl/Wavelet/internal/apps/message_gateway/logics.go:63.3,63.27 1 0
github.com/Rain-kl/Wavelet/internal/apps/message_gateway/logics.go:65.2,65.17 1 2
github.com/Rain-kl/Wavelet/internal/apps/message_gateway/logics.go:65.17,67.3 1 0
github.com/Rain-kl/Wavelet/internal/apps/message_gateway/logics.go:69.2,70.59 2 2
github.com/Rain-kl/Wavelet/internal/apps/message_gateway/logics.go:70.59,72.3 1 0
github.com/Rain-kl/Wavelet/internal/apps/message_gateway/logics.go:73.2,73.35 1 2
github.com/Rain-kl/Wavelet/internal/apps/message_gateway/logics.go:73.35,74.32 1 1
github.com/Rain-kl/Wavelet/internal/apps/message_gateway/logics.go:74.32,76.4 1 1
github.com/Rain-kl/Wavelet/internal/apps/message_gateway/logics.go:77.3,78.41 2 0
github.com/Rain-kl/Wavelet/internal/apps/message_gateway/logics.go:81.2,86.66 2 1
github.com/Rain-kl/Wavelet/internal/apps/message_gateway/logics.go:86.66,88.3 1 0
github.com/Rain-kl/Wavelet/internal/apps/message_gateway/logics.go:89.2,89.72 1 1
github.com/Rain-kl/Wavelet/internal/apps/message_gateway/logics.go:89.72,91.3 1 0
github.com/Rain-kl/Wavelet/internal/apps/message_gateway/logics.go:92.2,92.35 1 1
github.com/Rain-kl/Wavelet/internal/apps/message_gateway/logics.go:102.81,104.16 2 0
github.com/Rain-kl/Wavelet/internal/apps/message_gateway/logics.go:104.16,106.3 1 0
github.com/Rain-kl/Wavelet/internal/apps/message_gateway/logics.go:107.2,108.27 2 0
github.com/Rain-kl/Wavelet/internal/apps/message_gateway/logics.go:108.27,110.3 1 0
github.com/Rain-kl/Wavelet/internal/apps/message_gateway/logics.go:111.2,111.17 1 0
github.com/Rain-kl/Wavelet/internal/apps/message_gateway/logics.go:114.81,116.16 2 0
github.com/Rain-kl/Wavelet/internal/apps/message_gateway/logics.go:116.16,118.3 1 0
github.com/Rain-kl/Wavelet/internal/apps/message_gateway/logics.go:119.2,120.22 2 0
github.com/Rain-kl/Wavelet/internal/apps/message_gateway/logics.go:120.22,122.17 2 0
github.com/Rain-kl/Wavelet/internal/apps/message_gateway/logics.go:122.17,124.12 2 0
github.com/Rain-kl/Wavelet/internal/apps/message_gateway/logics.go:126.3,126.48 1 0
github.com/Rain-kl/Wavelet/internal/apps/message_gateway/logics.go:128.2,128.17 1 0
github.com/Rain-kl/Wavelet/internal/apps/message_gateway/logics.go:131.73,133.16 2 2
github.com/Rain-kl/Wavelet/internal/apps/message_gateway/logics.go:133.16,134.45 1 0
github.com/Rain-kl/Wavelet/internal/apps/message_gateway/logics.go:134.45,136.4 1 0
github.com/Rain-kl/Wavelet/internal/apps/message_gateway/logics.go:137.3,137.13 1 0
github.com/Rain-kl/Wavelet/internal/apps/message_gateway/logics.go:139.2,139.26 1 2
github.com/Rain-kl/Wavelet/internal/apps/message_gateway/logics.go:139.26,141.3 1 1
github.com/Rain-kl/Wavelet/internal/apps/message_gateway/logics.go:142.2,142.56 1 1
github.com/Rain-kl/Wavelet/internal/apps/message_gateway/logics.go:145.83,153.15 2 1
github.com/Rain-kl/Wavelet/internal/apps/message_gateway/logics.go:153.15,156.3 2 1
github.com/Rain-kl/Wavelet/internal/apps/message_gateway/logics.go:157.2,157.12 1 1
github.com/Rain-kl/Wavelet/internal/apps/message_gateway/routers.go:13.55,16.2 3 0
github.com/Rain-kl/Wavelet/internal/apps/message_gateway/routers.go:16.2,21.3 4 0
github.com/Rain-kl/Wavelet/internal/apps/message_gateway/secret.go:16.29,18.26 2 0
github.com/Rain-kl/Wavelet/internal/apps/message_gateway/secret.go:18.26,20.3 1 0
github.com/Rain-kl/Wavelet/internal/apps/message_gateway/secret.go:21.2,22.35 2 0
github.com/Rain-kl/Wavelet/internal/apps/message_gateway/secret.go:26.66,27.18 1 0
github.com/Rain-kl/Wavelet/internal/apps/message_gateway/secret.go:27.18,29.3 1 0
github.com/Rain-kl/Wavelet/internal/apps/message_gateway/secret.go:30.2,31.16 2 0
github.com/Rain-kl/Wavelet/internal/apps/message_gateway/secret.go:31.16,33.3 1 0
github.com/Rain-kl/Wavelet/internal/apps/message_gateway/secret.go:34.2,34.51 1 0
github.com/Rain-kl/Wavelet/internal/apps/message_gateway/secret.go:38.71,39.22 1 0
github.com/Rain-kl/Wavelet/internal/apps/message_gateway/secret.go:39.22,41.3 1 0
github.com/Rain-kl/Wavelet/internal/apps/message_gateway/secret.go:42.2,43.16 2 0
github.com/Rain-kl/Wavelet/internal/apps/message_gateway/secret.go:43.16,45.3 1 0
github.com/Rain-kl/Wavelet/internal/apps/message_gateway/secret.go:46.2,47.60 2 0
github.com/Rain-kl/Wavelet/internal/apps/message_gateway/secret.go:47.60,49.3 1 0
github.com/Rain-kl/Wavelet/internal/apps/message_gateway/secret.go:50.2,50.16 1 0
github.com/Rain-kl/Wavelet/internal/apps/message_gateway/secret.go:50.16,52.3 1 0
github.com/Rain-kl/Wavelet/internal/apps/message_gateway/secret.go:53.2,53.17 1 0
github.com/Rain-kl/Wavelet/internal/apps/message_gateway/secret.go:57.47,58.15 1 0
github.com/Rain-kl/Wavelet/internal/apps/message_gateway/secret.go:58.15,60.3 1 0
github.com/Rain-kl/Wavelet/internal/apps/message_gateway/secret.go:61.2,62.72 2 0
github.com/Rain-kl/Wavelet/internal/apps/message_gateway/secret.go:62.72,64.3 1 0
github.com/Rain-kl/Wavelet/internal/apps/message_gateway/secret.go:65.2,65.12 1 0
github.com/Rain-kl/Wavelet/internal/apps/message_gateway/secret.go:69.50,70.18 1 0
github.com/Rain-kl/Wavelet/internal/apps/message_gateway/secret.go:70.18,72.3 1 0
github.com/Rain-kl/Wavelet/internal/apps/message_gateway/secret.go:73.2,74.16 2 0
github.com/Rain-kl/Wavelet/internal/apps/message_gateway/secret.go:74.16,76.3 1 0
github.com/Rain-kl/Wavelet/internal/apps/message_gateway/secret.go:77.2,77.20 1 0
github.com/Rain-kl/Wavelet/internal/apps/config/routers.go:26.38,29.16 3 1
github.com/Rain-kl/Wavelet/internal/apps/config/routers.go:29.16,32.3 2 0
github.com/Rain-kl/Wavelet/internal/apps/config/routers.go:34.2,35.33 2 1
github.com/Rain-kl/Wavelet/internal/apps/config/routers.go:35.33,37.3 1 14
github.com/Rain-kl/Wavelet/internal/apps/config/routers.go:39.2,39.42 1 1
github.com/Rain-kl/Wavelet/internal/apps/config/routers.go:49.35,53.27 4 0
github.com/Rain-kl/Wavelet/internal/apps/config/routers.go:53.27,55.3 1 0
github.com/Rain-kl/Wavelet/internal/apps/config/routers.go:56.2,56.69 1 0
github.com/Rain-kl/Wavelet/internal/apps/cap/manager.go:35.61,40.2 1 4
github.com/Rain-kl/Wavelet/internal/apps/cap/manager.go:43.98,45.16 2 4
github.com/Rain-kl/Wavelet/internal/apps/cap/manager.go:45.16,47.3 1 0
github.com/Rain-kl/Wavelet/internal/apps/cap/manager.go:49.2,55.67 2 4
github.com/Rain-kl/Wavelet/internal/apps/cap/manager.go:67.117,69.18 2 53
github.com/Rain-kl/Wavelet/internal/apps/cap/manager.go:69.18,71.3 1 0
github.com/Rain-kl/Wavelet/internal/apps/cap/manager.go:73.2,76.16 3 53
github.com/Rain-kl/Wavelet/internal/apps/cap/manager.go:76.16,78.3 1 0
github.com/Rain-kl/Wavelet/internal/apps/cap/manager.go:80.2,82.28 3 53
github.com/Rain-kl/Wavelet/internal/apps/cap/manager.go:82.28,84.3 1 0
github.com/Rain-kl/Wavelet/internal/apps/cap/manager.go:86.2,87.16 2 53
github.com/Rain-kl/Wavelet/internal/apps/cap/manager.go:87.16,89.3 1 0
github.com/Rain-kl/Wavelet/internal/apps/cap/manager.go:90.2,90.10 1 53
github.com/Rain-kl/Wavelet/internal/apps/cap/manager.go:90.10,92.3 1 49
github.com/Rain-kl/Wavelet/internal/apps/cap/manager.go:94.2,95.16 2 4
github.com/Rain-kl/Wavelet/internal/apps/cap/manager.go:95.16,97.3 1 0
github.com/Rain-kl/Wavelet/internal/apps/cap/manager.go:99.2,108.80 8 4
github.com/Rain-kl/Wavelet/internal/apps/cap/manager.go:108.80,110.3 1 0
github.com/Rain-kl/Wavelet/internal/apps/cap/manager.go:112.2,116.8 1 4
github.com/Rain-kl/Wavelet/internal/apps/cap/manager.go:120.102,121.17 1 54
github.com/Rain-kl/Wavelet/internal/apps/cap/manager.go:121.17,123.3 1 0
github.com/Rain-kl/Wavelet/internal/apps/cap/manager.go:124.2,125.35 2 54
github.com/Rain-kl/Wavelet/internal/apps/cap/manager.go:125.35,127.3 1 0
github.com/Rain-kl/Wavelet/internal/apps/cap/manager.go:128.2,137.16 7 54
github.com/Rain-kl/Wavelet/internal/apps/cap/manager.go:137.16,139.3 1 0
github.com/Rain-kl/Wavelet/internal/apps/cap/manager.go:140.2,140.13 1 54
github.com/Rain-kl/Wavelet/internal/apps/cap/manager.go:140.13,142.3 1 51
github.com/Rain-kl/Wavelet/internal/apps/cap/manager.go:144.2,145.38 2 3
github.com/Rain-kl/Wavelet/internal/apps/cap/manager.go:145.38,147.3 1 0
github.com/Rain-kl/Wavelet/internal/apps/cap/manager.go:149.2,150.16 2 3
github.com/Rain-kl/Wavelet/internal/apps/cap/manager.go:150.16,152.3 1 0
github.com/Rain-kl/Wavelet/internal/apps/cap/manager.go:153.2,155.56 2 3
github.com/Rain-kl/Wavelet/internal/apps/cap/manager.go:155.56,157.3 1 0
github.com/Rain-kl/Wavelet/internal/apps/cap/manager.go:159.2,159.37 1 3
github.com/Rain-kl/Wavelet/internal/apps/cap/manager.go:159.37,161.3 1 0
github.com/Rain-kl/Wavelet/internal/apps/cap/manager.go:163.2,163.18 1 3
github.com/Rain-kl/Wavelet/internal/apps/cap/manager.go:166.95,167.18 1 54
github.com/Rain-kl/Wavelet/internal/apps/cap/manager.go:167.18,169.3 1 0
github.com/Rain-kl/Wavelet/internal/apps/cap/manager.go:170.2,170.37 1 54
github.com/Rain-kl/Wavelet/internal/apps/cap/manager.go:179.35,180.17 1 3
github.com/Rain-kl/Wavelet/internal/apps/cap/manager.go:180.17,182.87 2 1
github.com/Rain-kl/Wavelet/internal/apps/cap/manager.go:182.87,184.4 1 1
github.com/Rain-kl/Wavelet/internal/apps/cap/manager.go:185.3,185.23 1 1
github.com/Rain-kl/Wavelet/internal/apps/cap/manager.go:185.23,187.4 1 0
github.com/Rain-kl/Wavelet/internal/apps/cap/manager.go:189.3,190.77 2 1
github.com/Rain-kl/Wavelet/internal/apps/cap/manager.go:190.77,192.4 1 0
github.com/Rain-kl/Wavelet/internal/apps/cap/manager.go:192.9,194.4 1 1
github.com/Rain-kl/Wavelet/internal/apps/cap/manager.go:196.3,196.45 1 1
github.com/Rain-kl/Wavelet/internal/apps/cap/manager.go:198.2,198.23 1 3
github.com/Rain-kl/Wavelet/internal/apps/cap/middleware.go:13.67,14.30 1 1
github.com/Rain-kl/Wavelet/internal/apps/cap/middleware.go:14.30,15.46 1 4
github.com/Rain-kl/Wavelet/internal/apps/cap/middleware.go:15.46,18.4 2 1
github.com/Rain-kl/Wavelet/internal/apps/cap/middleware.go:19.3,19.17 1 3
github.com/Rain-kl/Wavelet/internal/apps/cap/middleware.go:19.17,22.4 2 0
github.com/Rain-kl/Wavelet/internal/apps/cap/middleware.go:24.3,25.18 2 3
github.com/Rain-kl/Wavelet/internal/apps/cap/middleware.go:25.18,28.4 2 1
github.com/Rain-kl/Wavelet/internal/apps/cap/middleware.go:30.3,31.27 2 2
github.com/Rain-kl/Wavelet/internal/apps/cap/middleware.go:31.27,34.4 2 1
github.com/Rain-kl/Wavelet/internal/apps/cap/middleware.go:36.3,36.11 1 1
github.com/Rain-kl/Wavelet/internal/apps/cap/routers.go:38.32,42.21 3 1
github.com/Rain-kl/Wavelet/internal/apps/cap/routers.go:42.21,44.3 1 1
github.com/Rain-kl/Wavelet/internal/apps/cap/routers.go:46.2,47.16 2 1
github.com/Rain-kl/Wavelet/internal/apps/cap/routers.go:47.16,50.3 2 0
github.com/Rain-kl/Wavelet/internal/apps/cap/routers.go:51.2,52.16 2 1
github.com/Rain-kl/Wavelet/internal/apps/cap/routers.go:52.16,56.3 3 0
github.com/Rain-kl/Wavelet/internal/apps/cap/routers.go:58.2,58.42 1 1
github.com/Rain-kl/Wavelet/internal/apps/cap/routers.go:72.29,74.47 2 1
github.com/Rain-kl/Wavelet/internal/apps/cap/routers.go:74.47,77.3 2 0
github.com/Rain-kl/Wavelet/internal/apps/cap/routers.go:79.2,79.21 1 1
github.com/Rain-kl/Wavelet/internal/apps/cap/routers.go:79.21,81.3 1 1
github.com/Rain-kl/Wavelet/internal/apps/cap/routers.go:83.2,84.16 2 1
github.com/Rain-kl/Wavelet/internal/apps/cap/routers.go:84.16,87.3 2 0
github.com/Rain-kl/Wavelet/internal/apps/cap/routers.go:88.2,89.16 2 1
github.com/Rain-kl/Wavelet/internal/apps/cap/routers.go:89.16,93.3 3 0
github.com/Rain-kl/Wavelet/internal/apps/cap/routers.go:95.2,95.19 1 1
github.com/Rain-kl/Wavelet/internal/apps/cap/routers.go:95.19,98.3 2 0
github.com/Rain-kl/Wavelet/internal/apps/cap/routers.go:100.2,100.42 1 1
github.com/Rain-kl/Wavelet/internal/apps/cap/runtime_settings.go:50.54,52.40 2 1
github.com/Rain-kl/Wavelet/internal/apps/cap/runtime_settings.go:52.40,54.3 1 6
github.com/Rain-kl/Wavelet/internal/apps/cap/runtime_settings.go:55.2,55.12 1 1
github.com/Rain-kl/Wavelet/internal/apps/cap/runtime_settings.go:67.42,70.2 2 2
github.com/Rain-kl/Wavelet/internal/apps/cap/runtime_settings.go:73.68,75.2 1 17
github.com/Rain-kl/Wavelet/internal/apps/cap/runtime_settings.go:78.50,80.16 2 6
github.com/Rain-kl/Wavelet/internal/apps/cap/runtime_settings.go:80.16,82.3 1 0
github.com/Rain-kl/Wavelet/internal/apps/cap/runtime_settings.go:83.2,83.30 1 6
github.com/Rain-kl/Wavelet/internal/apps/cap/runtime_settings.go:87.34,89.2 1 13
github.com/Rain-kl/Wavelet/internal/apps/cap/runtime_settings.go:92.36,94.2 1 5
github.com/Rain-kl/Wavelet/internal/apps/cap/runtime_settings.go:97.66,101.2 3 4
github.com/Rain-kl/Wavelet/internal/apps/cap/runtime_settings.go:103.86,106.52 2 17
github.com/Rain-kl/Wavelet/internal/apps/cap/runtime_settings.go:106.52,108.3 1 11
github.com/Rain-kl/Wavelet/internal/apps/cap/runtime_settings.go:110.2,110.79 1 6
github.com/Rain-kl/Wavelet/internal/apps/cap/runtime_settings.go:110.79,111.53 1 6
github.com/Rain-kl/Wavelet/internal/apps/cap/runtime_settings.go:111.53,113.4 1 0
github.com/Rain-kl/Wavelet/internal/apps/cap/runtime_settings.go:115.3,116.21 2 6
github.com/Rain-kl/Wavelet/internal/apps/cap/runtime_settings.go:116.21,118.4 1 0
github.com/Rain-kl/Wavelet/internal/apps/cap/runtime_settings.go:120.3,121.23 2 6
github.com/Rain-kl/Wavelet/internal/apps/cap/runtime_settings.go:123.2,123.16 1 6
github.com/Rain-kl/Wavelet/internal/apps/cap/runtime_settings.go:123.16,125.3 1 0
github.com/Rain-kl/Wavelet/internal/apps/cap/runtime_settings.go:127.2,128.9 2 6
github.com/Rain-kl/Wavelet/internal/apps/cap/runtime_settings.go:128.9,130.3 1 0
github.com/Rain-kl/Wavelet/internal/apps/cap/runtime_settings.go:131.2,131.22 1 6
github.com/Rain-kl/Wavelet/internal/apps/cap/runtime_settings.go:134.72,136.16 2 6
github.com/Rain-kl/Wavelet/internal/apps/cap/runtime_settings.go:136.16,138.3 1 0
github.com/Rain-kl/Wavelet/internal/apps/cap/runtime_settings.go:139.2,139.43 1 6
github.com/Rain-kl/Wavelet/internal/apps/cap/runtime_settings.go:142.82,151.59 2 7
github.com/Rain-kl/Wavelet/internal/apps/cap/runtime_settings.go:151.59,152.62 1 6
github.com/Rain-kl/Wavelet/internal/apps/cap/runtime_settings.go:152.62,154.4 1 6
github.com/Rain-kl/Wavelet/internal/apps/cap/runtime_settings.go:156.2,156.61 1 7
github.com/Rain-kl/Wavelet/internal/apps/cap/runtime_settings.go:156.61,157.68 1 6
github.com/Rain-kl/Wavelet/internal/apps/cap/runtime_settings.go:157.68,159.4 1 6
github.com/Rain-kl/Wavelet/internal/apps/cap/runtime_settings.go:161.2,161.60 1 7
github.com/Rain-kl/Wavelet/internal/apps/cap/runtime_settings.go:161.60,162.66 1 6
github.com/Rain-kl/Wavelet/internal/apps/cap/runtime_settings.go:162.66,164.4 1 6
github.com/Rain-kl/Wavelet/internal/apps/cap/runtime_settings.go:166.2,166.66 1 7
github.com/Rain-kl/Wavelet/internal/apps/cap/runtime_settings.go:166.66,167.78 1 6
github.com/Rain-kl/Wavelet/internal/apps/cap/runtime_settings.go:167.78,169.4 1 6
github.com/Rain-kl/Wavelet/internal/apps/cap/runtime_settings.go:171.2,171.59 1 7
github.com/Rain-kl/Wavelet/internal/apps/cap/runtime_settings.go:171.59,172.78 1 6
github.com/Rain-kl/Wavelet/internal/apps/cap/runtime_settings.go:172.78,174.4 1 6
github.com/Rain-kl/Wavelet/internal/apps/cap/runtime_settings.go:176.2,176.55 1 7
github.com/Rain-kl/Wavelet/internal/apps/cap/runtime_settings.go:176.55,177.78 1 6
github.com/Rain-kl/Wavelet/internal/apps/cap/runtime_settings.go:177.78,179.4 1 6
github.com/Rain-kl/Wavelet/internal/apps/cap/runtime_settings.go:182.2,182.17 1 7
github.com/Rain-kl/Wavelet/internal/apps/cap/runtime_settings.go:185.61,187.2 1 17
github.com/Rain-kl/Wavelet/internal/apps/cap/runtime_settings.go:189.49,190.21 1 1
github.com/Rain-kl/Wavelet/internal/apps/cap/runtime_settings.go:190.21,192.3 1 1
github.com/Rain-kl/Wavelet/internal/apps/cap/runtime_settings.go:194.2,194.17 1 0
github.com/Rain-kl/Wavelet/internal/apps/cap/runtime_settings.go:194.17,196.16 2 0
github.com/Rain-kl/Wavelet/internal/apps/cap/runtime_settings.go:196.16,198.4 1 0
github.com/Rain-kl/Wavelet/internal/apps/cap/runtime_settings.go:200.3,200.37 1 0
github.com/Rain-kl/Wavelet/internal/apps/cap/runtime_settings.go:200.37,204.72 2 0
github.com/Rain-kl/Wavelet/internal/apps/cap/runtime_settings.go:204.72,206.13 2 0
github.com/Rain-kl/Wavelet/internal/apps/cap/runtime_settings.go:208.4,208.82 1 0
github.com/Rain-kl/Wavelet/internal/apps/cap/runtime_settings.go:208.82,210.5 1 0
github.com/Rain-kl/Wavelet/internal/apps/cap/testhelper_hook.go:8.13,10.2 1 1
github.com/Rain-kl/Wavelet/internal/apps/admin/user/logics.go:18.88,26.2 1 3
github.com/Rain-kl/Wavelet/internal/apps/admin/user/logics.go:28.72,30.2 1 2
github.com/Rain-kl/Wavelet/internal/apps/admin/user/logics.go:32.74,34.16 2 3
github.com/Rain-kl/Wavelet/internal/apps/admin/user/logics.go:34.16,36.3 1 1
github.com/Rain-kl/Wavelet/internal/apps/admin/user/logics.go:37.2,37.30 1 2
github.com/Rain-kl/Wavelet/internal/apps/admin/user/logics.go:37.30,39.3 1 1
github.com/Rain-kl/Wavelet/internal/apps/admin/user/logics.go:41.2,42.13 2 1
github.com/Rain-kl/Wavelet/internal/apps/admin/user/logics.go:42.13,44.3 1 1
github.com/Rain-kl/Wavelet/internal/apps/admin/user/logics.go:46.2,47.16 2 1
github.com/Rain-kl/Wavelet/internal/apps/admin/user/logics.go:47.16,49.14 2 1
github.com/Rain-kl/Wavelet/internal/apps/admin/user/logics.go:49.14,50.33 1 1
github.com/Rain-kl/Wavelet/internal/apps/admin/user/logics.go:50.33,52.5 1 0
github.com/Rain-kl/Wavelet/internal/apps/admin/user/logics.go:55.2,55.12 1 1
github.com/Rain-kl/Wavelet/internal/apps/admin/user/logics.go:58.76,59.31 1 4
github.com/Rain-kl/Wavelet/internal/apps/admin/user/logics.go:59.31,61.3 1 1
github.com/Rain-kl/Wavelet/internal/apps/admin/user/logics.go:62.2,63.16 2 3
github.com/Rain-kl/Wavelet/internal/apps/admin/user/logics.go:63.16,65.3 1 1
github.com/Rain-kl/Wavelet/internal/apps/admin/user/logics.go:66.2,66.19 1 2
github.com/Rain-kl/Wavelet/internal/apps/admin/user/logics.go:66.19,68.3 1 1
github.com/Rain-kl/Wavelet/internal/apps/admin/user/logics.go:70.2,73.16 3 1
github.com/Rain-kl/Wavelet/internal/apps/admin/user/logics.go:73.16,75.32 2 1
github.com/Rain-kl/Wavelet/internal/apps/admin/user/logics.go:75.32,77.4 1 1
github.com/Rain-kl/Wavelet/internal/apps/admin/user/logics.go:79.2,79.12 1 1
github.com/Rain-kl/Wavelet/internal/apps/admin/user/logics.go:82.81,88.24 5 3
github.com/Rain-kl/Wavelet/internal/apps/admin/user/logics.go:88.24,90.3 1 0
github.com/Rain-kl/Wavelet/internal/apps/admin/user/logics.go:91.2,91.21 1 3
github.com/Rain-kl/Wavelet/internal/apps/admin/user/logics.go:91.21,93.3 1 0
github.com/Rain-kl/Wavelet/internal/apps/admin/user/logics.go:94.2,94.43 1 3
github.com/Rain-kl/Wavelet/internal/apps/admin/user/logics.go:94.43,96.3 1 0
github.com/Rain-kl/Wavelet/internal/apps/admin/user/logics.go:98.2,99.16 2 3
github.com/Rain-kl/Wavelet/internal/apps/admin/user/logics.go:99.16,101.3 1 0
github.com/Rain-kl/Wavelet/internal/apps/admin/user/logics.go:102.2,102.15 1 3
github.com/Rain-kl/Wavelet/internal/apps/admin/user/logics.go:102.15,104.3 1 1
github.com/Rain-kl/Wavelet/internal/apps/admin/user/logics.go:106.2,107.16 2 2
github.com/Rain-kl/Wavelet/internal/apps/admin/user/logics.go:107.16,109.3 1 0
github.com/Rain-kl/Wavelet/internal/apps/admin/user/logics.go:110.2,110.20 1 2
github.com/Rain-kl/Wavelet/internal/apps/admin/user/logics.go:110.20,112.3 1 1
github.com/Rain-kl/Wavelet/internal/apps/admin/user/logics.go:114.2,123.28 2 1
github.com/Rain-kl/Wavelet/internal/apps/admin/user/logics.go:123.28,125.3 1 0
github.com/Rain-kl/Wavelet/internal/apps/admin/user/logics.go:126.2,126.67 1 1
github.com/Rain-kl/Wavelet/internal/apps/admin/user/logics.go:126.67,128.3 1 0
github.com/Rain-kl/Wavelet/internal/apps/admin/user/logics.go:129.2,129.61 1 1
github.com/Rain-kl/Wavelet/internal/apps/admin/user/logics.go:129.61,131.3 1 0
github.com/Rain-kl/Wavelet/internal/apps/admin/user/logics.go:132.2,132.21 1 1
github.com/Rain-kl/Wavelet/internal/apps/admin/user/logics.go:143.89,148.23 4 0
github.com/Rain-kl/Wavelet/internal/apps/admin/user/logics.go:148.23,150.3 1 0
github.com/Rain-kl/Wavelet/internal/apps/admin/user/logics.go:152.2,153.16 2 0
github.com/Rain-kl/Wavelet/internal/apps/admin/user/logics.go:153.16,155.3 1 0
github.com/Rain-kl/Wavelet/internal/apps/admin/user/logics.go:158.2,158.71 1 0
github.com/Rain-kl/Wavelet/internal/apps/admin/user/logics.go:158.71,160.3 1 0
github.com/Rain-kl/Wavelet/internal/apps/admin/user/logics.go:163.2,163.37 1 0
github.com/Rain-kl/Wavelet/internal/apps/admin/user/logics.go:163.37,165.17 2 0
github.com/Rain-kl/Wavelet/internal/apps/admin/user/logics.go:165.17,167.4 1 0
github.com/Rain-kl/Wavelet/internal/apps/admin/user/logics.go:168.3,168.16 1 0
github.com/Rain-kl/Wavelet/internal/apps/admin/user/logics.go:168.16,170.4 1 0
github.com/Rain-kl/Wavelet/internal/apps/admin/user/logics.go:174.2,174.69 1 0
github.com/Rain-kl/Wavelet/internal/apps/admin/user/logics.go:174.69,176.3 1 0
github.com/Rain-kl/Wavelet/internal/apps/admin/user/logics.go:179.2,181.22 3 0
github.com/Rain-kl/Wavelet/internal/apps/admin/user/logics.go:181.22,183.3 1 0
github.com/Rain-kl/Wavelet/internal/apps/admin/user/logics.go:186.2,187.31 2 0
github.com/Rain-kl/Wavelet/internal/apps/admin/user/logics.go:187.31,189.3 1 0
github.com/Rain-kl/Wavelet/internal/apps/admin/user/logics.go:190.2,193.26 3 0
github.com/Rain-kl/Wavelet/internal/apps/admin/user/logics.go:193.26,194.73 1 0
github.com/Rain-kl/Wavelet/internal/apps/admin/user/logics.go:194.73,196.4 1 0
github.com/Rain-kl/Wavelet/internal/apps/admin/user/logics.go:200.2,201.16 2 0
github.com/Rain-kl/Wavelet/internal/apps/admin/user/logics.go:201.16,203.23 2 0
github.com/Rain-kl/Wavelet/internal/apps/admin/user/logics.go:203.23,204.33 1 0
github.com/Rain-kl/Wavelet/internal/apps/admin/user/logics.go:204.33,206.5 1 0
github.com/Rain-kl/Wavelet/internal/apps/admin/user/logics.go:209.2,209.12 1 0
github.com/Rain-kl/Wavelet/internal/apps/admin/user/routers.go:58.49,60.27 2 9
github.com/Rain-kl/Wavelet/internal/apps/admin/user/routers.go:60.27,63.3 2 0
github.com/Rain-kl/Wavelet/internal/apps/admin/user/routers.go:64.2,64.17 1 9
github.com/Rain-kl/Wavelet/internal/apps/admin/user/routers.go:67.32,85.2 1 6
github.com/Rain-kl/Wavelet/internal/apps/admin/user/routers.go:87.118,88.16 1 10
github.com/Rain-kl/Wavelet/internal/apps/admin/user/routers.go:88.16,90.3 1 2
github.com/Rain-kl/Wavelet/internal/apps/admin/user/routers.go:91.2,91.44 1 8
github.com/Rain-kl/Wavelet/internal/apps/admin/user/routers.go:91.44,94.3 2 3
github.com/Rain-kl/Wavelet/internal/apps/admin/user/routers.go:95.2,96.35 2 5
github.com/Rain-kl/Wavelet/internal/apps/admin/user/routers.go:96.35,97.15 1 9
github.com/Rain-kl/Wavelet/internal/apps/admin/user/routers.go:97.15,100.4 2 2
github.com/Rain-kl/Wavelet/internal/apps/admin/user/routers.go:102.2,102.34 1 3
github.com/Rain-kl/Wavelet/internal/apps/admin/user/routers.go:102.34,103.15 1 4
github.com/Rain-kl/Wavelet/internal/apps/admin/user/routers.go:103.15,106.4 2 3
github.com/Rain-kl/Wavelet/internal/apps/admin/user/routers.go:108.2,110.13 3 0
github.com/Rain-kl/Wavelet/internal/apps/admin/user/routers.go:126.32,128.48 2 4
github.com/Rain-kl/Wavelet/internal/apps/admin/user/routers.go:128.48,131.3 2 1
github.com/Rain-kl/Wavelet/internal/apps/admin/user/routers.go:133.2,134.16 2 3
github.com/Rain-kl/Wavelet/internal/apps/admin/user/routers.go:134.16,138.3 3 0
github.com/Rain-kl/Wavelet/internal/apps/admin/user/routers.go:140.2,141.39 2 3
github.com/Rain-kl/Wavelet/internal/apps/admin/user/routers.go:141.39,143.3 1 4
github.com/Rain-kl/Wavelet/internal/apps/admin/user/routers.go:145.2,148.5 1 3
github.com/Rain-kl/Wavelet/internal/apps/admin/user/routers.go:165.30,167.9 2 2
github.com/Rain-kl/Wavelet/internal/apps/admin/user/routers.go:167.9,169.3 1 0
github.com/Rain-kl/Wavelet/internal/apps/admin/user/routers.go:171.2,172.57 2 2
github.com/Rain-kl/Wavelet/internal/apps/admin/user/routers.go:172.57,174.3 1 1
github.com/Rain-kl/Wavelet/internal/apps/admin/user/routers.go:176.2,176.56 1 1
github.com/Rain-kl/Wavelet/internal/apps/admin/user/routers.go:200.39,202.47 2 3
github.com/Rain-kl/Wavelet/internal/apps/admin/user/routers.go:202.47,205.3 2 0
github.com/Rain-kl/Wavelet/internal/apps/admin/user/routers.go:207.2,208.9 2 3
github.com/Rain-kl/Wavelet/internal/apps/admin/user/routers.go:208.9,210.3 1 0
github.com/Rain-kl/Wavelet/internal/apps/admin/user/routers.go:212.2,212.80 1 3
github.com/Rain-kl/Wavelet/internal/apps/admin/user/routers.go:212.80,213.78 1 2
github.com/Rain-kl/Wavelet/internal/apps/admin/user/routers.go:213.78,215.4 1 2
github.com/Rain-kl/Wavelet/internal/apps/admin/user/routers.go:216.3,217.9 2 0
github.com/Rain-kl/Wavelet/internal/apps/admin/user/routers.go:220.2,220.41 1 1
github.com/Rain-kl/Wavelet/internal/apps/admin/user/routers.go:237.33,239.9 2 4
github.com/Rain-kl/Wavelet/internal/apps/admin/user/routers.go:239.9,241.3 1 0
github.com/Rain-kl/Wavelet/internal/apps/admin/user/routers.go:243.2,244.73 2 4
github.com/Rain-kl/Wavelet/internal/apps/admin/user/routers.go:244.73,245.95 1 3
github.com/Rain-kl/Wavelet/internal/apps/admin/user/routers.go:245.95,247.4 1 3
github.com/Rain-kl/Wavelet/internal/apps/admin/user/routers.go:248.3,249.9 2 0
github.com/Rain-kl/Wavelet/internal/apps/admin/user/routers.go:252.2,252.41 1 1
github.com/Rain-kl/Wavelet/internal/apps/admin/user/routers.go:279.33,281.47 2 5
github.com/Rain-kl/Wavelet/internal/apps/admin/user/routers.go:281.47,284.3 2 2
github.com/Rain-kl/Wavelet/internal/apps/admin/user/routers.go:286.2,287.132 2 3
github.com/Rain-kl/Wavelet/internal/apps/admin/user/routers.go:287.132,289.3 1 2
github.com/Rain-kl/Wavelet/internal/apps/admin/user/routers.go:291.2,291.53 1 1
github.com/Rain-kl/Wavelet/internal/apps/admin/user/routers.go:318.33,320.47 2 0
github.com/Rain-kl/Wavelet/internal/apps/admin/user/routers.go:320.47,323.3 2 0
github.com/Rain-kl/Wavelet/internal/apps/admin/user/routers.go:325.2,326.9 2 0
github.com/Rain-kl/Wavelet/internal/apps/admin/user/routers.go:326.9,328.3 1 0
github.com/Rain-kl/Wavelet/internal/apps/admin/user/routers.go:330.2,339.16 3 0
github.com/Rain-kl/Wavelet/internal/apps/admin/user/routers.go:339.16,340.137 1 0
github.com/Rain-kl/Wavelet/internal/apps/admin/user/routers.go:340.137,342.4 1 0
github.com/Rain-kl/Wavelet/internal/apps/admin/user/routers.go:343.3,344.9 2 0
github.com/Rain-kl/Wavelet/internal/apps/admin/user/routers.go:347.2,347.41 1 0
github.com/Rain-kl/Wavelet/internal/apps/risk_control/logics.go:25.41,28.22 3 0
github.com/Rain-kl/Wavelet/internal/apps/risk_control/logics.go:28.22,30.3 1 0
github.com/Rain-kl/Wavelet/internal/apps/risk_control/logics.go:32.2,33.130 2 0
github.com/Rain-kl/Wavelet/internal/apps/risk_control/logics.go:33.130,35.30 2 0
github.com/Rain-kl/Wavelet/internal/apps/risk_control/logics.go:35.30,36.19 1 0
github.com/Rain-kl/Wavelet/internal/apps/risk_control/logics.go:36.19,37.13 1 0
github.com/Rain-kl/Wavelet/internal/apps/risk_control/logics.go:39.4,39.30 1 0
github.com/Rain-kl/Wavelet/internal/apps/risk_control/logics.go:41.3,42.17 2 0
github.com/Rain-kl/Wavelet/internal/apps/risk_control/logics.go:42.17,44.4 1 0
github.com/Rain-kl/Wavelet/internal/apps/risk_control/logics.go:45.3,45.53 1 0
github.com/Rain-kl/Wavelet/internal/apps/risk_control/logics.go:47.93,49.19 2 0
github.com/Rain-kl/Wavelet/internal/apps/risk_control/logics.go:49.19,51.5 1 0
github.com/Rain-kl/Wavelet/internal/apps/risk_control/logics.go:52.4,52.108 1 0
github.com/Rain-kl/Wavelet/internal/apps/risk_control/logics.go:54.134,56.4 1 0
github.com/Rain-kl/Wavelet/internal/apps/risk_control/logics.go:58.2,58.16 1 0
github.com/Rain-kl/Wavelet/internal/apps/risk_control/logics.go:58.16,61.3 2 0
github.com/Rain-kl/Wavelet/internal/apps/risk_control/logics.go:63.2,65.64 3 0
github.com/Rain-kl/Wavelet/internal/apps/risk_control/logics.go:69.47,71.19 2 0
github.com/Rain-kl/Wavelet/internal/apps/risk_control/logics.go:71.19,73.3 1 0
github.com/Rain-kl/Wavelet/internal/apps/risk_control/logics.go:74.2,74.25 1 0
github.com/Rain-kl/Wavelet/internal/apps/risk_control/logics.go:78.26,80.19 2 4
github.com/Rain-kl/Wavelet/internal/apps/risk_control/logics.go:80.19,82.3 1 0
github.com/Rain-kl/Wavelet/internal/apps/risk_control/logics.go:83.2,83.24 1 4
github.com/Rain-kl/Wavelet/internal/apps/risk_control/logics.go:87.55,89.37 2 1
github.com/Rain-kl/Wavelet/internal/apps/risk_control/logics.go:89.37,91.3 1 0
github.com/Rain-kl/Wavelet/internal/apps/risk_control/logics.go:92.2,92.28 1 1
github.com/Rain-kl/Wavelet/internal/apps/risk_control/logics.go:96.87,101.16 5 3
github.com/Rain-kl/Wavelet/internal/apps/risk_control/logics.go:101.16,105.3 3 3
github.com/Rain-kl/Wavelet/internal/apps/risk_control/logics.go:108.71,112.2 3 5
github.com/Rain-kl/Wavelet/internal/apps/risk_control/logics.go:117.39,119.19 2 0
github.com/Rain-kl/Wavelet/internal/apps/risk_control/logics.go:119.19,121.3 1 0
github.com/Rain-kl/Wavelet/internal/apps/risk_control/logics.go:122.2,123.22 2 0
github.com/Rain-kl/Wavelet/internal/apps/risk_control/logics.go:123.22,125.3 1 0
github.com/Rain-kl/Wavelet/internal/apps/risk_control/logics.go:126.2,129.6 4 0
github.com/Rain-kl/Wavelet/internal/apps/risk_control/logics.go:129.6,130.24 1 0
github.com/Rain-kl/Wavelet/internal/apps/risk_control/logics.go:130.24,131.27 1 0
github.com/Rain-kl/Wavelet/internal/apps/risk_control/logics.go:131.27,133.5 1 0
github.com/Rain-kl/Wavelet/internal/apps/risk_control/logics.go:133.10,133.52 1 0
github.com/Rain-kl/Wavelet/internal/apps/risk_control/logics.go:133.52,135.5 1 0
github.com/Rain-kl/Wavelet/internal/apps/risk_control/logics.go:136.9,138.4 1 0
github.com/Rain-kl/Wavelet/internal/apps/risk_control/logics.go:139.3,139.10 1 0
github.com/Rain-kl/Wavelet/internal/apps/risk_control/logics.go:140.21,141.20 1 0
github.com/Rain-kl/Wavelet/internal/apps/risk_control/logics.go:142.19,142.19 0 0
github.com/Rain-kl/Wavelet/internal/apps/risk_control/middleware.go:22.46,23.30 1 4
github.com/Rain-kl/Wavelet/internal/apps/risk_control/middleware.go:23.30,25.40 1 4
github.com/Rain-kl/Wavelet/internal/apps/risk_control/middleware.go:25.40,28.4 2 1
github.com/Rain-kl/Wavelet/internal/apps/risk_control/middleware.go:31.3,31.21 1 3
github.com/Rain-kl/Wavelet/internal/apps/risk_control/middleware.go:31.21,34.4 2 0
github.com/Rain-kl/Wavelet/internal/apps/risk_control/middleware.go:36.3,43.32 4 3
github.com/Rain-kl/Wavelet/internal/apps/risk_control/middleware.go:43.32,45.4 1 2
github.com/Rain-kl/Wavelet/internal/apps/risk_control/middleware.go:48.3,51.30 3 1
github.com/Rain-kl/Wavelet/internal/apps/risk_control/middleware.go:51.30,54.39 2 1
github.com/Rain-kl/Wavelet/internal/apps/risk_control/middleware.go:54.39,56.5 1 2
github.com/Rain-kl/Wavelet/internal/apps/risk_control/middleware.go:57.4,59.68 2 1
github.com/Rain-kl/Wavelet/internal/apps/risk_control/middleware.go:59.68,61.5 1 1
github.com/Rain-kl/Wavelet/internal/apps/risk_control/middleware.go:64.3,66.17 3 1
github.com/Rain-kl/Wavelet/internal/apps/risk_control/middleware.go:66.17,68.4 1 0
github.com/Rain-kl/Wavelet/internal/apps/risk_control/middleware.go:68.9,68.36 1 1
github.com/Rain-kl/Wavelet/internal/apps/risk_control/middleware.go:68.36,70.4 1 0
github.com/Rain-kl/Wavelet/internal/apps/risk_control/middleware.go:72.3,86.26 2 1
github.com/Rain-kl/Wavelet/internal/apps/upload/storage/access_state.go:34.34,38.2 3 0
github.com/Rain-kl/Wavelet/internal/apps/upload/storage/access_state.go:41.73,43.117 2 0
github.com/Rain-kl/Wavelet/internal/apps/upload/storage/access_state.go:43.117,47.3 3 0
github.com/Rain-kl/Wavelet/internal/apps/upload/storage/access_state.go:48.2,53.117 4 0
github.com/Rain-kl/Wavelet/internal/apps/upload/storage/access_state.go:53.117,55.3 1 0
github.com/Rain-kl/Wavelet/internal/apps/upload/storage/access_state.go:57.2,60.30 4 0
github.com/Rain-kl/Wavelet/internal/apps/upload/storage/access_state.go:63.74,65.16 2 0
github.com/Rain-kl/Wavelet/internal/apps/upload/storage/access_state.go:65.16,67.3 1 0
github.com/Rain-kl/Wavelet/internal/apps/upload/storage/access_state.go:68.2,68.9 1 0
github.com/Rain-kl/Wavelet/internal/apps/upload/storage/access_state.go:68.9,70.3 1 0
github.com/Rain-kl/Wavelet/internal/apps/upload/storage/access_state.go:72.2,75.60 2 0
github.com/Rain-kl/Wavelet/internal/apps/upload/storage/access_state.go:75.60,77.3 1 0
github.com/Rain-kl/Wavelet/internal/apps/upload/storage/access_state.go:79.2,80.16 2 0
github.com/Rain-kl/Wavelet/internal/apps/upload/storage/access_state.go:80.16,83.3 2 0
github.com/Rain-kl/Wavelet/internal/apps/upload/storage/access_state.go:85.2,87.14 3 0
github.com/Rain-kl/Wavelet/internal/apps/upload/storage/migration.go:22.88,24.2 1 0
github.com/Rain-kl/Wavelet/internal/apps/upload/storage/migration.go:27.98,28.46 1 0
github.com/Rain-kl/Wavelet/internal/apps/upload/storage/migration.go:28.46,30.3 1 0
github.com/Rain-kl/Wavelet/internal/apps/upload/storage/migration.go:32.2,35.54 2 0
github.com/Rain-kl/Wavelet/internal/apps/upload/storage/migration.go:35.54,37.3 1 0
github.com/Rain-kl/Wavelet/internal/apps/upload/storage/migration.go:39.2,39.26 1 0
github.com/Rain-kl/Wavelet/internal/apps/upload/storage/migration.go:39.26,41.3 1 0
github.com/Rain-kl/Wavelet/internal/apps/upload/storage/migration.go:43.2,45.63 3 0
github.com/Rain-kl/Wavelet/internal/apps/upload/storage/migration.go:45.63,47.3 1 0
github.com/Rain-kl/Wavelet/internal/apps/upload/storage/migration.go:47.8,49.3 1 0
github.com/Rain-kl/Wavelet/internal/apps/upload/storage/migration.go:51.2,52.61 2 0
github.com/Rain-kl/Wavelet/internal/apps/upload/storage/migration.go:52.61,54.3 1 0
github.com/Rain-kl/Wavelet/internal/apps/upload/storage/migration.go:56.2,57.16 2 0
github.com/Rain-kl/Wavelet/internal/apps/upload/storage/migration.go:57.16,59.3 1 0
github.com/Rain-kl/Wavelet/internal/apps/upload/storage/migration.go:60.2,61.59 2 0
github.com/Rain-kl/Wavelet/internal/apps/upload/storage/migration.go:61.59,63.3 1 0
github.com/Rain-kl/Wavelet/internal/apps/upload/storage/migration.go:64.2,64.20 1 0
github.com/Rain-kl/Wavelet/internal/apps/upload/storage/migration.go:68.105,70.16 2 0
github.com/Rain-kl/Wavelet/internal/apps/upload/storage/migration.go:70.16,72.3 1 0
github.com/Rain-kl/Wavelet/internal/apps/upload/storage/migration.go:73.2,77.16 3 0
github.com/Rain-kl/Wavelet/internal/apps/upload/storage/migration.go:77.16,79.3 1 0
github.com/Rain-kl/Wavelet/internal/apps/upload/storage/migration.go:80.2,80.32 1 0
github.com/Rain-kl/Wavelet/internal/apps/upload/storage/storage_ops.go:15.41,17.26 2 0
github.com/Rain-kl/Wavelet/internal/apps/upload/storage/storage_ops.go:17.26,20.3 2 0
github.com/Rain-kl/Wavelet/internal/apps/upload/storage/storage_ops.go:21.2,21.23 1 0
github.com/Rain-kl/Wavelet/internal/apps/upload/storage/storage_ops.go:25.95,27.16 2 0
github.com/Rain-kl/Wavelet/internal/apps/upload/storage/storage_ops.go:27.16,29.3 1 0
github.com/Rain-kl/Wavelet/internal/apps/upload/storage/storage_ops.go:30.2,30.42 1 0
github.com/Rain-kl/Wavelet/internal/apps/upload/util/media.go:13.40,14.71 1 0
github.com/Rain-kl/Wavelet/internal/apps/upload/util/media.go:14.71,15.20 1 0
github.com/Rain-kl/Wavelet/internal/apps/upload/util/media.go:15.20,17.4 1 0
github.com/Rain-kl/Wavelet/internal/apps/upload/util/media.go:19.2,19.14 1 0
github.com/Rain-kl/Wavelet/internal/apps/upload/util/media.go:23.42,24.82 1 0
github.com/Rain-kl/Wavelet/internal/apps/upload/util/media.go:24.82,25.15 1 0
github.com/Rain-kl/Wavelet/internal/apps/upload/util/media.go:25.15,27.4 1 0
github.com/Rain-kl/Wavelet/internal/apps/upload/util/media.go:29.2,29.14 1 0
github.com/Rain-kl/Wavelet/internal/apps/upload/util/media.go:33.43,34.131 1 0
github.com/Rain-kl/Wavelet/internal/apps/upload/util/media.go:34.131,35.15 1 0
github.com/Rain-kl/Wavelet/internal/apps/upload/util/media.go:35.15,37.4 1 0
github.com/Rain-kl/Wavelet/internal/apps/upload/util/media.go:39.2,39.14 1 0
github.com/Rain-kl/Wavelet/internal/apps/upload/util/media.go:43.51,44.34 1 0
github.com/Rain-kl/Wavelet/internal/apps/upload/util/media.go:45.82,46.34 1 0
github.com/Rain-kl/Wavelet/internal/apps/upload/util/media.go:47.10,48.35 1 0
github.com/Rain-kl/Wavelet/internal/apps/upload/util/utils.go:25.38,26.15 1 0
github.com/Rain-kl/Wavelet/internal/apps/upload/util/utils.go:26.15,28.3 1 0
github.com/Rain-kl/Wavelet/internal/apps/upload/util/utils.go:30.2,30.38 1 0
github.com/Rain-kl/Wavelet/internal/apps/upload/util/utils.go:30.38,32.3 1 0
github.com/Rain-kl/Wavelet/internal/apps/upload/util/utils.go:34.2,34.33 1 0
github.com/Rain-kl/Wavelet/internal/apps/upload/util/utils.go:34.33,36.3 1 0
github.com/Rain-kl/Wavelet/internal/apps/upload/util/utils.go:38.2,38.35 1 0
github.com/Rain-kl/Wavelet/internal/apps/upload/util/utils.go:38.35,40.3 1 0
github.com/Rain-kl/Wavelet/internal/apps/upload/util/utils.go:42.2,42.12 1 0
github.com/Rain-kl/Wavelet/internal/apps/upload/util/utils.go:47.79,49.16 2 0
github.com/Rain-kl/Wavelet/internal/apps/upload/util/utils.go:49.16,51.3 1 0
github.com/Rain-kl/Wavelet/internal/apps/upload/util/utils.go:53.2,54.34 2 0
github.com/Rain-kl/Wavelet/internal/apps/upload/util/utils.go:55.30,56.20 1 0
github.com/Rain-kl/Wavelet/internal/apps/upload/util/utils.go:57.33,58.20 1 0
github.com/Rain-kl/Wavelet/internal/apps/upload/util/utils.go:59.35,60.20 1 0
github.com/Rain-kl/Wavelet/internal/apps/upload/util/utils.go:61.10,62.20 1 0
github.com/Rain-kl/Wavelet/internal/apps/upload/util/utils.go:65.2,70.16 3 0
github.com/Rain-kl/Wavelet/internal/apps/upload/util/utils.go:70.16,72.3 1 0
github.com/Rain-kl/Wavelet/internal/apps/upload/util/utils.go:74.2,74.25 1 0
github.com/Rain-kl/Wavelet/internal/apps/oauth/audit.go:18.73,30.16 3 4
github.com/Rain-kl/Wavelet/internal/apps/oauth/audit.go:30.16,33.3 2 0
github.com/Rain-kl/Wavelet/internal/apps/oauth/audit.go:33.8,35.3 1 4
github.com/Rain-kl/Wavelet/internal/apps/oauth/auth_source_resolver.go:17.51,19.16 2 23
github.com/Rain-kl/Wavelet/internal/apps/oauth/auth_source_resolver.go:19.16,21.3 1 16
github.com/Rain-kl/Wavelet/internal/apps/oauth/auth_source_resolver.go:22.2,22.16 1 7
github.com/Rain-kl/Wavelet/internal/apps/oauth/auth_source_resolver.go:25.91,27.16 2 20
github.com/Rain-kl/Wavelet/internal/apps/oauth/auth_source_resolver.go:27.16,29.17 2 1
github.com/Rain-kl/Wavelet/internal/apps/oauth/auth_source_resolver.go:29.17,31.4 1 0
github.com/Rain-kl/Wavelet/internal/apps/oauth/auth_source_resolver.go:32.3,32.24 1 1
github.com/Rain-kl/Wavelet/internal/apps/oauth/auth_source_resolver.go:32.24,34.4 1 0
github.com/Rain-kl/Wavelet/internal/apps/oauth/auth_source_resolver.go:35.3,35.68 1 1
github.com/Rain-kl/Wavelet/internal/apps/oauth/auth_source_resolver.go:37.2,37.56 1 19
github.com/Rain-kl/Wavelet/internal/apps/oauth/auth_source_resolver.go:40.63,42.28 2 2
github.com/Rain-kl/Wavelet/internal/apps/oauth/auth_source_resolver.go:42.28,44.3 1 1
github.com/Rain-kl/Wavelet/internal/apps/oauth/auth_source_resolver.go:46.2,47.16 2 1
github.com/Rain-kl/Wavelet/internal/apps/oauth/auth_source_resolver.go:47.16,49.3 1 0
github.com/Rain-kl/Wavelet/internal/apps/oauth/auth_source_resolver.go:50.2,51.35 2 1
github.com/Rain-kl/Wavelet/internal/apps/oauth/auth_source_resolver.go:51.35,61.3 1 1
github.com/Rain-kl/Wavelet/internal/apps/oauth/auth_source_resolver.go:62.2,62.16 1 1
github.com/Rain-kl/Wavelet/internal/apps/oauth/auth_source_resolver.go:65.71,67.53 2 15
github.com/Rain-kl/Wavelet/internal/apps/oauth/auth_source_resolver.go:67.53,69.3 1 0
github.com/Rain-kl/Wavelet/internal/apps/oauth/auth_source_resolver.go:70.2,70.57 1 15
github.com/Rain-kl/Wavelet/internal/apps/oauth/auth_source_resolver.go:73.137,74.19 1 15
github.com/Rain-kl/Wavelet/internal/apps/oauth/auth_source_resolver.go:74.19,76.3 1 0
github.com/Rain-kl/Wavelet/internal/apps/oauth/auth_source_resolver.go:78.2,78.37 1 15
github.com/Rain-kl/Wavelet/internal/apps/oauth/auth_source_resolver.go:78.37,80.3 1 0
github.com/Rain-kl/Wavelet/internal/apps/oauth/auth_source_resolver.go:83.2,90.16 5 15
github.com/Rain-kl/Wavelet/internal/apps/oauth/auth_source_resolver.go:90.16,92.3 1 0
github.com/Rain-kl/Wavelet/internal/apps/oauth/auth_source_resolver.go:93.2,95.22 3 15
github.com/Rain-kl/Wavelet/internal/apps/oauth/auth_source_resolver.go:95.22,97.3 1 15
github.com/Rain-kl/Wavelet/internal/apps/oauth/auth_source_resolver.go:98.2,98.46 1 15
github.com/Rain-kl/Wavelet/internal/apps/oauth/auth_source_resolver.go:98.46,100.3 1 0
github.com/Rain-kl/Wavelet/internal/apps/oauth/auth_source_resolver.go:102.2,108.18 1 15
github.com/Rain-kl/Wavelet/internal/apps/oauth/auth_source_resolver.go:111.56,112.30 1 15
github.com/Rain-kl/Wavelet/internal/apps/oauth/auth_source_resolver.go:112.30,113.20 1 15
github.com/Rain-kl/Wavelet/internal/apps/oauth/auth_source_resolver.go:113.20,115.4 1 15
github.com/Rain-kl/Wavelet/internal/apps/oauth/auth_source_resolver.go:117.2,117.14 1 0
github.com/Rain-kl/Wavelet/internal/apps/oauth/cache.go:43.45,45.2 1 6
github.com/Rain-kl/Wavelet/internal/apps/oauth/cache.go:47.41,49.2 1 14
github.com/Rain-kl/Wavelet/internal/apps/oauth/cache.go:51.33,52.21 1 7
github.com/Rain-kl/Wavelet/internal/apps/oauth/cache.go:52.21,54.3 1 0
github.com/Rain-kl/Wavelet/internal/apps/oauth/cache.go:55.2,55.59 1 7
github.com/Rain-kl/Wavelet/internal/apps/oauth/cache.go:58.44,63.17 4 3
github.com/Rain-kl/Wavelet/internal/apps/oauth/cache.go:63.17,68.16 4 3
github.com/Rain-kl/Wavelet/internal/apps/oauth/cache.go:68.16,70.4 1 3
github.com/Rain-kl/Wavelet/internal/apps/oauth/cache.go:72.3,72.18 1 3
github.com/Rain-kl/Wavelet/internal/apps/oauth/cache.go:72.18,75.4 2 3
github.com/Rain-kl/Wavelet/internal/apps/oauth/cache.go:77.3,77.37 1 3
github.com/Rain-kl/Wavelet/internal/apps/oauth/cache.go:77.37,79.67 2 3
github.com/Rain-kl/Wavelet/internal/apps/oauth/cache.go:79.67,81.5 1 1
github.com/Rain-kl/Wavelet/internal/apps/oauth/cache.go:81.10,83.5 1 2
github.com/Rain-kl/Wavelet/internal/apps/oauth/cache.go:88.73,89.21 1 1
github.com/Rain-kl/Wavelet/internal/apps/oauth/cache.go:89.21,91.3 1 0
github.com/Rain-kl/Wavelet/internal/apps/oauth/cache.go:92.2,92.75 1 1
github.com/Rain-kl/Wavelet/internal/apps/oauth/cache.go:95.32,96.21 1 17
github.com/Rain-kl/Wavelet/internal/apps/oauth/cache.go:96.21,98.3 1 0
github.com/Rain-kl/Wavelet/internal/apps/oauth/cache.go:99.2,99.57 1 17
github.com/Rain-kl/Wavelet/internal/apps/oauth/cache.go:102.43,107.17 4 4
github.com/Rain-kl/Wavelet/internal/apps/oauth/cache.go:107.17,112.16 4 4
github.com/Rain-kl/Wavelet/internal/apps/oauth/cache.go:112.16,114.4 1 3
github.com/Rain-kl/Wavelet/internal/apps/oauth/cache.go:116.3,116.18 1 4
github.com/Rain-kl/Wavelet/internal/apps/oauth/cache.go:116.18,119.4 2 4
github.com/Rain-kl/Wavelet/internal/apps/oauth/cache.go:121.3,121.37 1 4
github.com/Rain-kl/Wavelet/internal/apps/oauth/cache.go:121.37,123.67 2 3
github.com/Rain-kl/Wavelet/internal/apps/oauth/cache.go:123.67,125.5 1 1
github.com/Rain-kl/Wavelet/internal/apps/oauth/cache.go:125.10,125.78 1 2
github.com/Rain-kl/Wavelet/internal/apps/oauth/cache.go:125.78,127.5 1 2
github.com/Rain-kl/Wavelet/internal/apps/oauth/cache.go:132.69,133.21 1 1
github.com/Rain-kl/Wavelet/internal/apps/oauth/cache.go:133.21,135.3 1 0
github.com/Rain-kl/Wavelet/internal/apps/oauth/cache.go:136.2,136.95 1 1
github.com/Rain-kl/Wavelet/internal/apps/oauth/cache.go:140.88,143.53 2 3
github.com/Rain-kl/Wavelet/internal/apps/oauth/cache.go:143.53,145.3 1 1
github.com/Rain-kl/Wavelet/internal/apps/oauth/cache.go:147.2,147.21 1 2
github.com/Rain-kl/Wavelet/internal/apps/oauth/cache.go:147.21,150.54 3 2
github.com/Rain-kl/Wavelet/internal/apps/oauth/cache.go:150.54,154.4 2 0
github.com/Rain-kl/Wavelet/internal/apps/oauth/cache.go:156.2,156.38 1 2
github.com/Rain-kl/Wavelet/internal/apps/oauth/cache.go:160.86,164.21 3 3
github.com/Rain-kl/Wavelet/internal/apps/oauth/cache.go:164.21,167.3 2 3
github.com/Rain-kl/Wavelet/internal/apps/oauth/cache.go:171.67,175.21 3 1
github.com/Rain-kl/Wavelet/internal/apps/oauth/cache.go:175.21,179.3 3 1
github.com/Rain-kl/Wavelet/internal/apps/oauth/cache.go:183.77,186.49 2 8
github.com/Rain-kl/Wavelet/internal/apps/oauth/cache.go:186.49,188.3 1 3
github.com/Rain-kl/Wavelet/internal/apps/oauth/cache.go:190.2,190.21 1 5
github.com/Rain-kl/Wavelet/internal/apps/oauth/cache.go:190.21,193.50 3 5
github.com/Rain-kl/Wavelet/internal/apps/oauth/cache.go:193.50,197.4 2 0
github.com/Rain-kl/Wavelet/internal/apps/oauth/cache.go:199.2,199.38 1 5
github.com/Rain-kl/Wavelet/internal/apps/oauth/cache.go:203.71,207.21 3 8
github.com/Rain-kl/Wavelet/internal/apps/oauth/cache.go:207.21,210.3 2 8
github.com/Rain-kl/Wavelet/internal/apps/oauth/cache.go:214.63,218.21 3 1
github.com/Rain-kl/Wavelet/internal/apps/oauth/cache.go:218.21,222.3 3 1
github.com/Rain-kl/Wavelet/internal/apps/oauth/cache.go:226.31,227.32 1 4
github.com/Rain-kl/Wavelet/internal/apps/oauth/cache.go:227.32,229.31 2 3
github.com/Rain-kl/Wavelet/internal/apps/oauth/cache.go:229.31,231.4 1 3
github.com/Rain-kl/Wavelet/internal/apps/oauth/cache.go:232.3,233.26 2 3
github.com/Rain-kl/Wavelet/internal/apps/oauth/cache.go:235.2,237.31 2 4
github.com/Rain-kl/Wavelet/internal/apps/oauth/cache.go:237.31,239.30 2 3
github.com/Rain-kl/Wavelet/internal/apps/oauth/cache.go:239.30,241.4 1 3
github.com/Rain-kl/Wavelet/internal/apps/oauth/cache.go:242.3,243.25 2 3
github.com/Rain-kl/Wavelet/internal/apps/oauth/cache.go:245.2,245.32 1 4
github.com/Rain-kl/Wavelet/internal/apps/oauth/cache.go:249.34,252.2 2 8
github.com/Rain-kl/Wavelet/internal/apps/oauth/constants.go:44.73,46.16 2 10
github.com/Rain-kl/Wavelet/internal/apps/oauth/constants.go:46.16,48.3 1 0
github.com/Rain-kl/Wavelet/internal/apps/oauth/constants.go:49.2,49.26 1 10
github.com/Rain-kl/Wavelet/internal/apps/oauth/constants.go:52.71,54.64 2 10
github.com/Rain-kl/Wavelet/internal/apps/oauth/constants.go:54.64,56.3 1 0
github.com/Rain-kl/Wavelet/internal/apps/oauth/constants.go:57.2,57.21 1 10
github.com/Rain-kl/Wavelet/internal/apps/oauth/gin_context.go:9.66,11.13 2 1
github.com/Rain-kl/Wavelet/internal/apps/oauth/gin_context.go:11.13,14.3 2 0
github.com/Rain-kl/Wavelet/internal/apps/oauth/gin_context.go:15.2,16.18 2 1
github.com/Rain-kl/Wavelet/internal/apps/oauth/gin_context.go:20.63,22.2 1 12
github.com/Rain-kl/Wavelet/internal/apps/oauth/handler_authorize.go:33.34,35.30 2 9
github.com/Rain-kl/Wavelet/internal/apps/oauth/handler_authorize.go:35.30,38.3 2 1
github.com/Rain-kl/Wavelet/internal/apps/oauth/handler_authorize.go:40.2,41.16 2 8
github.com/Rain-kl/Wavelet/internal/apps/oauth/handler_authorize.go:41.16,44.3 2 1
github.com/Rain-kl/Wavelet/internal/apps/oauth/handler_authorize.go:46.2,46.22 1 7
github.com/Rain-kl/Wavelet/internal/apps/oauth/handler_authorize.go:46.22,49.3 2 1
github.com/Rain-kl/Wavelet/internal/apps/oauth/handler_authorize.go:51.2,53.11 3 6
github.com/Rain-kl/Wavelet/internal/apps/oauth/handler_authorize.go:53.11,54.40 1 6
github.com/Rain-kl/Wavelet/internal/apps/oauth/handler_authorize.go:54.40,57.4 2 0
github.com/Rain-kl/Wavelet/internal/apps/oauth/handler_authorize.go:60.2,62.64 3 6
github.com/Rain-kl/Wavelet/internal/apps/oauth/handler_authorize.go:62.64,65.3 2 0
github.com/Rain-kl/Wavelet/internal/apps/oauth/handler_authorize.go:67.2,74.16 3 6
github.com/Rain-kl/Wavelet/internal/apps/oauth/handler_authorize.go:74.16,77.3 2 0
github.com/Rain-kl/Wavelet/internal/apps/oauth/handler_authorize.go:78.2,78.154 1 6
github.com/Rain-kl/Wavelet/internal/apps/oauth/handler_authorize.go:78.154,81.3 2 0
github.com/Rain-kl/Wavelet/internal/apps/oauth/handler_authorize.go:83.2,84.16 2 6
github.com/Rain-kl/Wavelet/internal/apps/oauth/handler_authorize.go:84.16,87.3 2 0
github.com/Rain-kl/Wavelet/internal/apps/oauth/handler_authorize.go:88.2,88.88 1 6
github.com/Rain-kl/Wavelet/internal/apps/oauth/handler_authorize.go:91.101,93.16 2 10
github.com/Rain-kl/Wavelet/internal/apps/oauth/handler_authorize.go:93.16,95.3 1 0
github.com/Rain-kl/Wavelet/internal/apps/oauth/handler_authorize.go:96.2,97.16 2 10
github.com/Rain-kl/Wavelet/internal/apps/oauth/handler_authorize.go:97.16,99.3 1 0
github.com/Rain-kl/Wavelet/internal/apps/oauth/handler_authorize.go:100.2,100.21 1 10
github.com/Rain-kl/Wavelet/internal/apps/oauth/handler_authorize.go:100.21,102.3 1 10
github.com/Rain-kl/Wavelet/internal/apps/oauth/handler_authorize.go:103.2,103.43 1 0
github.com/Rain-kl/Wavelet/internal/apps/oauth/handler_authorize.go:106.75,107.42 1 10
github.com/Rain-kl/Wavelet/internal/apps/oauth/handler_authorize.go:107.42,109.3 1 0
github.com/Rain-kl/Wavelet/internal/apps/oauth/handler_authorize.go:110.2,112.16 3 10
github.com/Rain-kl/Wavelet/internal/apps/oauth/handler_authorize.go:112.16,114.3 1 0
github.com/Rain-kl/Wavelet/internal/apps/oauth/handler_authorize.go:115.2,115.12 1 10
github.com/Rain-kl/Wavelet/internal/apps/oauth/handler_authorize.go:115.12,117.3 1 9
github.com/Rain-kl/Wavelet/internal/apps/oauth/handler_authorize.go:118.2,118.28 1 10
github.com/Rain-kl/Wavelet/internal/apps/oauth/handler_authorize.go:118.28,120.3 1 0
github.com/Rain-kl/Wavelet/internal/apps/oauth/handler_authorize.go:121.2,121.12 1 10
github.com/Rain-kl/Wavelet/internal/apps/oauth/handler_authorize.go:135.32,137.30 2 7
github.com/Rain-kl/Wavelet/internal/apps/oauth/handler_authorize.go:137.30,140.3 2 1
github.com/Rain-kl/Wavelet/internal/apps/oauth/handler_authorize.go:142.2,143.16 2 6
github.com/Rain-kl/Wavelet/internal/apps/oauth/handler_authorize.go:143.16,146.3 2 0
github.com/Rain-kl/Wavelet/internal/apps/oauth/handler_authorize.go:148.2,148.22 1 6
github.com/Rain-kl/Wavelet/internal/apps/oauth/handler_authorize.go:148.22,151.3 2 1
github.com/Rain-kl/Wavelet/internal/apps/oauth/handler_authorize.go:152.2,153.33 2 5
github.com/Rain-kl/Wavelet/internal/apps/oauth/handler_authorize.go:153.33,155.3 1 0
github.com/Rain-kl/Wavelet/internal/apps/oauth/handler_authorize.go:157.2,159.48 3 5
github.com/Rain-kl/Wavelet/internal/apps/oauth/handler_authorize.go:159.48,162.3 2 1
github.com/Rain-kl/Wavelet/internal/apps/oauth/handler_authorize.go:164.2,165.11 2 4
github.com/Rain-kl/Wavelet/internal/apps/oauth/handler_authorize.go:165.11,166.40 1 3
github.com/Rain-kl/Wavelet/internal/apps/oauth/handler_authorize.go:166.40,169.4 2 0
github.com/Rain-kl/Wavelet/internal/apps/oauth/handler_authorize.go:172.2,173.64 2 4
github.com/Rain-kl/Wavelet/internal/apps/oauth/handler_authorize.go:173.64,176.3 2 0
github.com/Rain-kl/Wavelet/internal/apps/oauth/handler_authorize.go:178.2,185.16 3 4
github.com/Rain-kl/Wavelet/internal/apps/oauth/handler_authorize.go:185.16,188.3 2 0
github.com/Rain-kl/Wavelet/internal/apps/oauth/handler_authorize.go:189.2,189.154 1 4
github.com/Rain-kl/Wavelet/internal/apps/oauth/handler_authorize.go:189.154,192.3 2 0
github.com/Rain-kl/Wavelet/internal/apps/oauth/handler_authorize.go:194.2,195.16 2 4
github.com/Rain-kl/Wavelet/internal/apps/oauth/handler_authorize.go:195.16,198.3 2 0
github.com/Rain-kl/Wavelet/internal/apps/oauth/handler_authorize.go:199.2,199.88 1 4
github.com/Rain-kl/Wavelet/internal/apps/oauth/handler_callback.go:37.31,39.47 2 8
github.com/Rain-kl/Wavelet/internal/apps/oauth/handler_callback.go:39.47,42.3 2 0
github.com/Rain-kl/Wavelet/internal/apps/oauth/handler_callback.go:44.2,47.16 4 8
github.com/Rain-kl/Wavelet/internal/apps/oauth/handler_callback.go:47.16,50.3 2 0
github.com/Rain-kl/Wavelet/internal/apps/oauth/handler_callback.go:51.2,54.16 3 8
github.com/Rain-kl/Wavelet/internal/apps/oauth/handler_callback.go:54.16,57.3 2 0
github.com/Rain-kl/Wavelet/internal/apps/oauth/handler_callback.go:59.2,62.63 3 8
github.com/Rain-kl/Wavelet/internal/apps/oauth/handler_callback.go:62.63,65.3 2 1
github.com/Rain-kl/Wavelet/internal/apps/oauth/handler_callback.go:67.2,68.24 2 7
github.com/Rain-kl/Wavelet/internal/apps/oauth/handler_callback.go:68.24,71.3 2 0
github.com/Rain-kl/Wavelet/internal/apps/oauth/handler_callback.go:73.2,73.52 1 7
github.com/Rain-kl/Wavelet/internal/apps/oauth/handler_callback.go:73.52,76.3 2 0
github.com/Rain-kl/Wavelet/internal/apps/oauth/handler_callback.go:78.2,78.76 1 7
github.com/Rain-kl/Wavelet/internal/apps/oauth/handler_callback.go:78.76,81.3 2 0
github.com/Rain-kl/Wavelet/internal/apps/oauth/handler_callback.go:83.2,83.30 1 7
github.com/Rain-kl/Wavelet/internal/apps/oauth/handler_callback.go:83.30,86.3 2 1
github.com/Rain-kl/Wavelet/internal/apps/oauth/handler_callback.go:88.2,89.16 2 6
github.com/Rain-kl/Wavelet/internal/apps/oauth/handler_callback.go:89.16,92.3 2 0
github.com/Rain-kl/Wavelet/internal/apps/oauth/handler_callback.go:94.2,94.22 1 6
github.com/Rain-kl/Wavelet/internal/apps/oauth/handler_callback.go:94.22,97.3 2 1
github.com/Rain-kl/Wavelet/internal/apps/oauth/handler_callback.go:99.2,100.16 2 5
github.com/Rain-kl/Wavelet/internal/apps/oauth/handler_callback.go:100.16,103.3 2 0
github.com/Rain-kl/Wavelet/internal/apps/oauth/handler_callback.go:105.2,106.16 2 5
github.com/Rain-kl/Wavelet/internal/apps/oauth/handler_callback.go:106.16,109.3 2 0
github.com/Rain-kl/Wavelet/internal/apps/oauth/handler_callback.go:110.2,110.57 1 5
github.com/Rain-kl/Wavelet/internal/apps/oauth/handler_callback.go:110.57,113.3 2 0
github.com/Rain-kl/Wavelet/internal/apps/oauth/handler_callback.go:114.2,114.24 1 5
github.com/Rain-kl/Wavelet/internal/apps/oauth/handler_callback.go:114.24,116.3 1 0
github.com/Rain-kl/Wavelet/internal/apps/oauth/handler_callback.go:118.2,118.41 1 5
github.com/Rain-kl/Wavelet/internal/apps/oauth/handler_callback.go:118.41,121.3 2 2
github.com/Rain-kl/Wavelet/internal/apps/oauth/handler_callback.go:123.2,123.47 1 3
github.com/Rain-kl/Wavelet/internal/apps/oauth/handler_callback.go:127.119,129.17 2 2
github.com/Rain-kl/Wavelet/internal/apps/oauth/handler_callback.go:129.17,132.3 2 0
github.com/Rain-kl/Wavelet/internal/apps/oauth/handler_callback.go:133.2,134.16 2 2
github.com/Rain-kl/Wavelet/internal/apps/oauth/handler_callback.go:134.16,137.3 2 0
github.com/Rain-kl/Wavelet/internal/apps/oauth/handler_callback.go:138.2,144.17 1 2
github.com/Rain-kl/Wavelet/internal/apps/oauth/handler_callback.go:144.17,147.3 2 1
github.com/Rain-kl/Wavelet/internal/apps/oauth/handler_callback.go:148.2,150.73 3 1
github.com/Rain-kl/Wavelet/internal/apps/oauth/handler_callback.go:154.120,158.9 3 3
github.com/Rain-kl/Wavelet/internal/apps/oauth/handler_callback.go:159.18,161.21 2 0
github.com/Rain-kl/Wavelet/internal/apps/oauth/handler_callback.go:161.21,164.4 2 0
github.com/Rain-kl/Wavelet/internal/apps/oauth/handler_callback.go:165.3,165.16 1 0
github.com/Rain-kl/Wavelet/internal/apps/oauth/handler_callback.go:166.46,168.10 2 3
github.com/Rain-kl/Wavelet/internal/apps/oauth/handler_callback.go:168.10,170.4 1 1
github.com/Rain-kl/Wavelet/internal/apps/oauth/handler_callback.go:171.3,171.17 1 2
github.com/Rain-kl/Wavelet/internal/apps/oauth/handler_callback.go:172.10,174.9 2 0
github.com/Rain-kl/Wavelet/internal/apps/oauth/handler_callback.go:177.2,179.55 3 2
github.com/Rain-kl/Wavelet/internal/apps/oauth/handler_callback.go:179.55,182.3 2 0
github.com/Rain-kl/Wavelet/internal/apps/oauth/handler_callback.go:184.2,190.77 4 2
github.com/Rain-kl/Wavelet/internal/apps/oauth/handler_callback.go:195.142,197.19 2 3
github.com/Rain-kl/Wavelet/internal/apps/oauth/handler_callback.go:197.19,199.3 1 0
github.com/Rain-kl/Wavelet/internal/apps/oauth/handler_callback.go:201.2,201.26 1 3
github.com/Rain-kl/Wavelet/internal/apps/oauth/handler_callback.go:201.26,204.3 2 1
github.com/Rain-kl/Wavelet/internal/apps/oauth/handler_callback.go:206.2,207.22 2 2
github.com/Rain-kl/Wavelet/internal/apps/oauth/handler_callback.go:207.22,210.3 2 0
github.com/Rain-kl/Wavelet/internal/apps/oauth/handler_callback.go:211.2,214.77 3 2
github.com/Rain-kl/Wavelet/internal/apps/oauth/handler_callback.go:214.77,217.3 2 0
github.com/Rain-kl/Wavelet/internal/apps/oauth/handler_callback.go:218.2,224.17 1 2
github.com/Rain-kl/Wavelet/internal/apps/oauth/handler_callback.go:224.17,227.3 2 0
github.com/Rain-kl/Wavelet/internal/apps/oauth/handler_callback.go:228.2,230.19 2 2
github.com/Rain-kl/Wavelet/internal/apps/oauth/handler_external_accounts.go:28.43,31.16 3 1
github.com/Rain-kl/Wavelet/internal/apps/oauth/handler_external_accounts.go:31.16,34.3 2 0
github.com/Rain-kl/Wavelet/internal/apps/oauth/handler_external_accounts.go:35.2,35.46 1 1
github.com/Rain-kl/Wavelet/internal/apps/oauth/handler_external_accounts.go:49.44,51.17 2 1
github.com/Rain-kl/Wavelet/internal/apps/oauth/handler_external_accounts.go:51.17,54.3 2 0
github.com/Rain-kl/Wavelet/internal/apps/oauth/handler_external_accounts.go:55.2,57.27 3 1
github.com/Rain-kl/Wavelet/internal/apps/oauth/handler_external_accounts.go:57.27,60.3 2 0
github.com/Rain-kl/Wavelet/internal/apps/oauth/handler_external_accounts.go:61.2,61.97 1 1
github.com/Rain-kl/Wavelet/internal/apps/oauth/handler_external_accounts.go:61.97,64.3 2 0
github.com/Rain-kl/Wavelet/internal/apps/oauth/handler_external_accounts.go:65.2,65.41 1 1
github.com/Rain-kl/Wavelet/internal/apps/oauth/handler_sources.go:20.38,22.2 1 2
github.com/Rain-kl/Wavelet/internal/apps/oauth/middlewares.go:32.100,35.16 3 0
github.com/Rain-kl/Wavelet/internal/apps/oauth/middlewares.go:35.16,37.17 2 0
github.com/Rain-kl/Wavelet/internal/apps/oauth/middlewares.go:37.17,39.4 1 0
github.com/Rain-kl/Wavelet/internal/apps/oauth/middlewares.go:40.3,41.46 2 0
github.com/Rain-kl/Wavelet/internal/apps/oauth/middlewares.go:44.2,45.34 2 0
github.com/Rain-kl/Wavelet/internal/apps/oauth/middlewares.go:45.34,47.17 2 0
github.com/Rain-kl/Wavelet/internal/apps/oauth/middlewares.go:47.17,49.4 1 0
github.com/Rain-kl/Wavelet/internal/apps/oauth/middlewares.go:50.3,51.47 2 0
github.com/Rain-kl/Wavelet/internal/apps/oauth/middlewares.go:53.2,53.31 1 0
github.com/Rain-kl/Wavelet/internal/apps/oauth/middlewares.go:57.62,62.20 3 6
github.com/Rain-kl/Wavelet/internal/apps/oauth/middlewares.go:62.20,64.57 2 6
github.com/Rain-kl/Wavelet/internal/apps/oauth/middlewares.go:64.57,66.4 1 0
github.com/Rain-kl/Wavelet/internal/apps/oauth/middlewares.go:70.2,70.20 1 6
github.com/Rain-kl/Wavelet/internal/apps/oauth/middlewares.go:70.20,71.74 1 0
github.com/Rain-kl/Wavelet/internal/apps/oauth/middlewares.go:71.74,73.33 1 0
github.com/Rain-kl/Wavelet/internal/apps/oauth/middlewares.go:73.33,75.5 1 0
github.com/Rain-kl/Wavelet/internal/apps/oauth/middlewares.go:76.4,78.20 3 0
github.com/Rain-kl/Wavelet/internal/apps/oauth/middlewares.go:83.2,84.17 2 6
github.com/Rain-kl/Wavelet/internal/apps/oauth/middlewares.go:84.17,86.3 1 1
github.com/Rain-kl/Wavelet/internal/apps/oauth/middlewares.go:88.2,89.34 2 5
github.com/Rain-kl/Wavelet/internal/apps/oauth/middlewares.go:89.34,92.21 2 3
github.com/Rain-kl/Wavelet/internal/apps/oauth/middlewares.go:92.21,94.4 1 0
github.com/Rain-kl/Wavelet/internal/apps/oauth/middlewares.go:95.3,96.35 2 3
github.com/Rain-kl/Wavelet/internal/apps/oauth/middlewares.go:100.2,100.25 1 5
github.com/Rain-kl/Wavelet/internal/apps/oauth/middlewares.go:100.25,103.35 3 1
github.com/Rain-kl/Wavelet/internal/apps/oauth/middlewares.go:103.35,105.4 1 1
github.com/Rain-kl/Wavelet/internal/apps/oauth/middlewares.go:109.2,113.31 3 4
github.com/Rain-kl/Wavelet/internal/apps/oauth/middlewares.go:113.31,115.3 1 0
github.com/Rain-kl/Wavelet/internal/apps/oauth/middlewares.go:117.2,117.18 1 4
github.com/Rain-kl/Wavelet/internal/apps/oauth/middlewares.go:121.38,122.30 1 34
github.com/Rain-kl/Wavelet/internal/apps/oauth/middlewares.go:122.30,128.17 4 6
github.com/Rain-kl/Wavelet/internal/apps/oauth/middlewares.go:128.17,131.4 2 2
github.com/Rain-kl/Wavelet/internal/apps/oauth/middlewares.go:134.3,140.11 3 4
github.com/Rain-kl/Wavelet/internal/apps/oauth/middlewares.go:145.42,146.30 1 0
github.com/Rain-kl/Wavelet/internal/apps/oauth/middlewares.go:146.30,147.71 1 0
github.com/Rain-kl/Wavelet/internal/apps/oauth/middlewares.go:147.71,150.4 2 0
github.com/Rain-kl/Wavelet/internal/apps/oauth/middlewares.go:151.3,151.11 1 0
github.com/Rain-kl/Wavelet/internal/apps/oauth/oauth_userinfo.go:18.71,20.16 2 2
github.com/Rain-kl/Wavelet/internal/apps/oauth/oauth_userinfo.go:20.16,22.3 1 0
github.com/Rain-kl/Wavelet/internal/apps/oauth/oauth_userinfo.go:24.2,25.16 2 2
github.com/Rain-kl/Wavelet/internal/apps/oauth/oauth_userinfo.go:25.16,27.3 1 0
github.com/Rain-kl/Wavelet/internal/apps/oauth/oauth_userinfo.go:30.2,31.38 2 2
github.com/Rain-kl/Wavelet/internal/apps/oauth/oauth_userinfo.go:31.38,33.3 1 1
github.com/Rain-kl/Wavelet/internal/apps/oauth/oauth_userinfo.go:36.2,36.36 1 2
github.com/Rain-kl/Wavelet/internal/apps/oauth/oauth_userinfo.go:36.36,38.3 1 1
github.com/Rain-kl/Wavelet/internal/apps/oauth/oauth_userinfo.go:41.2,41.29 1 1
github.com/Rain-kl/Wavelet/internal/apps/oauth/oauth_userinfo.go:41.29,43.42 2 1
github.com/Rain-kl/Wavelet/internal/apps/oauth/oauth_userinfo.go:43.42,45.4 1 1
github.com/Rain-kl/Wavelet/internal/apps/oauth/oauth_userinfo.go:48.2,48.50 1 0
github.com/Rain-kl/Wavelet/internal/apps/oauth/oauth_userinfo.go:51.149,53.16 2 5
github.com/Rain-kl/Wavelet/internal/apps/oauth/oauth_userinfo.go:53.16,55.3 1 0
github.com/Rain-kl/Wavelet/internal/apps/oauth/oauth_userinfo.go:57.2,58.16 2 5
github.com/Rain-kl/Wavelet/internal/apps/oauth/oauth_userinfo.go:58.16,60.3 1 0
github.com/Rain-kl/Wavelet/internal/apps/oauth/oauth_userinfo.go:62.2,63.21 2 5
github.com/Rain-kl/Wavelet/internal/apps/oauth/oauth_userinfo.go:63.21,64.90 1 5
github.com/Rain-kl/Wavelet/internal/apps/oauth/oauth_userinfo.go:64.90,66.4 1 0
github.com/Rain-kl/Wavelet/internal/apps/oauth/oauth_userinfo.go:69.2,69.65 1 5
github.com/Rain-kl/Wavelet/internal/apps/oauth/oauth_userinfo.go:69.65,71.3 1 5
github.com/Rain-kl/Wavelet/internal/apps/oauth/oauth_userinfo.go:72.2,72.53 1 5
github.com/Rain-kl/Wavelet/internal/apps/oauth/oauth_userinfo.go:72.53,74.3 1 0
github.com/Rain-kl/Wavelet/internal/apps/oauth/oauth_userinfo.go:75.2,75.51 1 5
github.com/Rain-kl/Wavelet/internal/apps/oauth/oauth_userinfo.go:75.51,77.3 1 0
github.com/Rain-kl/Wavelet/internal/apps/oauth/oauth_userinfo.go:78.2,78.25 1 5
github.com/Rain-kl/Wavelet/internal/apps/oauth/oauth_userinfo.go:78.25,80.3 1 0
github.com/Rain-kl/Wavelet/internal/apps/oauth/oauth_userinfo.go:82.2,82.22 1 5
github.com/Rain-kl/Wavelet/internal/apps/oauth/oauth_userinfo.go:86.145,88.9 2 5
github.com/Rain-kl/Wavelet/internal/apps/oauth/oauth_userinfo.go:88.9,90.3 1 0
github.com/Rain-kl/Wavelet/internal/apps/oauth/oauth_userinfo.go:91.2,92.22 2 5
github.com/Rain-kl/Wavelet/internal/apps/oauth/oauth_userinfo.go:92.22,94.3 1 0
github.com/Rain-kl/Wavelet/internal/apps/oauth/oauth_userinfo.go:95.2,95.43 1 5
github.com/Rain-kl/Wavelet/internal/apps/oauth/oauth_userinfo.go:95.43,97.3 1 0
github.com/Rain-kl/Wavelet/internal/apps/oauth/oauth_userinfo.go:98.2,98.61 1 5
github.com/Rain-kl/Wavelet/internal/apps/oauth/oauth_userinfo.go:98.61,100.3 1 0
github.com/Rain-kl/Wavelet/internal/apps/oauth/oauth_userinfo.go:101.2,101.12 1 5
github.com/Rain-kl/Wavelet/internal/apps/oauth/oauth_userinfo.go:104.66,111.65 6 5
github.com/Rain-kl/Wavelet/internal/apps/oauth/oauth_userinfo.go:111.65,113.3 1 0
github.com/Rain-kl/Wavelet/internal/apps/oauth/oauth_userinfo.go:114.2,114.53 1 5
github.com/Rain-kl/Wavelet/internal/apps/oauth/oauth_userinfo.go:114.53,116.3 1 0
github.com/Rain-kl/Wavelet/internal/apps/oauth/oauth_userinfo.go:117.2,117.51 1 5
github.com/Rain-kl/Wavelet/internal/apps/oauth/oauth_userinfo.go:117.51,119.3 1 0
github.com/Rain-kl/Wavelet/internal/apps/oauth/oauth_userinfo.go:120.2,120.29 1 5
github.com/Rain-kl/Wavelet/internal/apps/oauth/oauth_userinfo.go:120.29,122.3 1 0
github.com/Rain-kl/Wavelet/internal/apps/oauth/oauth_userinfo.go:123.2,123.25 1 5
github.com/Rain-kl/Wavelet/internal/apps/oauth/oauth_userinfo.go:123.25,125.3 1 0
github.com/Rain-kl/Wavelet/internal/apps/oauth/oauth_userinfo.go:126.2,126.22 1 5
github.com/Rain-kl/Wavelet/internal/apps/oauth/oauth_userinfo.go:126.22,128.3 1 0
github.com/Rain-kl/Wavelet/internal/apps/oauth/oauth_userinfo.go:129.2,129.12 1 5
github.com/Rain-kl/Wavelet/internal/apps/oauth/oauth_userinfo.go:132.79,134.17 2 4
github.com/Rain-kl/Wavelet/internal/apps/oauth/oauth_userinfo.go:134.17,137.3 2 3
github.com/Rain-kl/Wavelet/internal/apps/oauth/oauth_userinfo.go:138.2,138.15 1 4
github.com/Rain-kl/Wavelet/internal/apps/oauth/provider_cache.go:40.60,42.84 2 8
github.com/Rain-kl/Wavelet/internal/apps/oauth/provider_cache.go:42.84,44.3 1 8
github.com/Rain-kl/Wavelet/internal/apps/oauth/provider_cache.go:45.2,45.11 1 8
github.com/Rain-kl/Wavelet/internal/apps/oauth/provider_cache.go:50.93,53.36 2 15
github.com/Rain-kl/Wavelet/internal/apps/oauth/provider_cache.go:53.36,56.3 2 7
github.com/Rain-kl/Wavelet/internal/apps/oauth/provider_cache.go:57.2,61.56 3 8
github.com/Rain-kl/Wavelet/internal/apps/oauth/provider_cache.go:61.56,64.37 2 8
github.com/Rain-kl/Wavelet/internal/apps/oauth/provider_cache.go:64.37,67.4 2 0
github.com/Rain-kl/Wavelet/internal/apps/oauth/provider_cache.go:68.3,71.17 3 8
github.com/Rain-kl/Wavelet/internal/apps/oauth/provider_cache.go:71.17,73.4 1 0
github.com/Rain-kl/Wavelet/internal/apps/oauth/provider_cache.go:75.3,78.16 4 8
github.com/Rain-kl/Wavelet/internal/apps/oauth/provider_cache.go:80.2,80.16 1 8
github.com/Rain-kl/Wavelet/internal/apps/oauth/provider_cache.go:80.16,82.3 1 0
github.com/Rain-kl/Wavelet/internal/apps/oauth/provider_cache.go:83.2,83.32 1 8
github.com/Rain-kl/Wavelet/internal/apps/oauth/provider_cache.go:88.55,92.2 3 22
github.com/Rain-kl/Wavelet/internal/apps/oauth/provider_cache.go:97.49,99.2 1 22
github.com/Rain-kl/Wavelet/internal/apps/oauth/routers.go:35.74,50.2 1 4
github.com/Rain-kl/Wavelet/internal/apps/oauth/routers.go:63.31,72.2 4 1
github.com/Rain-kl/Wavelet/internal/apps/oauth/routers.go:92.29,96.19 4 1
github.com/Rain-kl/Wavelet/internal/apps/oauth/routers.go:96.19,98.36 2 0
github.com/Rain-kl/Wavelet/internal/apps/oauth/routers.go:98.36,100.4 1 0
github.com/Rain-kl/Wavelet/internal/apps/oauth/routers.go:100.9,100.49 1 0
github.com/Rain-kl/Wavelet/internal/apps/oauth/routers.go:100.49,102.4 1 0
github.com/Rain-kl/Wavelet/internal/apps/oauth/routers.go:102.9,102.57 1 0
github.com/Rain-kl/Wavelet/internal/apps/oauth/routers.go:102.57,104.4 1 0
github.com/Rain-kl/Wavelet/internal/apps/oauth/routers.go:106.2,108.39 3 1
github.com/Rain-kl/Wavelet/internal/apps/oauth/routers.go:108.39,111.3 2 0
github.com/Rain-kl/Wavelet/internal/apps/oauth/routers.go:112.2,112.41 1 1
github.com/Rain-kl/Wavelet/internal/apps/oauth/session.go:16.53,25.2 1 14
github.com/Rain-kl/Wavelet/internal/apps/oauth/session.go:28.73,30.23 2 0
github.com/Rain-kl/Wavelet/internal/apps/oauth/session.go:30.23,32.3 1 0
github.com/Rain-kl/Wavelet/internal/apps/oauth/session.go:34.2,35.28 2 0
github.com/Rain-kl/Wavelet/internal/apps/oauth/session.go:35.28,36.43 1 0
github.com/Rain-kl/Wavelet/internal/apps/oauth/session.go:36.43,39.28 3 0
github.com/Rain-kl/Wavelet/internal/apps/oauth/session.go:39.28,42.85 3 0
github.com/Rain-kl/Wavelet/internal/apps/oauth/session.go:42.85,43.14 1 0
github.com/Rain-kl/Wavelet/internal/apps/oauth/session.go:45.5,45.35 1 0
github.com/Rain-kl/Wavelet/internal/apps/oauth/session.go:47.4,47.64 1 0
github.com/Rain-kl/Wavelet/internal/apps/oauth/session.go:48.9,50.4 1 0
github.com/Rain-kl/Wavelet/internal/apps/oauth/session.go:52.2,52.35 1 0
github.com/Rain-kl/Wavelet/internal/apps/oauth/session_context.go:21.54,23.9 2 29
github.com/Rain-kl/Wavelet/internal/apps/oauth/session_context.go:23.9,25.3 1 14
github.com/Rain-kl/Wavelet/internal/apps/oauth/session_context.go:26.2,26.15 1 15
github.com/Rain-kl/Wavelet/internal/apps/oauth/session_context.go:30.50,33.2 2 10
github.com/Rain-kl/Wavelet/internal/apps/oauth/session_context.go:35.60,37.24 2 10
github.com/Rain-kl/Wavelet/internal/apps/oauth/session_context.go:37.24,41.3 3 9
github.com/Rain-kl/Wavelet/internal/apps/oauth/session_context.go:42.2,42.21 1 1
github.com/Rain-kl/Wavelet/internal/apps/oauth/session_context.go:45.44,49.2 3 17
github.com/Rain-kl/Wavelet/internal/apps/oauth/session_context.go:51.42,52.68 1 2
github.com/Rain-kl/Wavelet/internal/apps/oauth/session_context.go:52.68,53.43 1 2
github.com/Rain-kl/Wavelet/internal/apps/oauth/session_context.go:53.43,55.4 1 2
github.com/Rain-kl/Wavelet/internal/apps/oauth/session_context.go:60.109,68.21 7 2
github.com/Rain-kl/Wavelet/internal/apps/oauth/session_context.go:68.21,69.37 1 0
github.com/Rain-kl/Wavelet/internal/apps/oauth/session_context.go:69.37,71.4 1 0
github.com/Rain-kl/Wavelet/internal/apps/oauth/session_context.go:75.2,79.16 4 2
github.com/Rain-kl/Wavelet/internal/apps/oauth/session_context.go:79.16,80.10 1 0
github.com/Rain-kl/Wavelet/internal/apps/oauth/session_context.go:81.23,83.33 1 0
github.com/Rain-kl/Wavelet/internal/apps/oauth/session_context.go:84.21,85.28 1 0
github.com/Rain-kl/Wavelet/internal/apps/oauth/session_context.go:86.22,87.26 1 0
github.com/Rain-kl/Wavelet/internal/apps/oauth/session_context.go:90.2,92.39 2 2
github.com/Rain-kl/Wavelet/internal/apps/oauth/session_context.go:92.39,94.3 1 0
github.com/Rain-kl/Wavelet/internal/apps/oauth/session_context.go:96.2,96.21 1 2
github.com/Rain-kl/Wavelet/internal/apps/oauth/session_context.go:96.21,98.3 1 0
github.com/Rain-kl/Wavelet/internal/apps/oauth/session_context.go:100.2,100.12 1 2
github.com/Rain-kl/Wavelet/internal/apps/upload/filesrv/file_server.go:64.36,66.16 2 10
github.com/Rain-kl/Wavelet/internal/apps/upload/filesrv/file_server.go:66.16,67.45 1 1
github.com/Rain-kl/Wavelet/internal/apps/upload/filesrv/file_server.go:67.45,70.4 2 1
github.com/Rain-kl/Wavelet/internal/apps/upload/filesrv/file_server.go:71.3,71.43 1 0
github.com/Rain-kl/Wavelet/internal/apps/upload/filesrv/file_server.go:71.43,74.4 2 0
github.com/Rain-kl/Wavelet/internal/apps/upload/filesrv/file_server.go:75.3,76.9 2 0
github.com/Rain-kl/Wavelet/internal/apps/upload/filesrv/file_server.go:79.2,79.61 1 9
github.com/Rain-kl/Wavelet/internal/apps/upload/filesrv/file_server.go:79.61,82.3 2 1
github.com/Rain-kl/Wavelet/internal/apps/upload/filesrv/file_server.go:84.2,84.24 1 8
github.com/Rain-kl/Wavelet/internal/apps/upload/filesrv/file_server.go:88.65,94.16 5 10
github.com/Rain-kl/Wavelet/internal/apps/upload/filesrv/file_server.go:94.16,96.3 1 0
github.com/Rain-kl/Wavelet/internal/apps/upload/filesrv/file_server.go:98.2,99.16 2 10
github.com/Rain-kl/Wavelet/internal/apps/upload/filesrv/file_server.go:99.16,101.3 1 1
github.com/Rain-kl/Wavelet/internal/apps/upload/filesrv/file_server.go:103.2,103.21 1 9
github.com/Rain-kl/Wavelet/internal/apps/upload/filesrv/file_server.go:106.65,110.69 3 8
github.com/Rain-kl/Wavelet/internal/apps/upload/filesrv/file_server.go:110.69,112.3 1 7
github.com/Rain-kl/Wavelet/internal/apps/upload/filesrv/file_server.go:113.2,113.39 1 1
github.com/Rain-kl/Wavelet/internal/apps/upload/filesrv/file_server.go:113.39,115.3 1 0
github.com/Rain-kl/Wavelet/internal/apps/upload/filesrv/file_server.go:116.2,116.39 1 1
github.com/Rain-kl/Wavelet/internal/apps/upload/filesrv/file_server.go:116.39,118.3 1 0
github.com/Rain-kl/Wavelet/internal/apps/upload/filesrv/file_server.go:119.2,119.22 1 1
github.com/Rain-kl/Wavelet/internal/apps/upload/filesrv/file_server.go:123.56,129.18 4 8
github.com/Rain-kl/Wavelet/internal/apps/upload/filesrv/file_server.go:130.21,131.43 1 7
github.com/Rain-kl/Wavelet/internal/apps/upload/filesrv/file_server.go:131.43,134.4 2 4
github.com/Rain-kl/Wavelet/internal/apps/upload/filesrv/file_server.go:135.3,135.14 1 3
github.com/Rain-kl/Wavelet/internal/apps/upload/filesrv/file_server.go:136.10,137.47 1 4
github.com/Rain-kl/Wavelet/internal/apps/upload/filesrv/file_server.go:141.60,142.58 1 8
github.com/Rain-kl/Wavelet/internal/apps/upload/filesrv/file_server.go:142.58,144.3 1 7
github.com/Rain-kl/Wavelet/internal/apps/upload/filesrv/file_server.go:144.8,146.3 1 1
github.com/Rain-kl/Wavelet/internal/apps/upload/filesrv/file_server.go:149.78,153.42 3 4
github.com/Rain-kl/Wavelet/internal/apps/upload/filesrv/file_server.go:153.42,156.3 2 0
github.com/Rain-kl/Wavelet/internal/apps/upload/filesrv/file_server.go:158.2,158.26 1 4
github.com/Rain-kl/Wavelet/internal/apps/upload/filesrv/file_server.go:161.81,165.42 3 4
github.com/Rain-kl/Wavelet/internal/apps/upload/filesrv/file_server.go:165.42,168.3 2 1
github.com/Rain-kl/Wavelet/internal/apps/upload/filesrv/file_server.go:170.2,171.16 2 3
github.com/Rain-kl/Wavelet/internal/apps/upload/filesrv/file_server.go:171.16,172.25 1 0
github.com/Rain-kl/Wavelet/internal/apps/upload/filesrv/file_server.go:172.25,176.4 3 0
github.com/Rain-kl/Wavelet/internal/apps/upload/filesrv/file_server.go:177.3,179.9 3 0
github.com/Rain-kl/Wavelet/internal/apps/upload/filesrv/file_server.go:182.2,182.48 1 3
github.com/Rain-kl/Wavelet/internal/apps/upload/filesrv/file_server.go:190.25,194.16 4 3
github.com/Rain-kl/Wavelet/internal/apps/upload/filesrv/file_server.go:194.16,196.3 1 2
github.com/Rain-kl/Wavelet/internal/apps/upload/filesrv/file_server.go:197.2,197.45 1 1
github.com/Rain-kl/Wavelet/internal/apps/upload/filesrv/file_server.go:197.45,199.3 1 0
github.com/Rain-kl/Wavelet/internal/apps/upload/filesrv/file_server.go:201.2,201.75 1 1
github.com/Rain-kl/Wavelet/internal/apps/upload/filesrv/file_server.go:201.75,203.3 1 1
github.com/Rain-kl/Wavelet/internal/apps/upload/filesrv/file_server.go:204.2,204.16 1 1
github.com/Rain-kl/Wavelet/internal/apps/upload/filesrv/file_server.go:204.16,206.3 1 0
github.com/Rain-kl/Wavelet/internal/apps/upload/filesrv/file_server.go:208.2,209.39 2 1
github.com/Rain-kl/Wavelet/internal/apps/upload/filesrv/file_server.go:217.39,221.16 3 1
github.com/Rain-kl/Wavelet/internal/apps/upload/filesrv/file_server.go:221.16,223.3 1 0
github.com/Rain-kl/Wavelet/internal/apps/upload/filesrv/file_server.go:224.2,224.45 1 1
github.com/Rain-kl/Wavelet/internal/apps/upload/filesrv/file_server.go:224.45,226.3 1 0
github.com/Rain-kl/Wavelet/internal/apps/upload/filesrv/file_server.go:228.2,229.16 2 1
github.com/Rain-kl/Wavelet/internal/apps/upload/filesrv/file_server.go:229.16,231.3 1 0
github.com/Rain-kl/Wavelet/internal/apps/upload/filesrv/file_server.go:233.2,234.16 2 1
github.com/Rain-kl/Wavelet/internal/apps/upload/filesrv/file_server.go:234.16,236.3 1 0
github.com/Rain-kl/Wavelet/internal/apps/upload/filesrv/file_server.go:238.2,238.84 1 1
github.com/Rain-kl/Wavelet/internal/apps/upload/filesrv/file_server.go:238.84,243.3 1 0
github.com/Rain-kl/Wavelet/internal/apps/upload/filesrv/file_server.go:245.2,245.58 1 1
github.com/Rain-kl/Wavelet/internal/apps/upload/filesrv/file_server.go:249.76,258.2 1 4
github.com/Rain-kl/Wavelet/internal/apps/upload/filesrv/file_server.go:260.58,262.16 2 4
github.com/Rain-kl/Wavelet/internal/apps/upload/filesrv/file_server.go:262.16,265.3 2 0
github.com/Rain-kl/Wavelet/internal/apps/upload/filesrv/file_server.go:266.2,266.15 1 4
github.com/Rain-kl/Wavelet/internal/apps/upload/filesrv/file_server.go:266.15,266.39 1 4
github.com/Rain-kl/Wavelet/internal/apps/upload/filesrv/file_server.go:267.2,267.84 1 4
github.com/Rain-kl/Wavelet/internal/apps/upload/filesrv/file_server.go:270.86,272.16 2 1
github.com/Rain-kl/Wavelet/internal/apps/upload/filesrv/file_server.go:272.16,274.3 1 0
github.com/Rain-kl/Wavelet/internal/apps/upload/filesrv/file_server.go:275.2,275.15 1 1
github.com/Rain-kl/Wavelet/internal/apps/upload/filesrv/file_server.go:275.15,275.39 1 1
github.com/Rain-kl/Wavelet/internal/apps/upload/filesrv/file_server.go:276.2,276.29 1 1
github.com/Rain-kl/Wavelet/internal/apps/upload/filesrv/file_server.go:279.66,282.85 3 0
github.com/Rain-kl/Wavelet/internal/apps/upload/filesrv/file_server.go:282.85,284.3 1 0
github.com/Rain-kl/Wavelet/internal/apps/upload/filesrv/file_server.go:284.8,286.17 2 0
github.com/Rain-kl/Wavelet/internal/apps/upload/filesrv/file_server.go:286.17,288.4 1 0
github.com/Rain-kl/Wavelet/internal/apps/upload/filesrv/file_server.go:290.2,290.22 1 0
github.com/Rain-kl/Wavelet/internal/apps/upload/filesrv/file_server.go:290.22,292.3 1 0
github.com/Rain-kl/Wavelet/internal/apps/upload/filesrv/file_server.go:293.2,293.28 1 0
github.com/Rain-kl/Wavelet/internal/apps/upload/filesrv/file_server.go:293.28,295.3 1 0
github.com/Rain-kl/Wavelet/internal/apps/upload/filesrv/file_server.go:296.2,296.12 1 0
github.com/Rain-kl/Wavelet/internal/apps/upload/filesrv/file_server.go:300.76,301.28 1 9
github.com/Rain-kl/Wavelet/internal/apps/upload/filesrv/file_server.go:301.28,303.3 1 0
github.com/Rain-kl/Wavelet/internal/apps/upload/filesrv/file_server.go:305.2,305.59 1 9
github.com/Rain-kl/Wavelet/internal/apps/upload/filesrv/file_server.go:305.59,306.75 1 2
github.com/Rain-kl/Wavelet/internal/apps/upload/filesrv/file_server.go:306.75,307.57 1 2
github.com/Rain-kl/Wavelet/internal/apps/upload/filesrv/file_server.go:307.57,309.5 1 1
github.com/Rain-kl/Wavelet/internal/apps/upload/filesrv/file_server.go:312.2,312.12 1 8
github.com/Rain-kl/Wavelet/internal/apps/upload/stats/category.go:23.51,27.73 3 3
github.com/Rain-kl/Wavelet/internal/apps/upload/stats/category.go:27.73,29.3 1 3
github.com/Rain-kl/Wavelet/internal/apps/upload/stats/category.go:30.2,30.43 1 0
github.com/Rain-kl/Wavelet/internal/apps/upload/stats/category.go:30.43,32.3 1 0
github.com/Rain-kl/Wavelet/internal/apps/upload/stats/category.go:33.2,33.43 1 0
github.com/Rain-kl/Wavelet/internal/apps/upload/stats/category.go:33.43,35.3 1 0
github.com/Rain-kl/Wavelet/internal/apps/upload/stats/category.go:36.2,36.146 1 0
github.com/Rain-kl/Wavelet/internal/apps/upload/stats/category.go:36.146,38.3 1 0
github.com/Rain-kl/Wavelet/internal/apps/upload/stats/category.go:39.2,39.108 1 0
github.com/Rain-kl/Wavelet/internal/apps/upload/stats/category.go:39.108,41.3 1 0
github.com/Rain-kl/Wavelet/internal/apps/upload/stats/category.go:42.2,42.17 1 0
github.com/Rain-kl/Wavelet/internal/apps/upload/stats/stats_counter.go:18.75,20.2 1 1
github.com/Rain-kl/Wavelet/internal/apps/upload/stats/stats_counter.go:23.78,25.2 1 1
github.com/Rain-kl/Wavelet/internal/apps/upload/stats/stats_counter.go:28.52,29.56 1 0
github.com/Rain-kl/Wavelet/internal/apps/upload/stats/stats_counter.go:29.56,30.77 1 0
github.com/Rain-kl/Wavelet/internal/apps/upload/stats/stats_counter.go:30.77,32.4 1 0
github.com/Rain-kl/Wavelet/internal/apps/upload/stats/stats_counter.go:34.3,35.97 2 0
github.com/Rain-kl/Wavelet/internal/apps/upload/stats/stats_counter.go:35.97,37.4 1 0
github.com/Rain-kl/Wavelet/internal/apps/upload/stats/stats_counter.go:39.3,39.26 1 0
github.com/Rain-kl/Wavelet/internal/apps/upload/stats/stats_counter.go:39.26,40.70 1 0
github.com/Rain-kl/Wavelet/internal/apps/upload/stats/stats_counter.go:40.70,42.5 1 0
github.com/Rain-kl/Wavelet/internal/apps/upload/stats/stats_counter.go:44.3,44.13 1 0
github.com/Rain-kl/Wavelet/internal/apps/upload/stats/stats_counter.go:48.89,49.59 1 2
github.com/Rain-kl/Wavelet/internal/apps/upload/stats/stats_counter.go:49.59,51.3 1 0
github.com/Rain-kl/Wavelet/internal/apps/upload/stats/stats_counter.go:52.2,52.56 1 2
github.com/Rain-kl/Wavelet/internal/apps/upload/stats/stats_counter.go:52.56,54.3 1 2
github.com/Rain-kl/Wavelet/internal/apps/upload/stats/stats_counter.go:58.83,59.72 1 3
github.com/Rain-kl/Wavelet/internal/apps/upload/stats/stats_counter.go:59.72,61.3 1 0
github.com/Rain-kl/Wavelet/internal/apps/upload/stats/stats_counter.go:63.2,66.19 4 3
github.com/Rain-kl/Wavelet/internal/apps/upload/stats/stats_counter.go:66.19,68.3 1 0
github.com/Rain-kl/Wavelet/internal/apps/upload/stats/stats_counter.go:70.2,80.32 2 3
github.com/Rain-kl/Wavelet/internal/apps/upload/stats/stats_counter.go:80.32,81.102 1 12
github.com/Rain-kl/Wavelet/internal/apps/upload/stats/stats_counter.go:81.102,83.4 1 0
github.com/Rain-kl/Wavelet/internal/apps/upload/stats/stats_counter.go:85.2,85.12 1 3
github.com/Rain-kl/Wavelet/internal/apps/upload/stats/stats_counter.go:88.99,113.2 1 12
github.com/Rain-kl/Wavelet/internal/apps/upload/stats/stats_counter.go:116.70,117.57 1 0
github.com/Rain-kl/Wavelet/internal/apps/upload/stats/stats_counter.go:117.57,119.3 1 0
github.com/Rain-kl/Wavelet/internal/apps/upload/stats/stats_counter.go:123.73,124.60 1 0
github.com/Rain-kl/Wavelet/internal/apps/upload/stats/stats_counter.go:124.60,126.3 1 0
github.com/Rain-kl/Wavelet/internal/apps/upload/stats/stats_counter.go:129.59,131.2 1 5
github.com/Rain-kl/Wavelet/internal/apps/upload/cache/access_cache.go:35.26,42.2 5 5
github.com/Rain-kl/Wavelet/internal/apps/upload/cache/access_cache.go:45.58,46.21 1 0
github.com/Rain-kl/Wavelet/internal/apps/upload/cache/access_cache.go:46.21,48.3 1 0
github.com/Rain-kl/Wavelet/internal/apps/upload/cache/access_cache.go:51.34,53.2 1 8
github.com/Rain-kl/Wavelet/internal/apps/upload/cache/access_cache.go:55.45,56.21 1 1
github.com/Rain-kl/Wavelet/internal/apps/upload/cache/access_cache.go:56.21,58.3 1 0
github.com/Rain-kl/Wavelet/internal/apps/upload/cache/access_cache.go:60.2,60.17 1 1
github.com/Rain-kl/Wavelet/internal/apps/upload/cache/access_cache.go:60.17,66.16 2 1
github.com/Rain-kl/Wavelet/internal/apps/upload/cache/access_cache.go:66.16,68.4 1 1
github.com/Rain-kl/Wavelet/internal/apps/upload/cache/access_cache.go:70.3,70.30 1 1
github.com/Rain-kl/Wavelet/internal/apps/upload/cache/access_cache.go:70.30,72.4 1 0
github.com/Rain-kl/Wavelet/internal/apps/upload/cache/access_cache.go:77.64,81.2 3 7
github.com/Rain-kl/Wavelet/internal/apps/upload/cache/access_cache.go:83.71,87.125 3 8
github.com/Rain-kl/Wavelet/internal/apps/upload/cache/access_cache.go:87.125,91.3 3 3
github.com/Rain-kl/Wavelet/internal/apps/upload/cache/access_cache.go:92.2,97.125 4 5
github.com/Rain-kl/Wavelet/internal/apps/upload/cache/access_cache.go:97.125,99.3 1 0
github.com/Rain-kl/Wavelet/internal/apps/upload/cache/access_cache.go:101.2,104.33 4 5
github.com/Rain-kl/Wavelet/internal/apps/upload/cache/access_cache.go:107.72,110.33 3 5
github.com/Rain-kl/Wavelet/internal/apps/upload/cache/access_cache.go:110.33,112.3 1 5
github.com/Rain-kl/Wavelet/internal/apps/upload/cache/access_cache.go:113.2,113.14 1 5
github.com/Rain-kl/Wavelet/internal/apps/upload/cache/access_cache.go:116.61,118.34 2 5
github.com/Rain-kl/Wavelet/internal/apps/upload/cache/access_cache.go:118.34,120.3 1 0
github.com/Rain-kl/Wavelet/internal/apps/upload/cache/access_cache.go:122.2,123.91 2 5
github.com/Rain-kl/Wavelet/internal/apps/upload/cache/access_cache.go:123.91,125.3 1 5
github.com/Rain-kl/Wavelet/internal/apps/upload/cache/access_cache.go:127.2,128.25 2 0
github.com/Rain-kl/Wavelet/internal/apps/upload/cache/access_cache.go:128.25,130.3 1 0
github.com/Rain-kl/Wavelet/internal/apps/upload/cache/access_cache.go:131.2,131.18 1 0
github.com/Rain-kl/Wavelet/internal/apps/upload/cache/access_cache.go:134.58,137.29 3 0
github.com/Rain-kl/Wavelet/internal/apps/upload/cache/access_cache.go:137.29,139.17 2 0
github.com/Rain-kl/Wavelet/internal/apps/upload/cache/access_cache.go:139.17,141.4 1 0
github.com/Rain-kl/Wavelet/internal/apps/upload/cache/access_cache.go:143.2,143.18 1 0
github.com/Rain-kl/Wavelet/internal/apps/upload/cache/meta_cache.go:36.43,38.2 1 16
github.com/Rain-kl/Wavelet/internal/apps/upload/cache/meta_cache.go:40.52,42.2 1 10
github.com/Rain-kl/Wavelet/internal/apps/upload/cache/meta_cache.go:44.38,45.21 1 17
github.com/Rain-kl/Wavelet/internal/apps/upload/cache/meta_cache.go:45.21,47.3 1 3
github.com/Rain-kl/Wavelet/internal/apps/upload/cache/meta_cache.go:48.2,48.69 1 14
github.com/Rain-kl/Wavelet/internal/apps/upload/cache/meta_cache.go:51.49,56.17 4 5
github.com/Rain-kl/Wavelet/internal/apps/upload/cache/meta_cache.go:56.17,59.16 3 5
github.com/Rain-kl/Wavelet/internal/apps/upload/cache/meta_cache.go:59.16,61.4 1 5
github.com/Rain-kl/Wavelet/internal/apps/upload/cache/meta_cache.go:63.3,63.18 1 5
github.com/Rain-kl/Wavelet/internal/apps/upload/cache/meta_cache.go:63.18,66.4 2 5
github.com/Rain-kl/Wavelet/internal/apps/upload/cache/meta_cache.go:68.3,68.37 1 5
github.com/Rain-kl/Wavelet/internal/apps/upload/cache/meta_cache.go:68.37,70.91 2 1
github.com/Rain-kl/Wavelet/internal/apps/upload/cache/meta_cache.go:70.91,72.13 2 0
github.com/Rain-kl/Wavelet/internal/apps/upload/cache/meta_cache.go:74.4,74.40 1 1
github.com/Rain-kl/Wavelet/internal/apps/upload/cache/meta_cache.go:79.71,80.21 1 1
github.com/Rain-kl/Wavelet/internal/apps/upload/cache/meta_cache.go:80.21,82.3 1 0
github.com/Rain-kl/Wavelet/internal/apps/upload/cache/meta_cache.go:83.2,84.16 2 1
github.com/Rain-kl/Wavelet/internal/apps/upload/cache/meta_cache.go:84.16,86.3 1 0
github.com/Rain-kl/Wavelet/internal/apps/upload/cache/meta_cache.go:87.2,87.70 1 1
github.com/Rain-kl/Wavelet/internal/apps/upload/cache/meta_cache.go:91.74,94.54 2 10
github.com/Rain-kl/Wavelet/internal/apps/upload/cache/meta_cache.go:94.54,96.3 1 3
github.com/Rain-kl/Wavelet/internal/apps/upload/cache/meta_cache.go:98.2,99.21 2 7
github.com/Rain-kl/Wavelet/internal/apps/upload/cache/meta_cache.go:99.21,101.55 2 6
github.com/Rain-kl/Wavelet/internal/apps/upload/cache/meta_cache.go:101.55,104.4 2 1
github.com/Rain-kl/Wavelet/internal/apps/upload/cache/meta_cache.go:107.2,110.36 2 6
github.com/Rain-kl/Wavelet/internal/apps/upload/cache/meta_cache.go:110.36,112.3 1 2
github.com/Rain-kl/Wavelet/internal/apps/upload/cache/meta_cache.go:114.2,115.20 2 4
github.com/Rain-kl/Wavelet/internal/apps/upload/cache/meta_cache.go:119.68,122.19 2 6
github.com/Rain-kl/Wavelet/internal/apps/upload/cache/meta_cache.go:122.19,124.3 1 0
github.com/Rain-kl/Wavelet/internal/apps/upload/cache/meta_cache.go:126.2,128.21 3 6
github.com/Rain-kl/Wavelet/internal/apps/upload/cache/meta_cache.go:128.21,130.3 1 5
github.com/Rain-kl/Wavelet/internal/apps/upload/cache/meta_cache.go:134.64,138.21 3 1
github.com/Rain-kl/Wavelet/internal/apps/upload/cache/meta_cache.go:138.21,141.3 2 1
github.com/Rain-kl/Wavelet/internal/apps/upload/cache/meta_cache.go:145.36,147.2 1 17
github.com/Rain-kl/Wavelet/internal/apps/upload/cache/meta_cache.go:150.36,151.37 1 13
github.com/Rain-kl/Wavelet/internal/apps/upload/cache/meta_cache.go:151.37,153.36 2 5
github.com/Rain-kl/Wavelet/internal/apps/upload/cache/meta_cache.go:153.36,155.4 1 5
github.com/Rain-kl/Wavelet/internal/apps/upload/cache/meta_cache.go:156.3,157.31 2 5
github.com/Rain-kl/Wavelet/internal/apps/upload/cache/meta_cache.go:159.2,159.38 1 13
github.com/Rain-kl/Wavelet/internal/apps/upload/ingest/helpers.go:27.37,29.25 2 5
github.com/Rain-kl/Wavelet/internal/apps/upload/ingest/helpers.go:29.25,31.3 1 0
github.com/Rain-kl/Wavelet/internal/apps/upload/ingest/helpers.go:32.2,32.20 1 5
github.com/Rain-kl/Wavelet/internal/apps/upload/ingest/helpers.go:32.20,34.3 1 0
github.com/Rain-kl/Wavelet/internal/apps/upload/ingest/helpers.go:35.2,35.22 1 5
github.com/Rain-kl/Wavelet/internal/apps/upload/ingest/helpers.go:35.22,37.3 1 5
github.com/Rain-kl/Wavelet/internal/apps/upload/ingest/helpers.go:40.62,41.21 1 4
github.com/Rain-kl/Wavelet/internal/apps/upload/ingest/helpers.go:41.21,43.3 1 0
github.com/Rain-kl/Wavelet/internal/apps/upload/ingest/helpers.go:44.2,44.50 1 4
github.com/Rain-kl/Wavelet/internal/apps/upload/ingest/helpers.go:44.50,46.3 1 2
github.com/Rain-kl/Wavelet/internal/apps/upload/ingest/helpers.go:47.2,47.10 1 2
github.com/Rain-kl/Wavelet/internal/apps/upload/ingest/helpers.go:50.70,52.16 2 3
github.com/Rain-kl/Wavelet/internal/apps/upload/ingest/helpers.go:52.16,53.45 1 0
github.com/Rain-kl/Wavelet/internal/apps/upload/ingest/helpers.go:53.45,55.4 1 0
github.com/Rain-kl/Wavelet/internal/apps/upload/ingest/helpers.go:56.3,56.13 1 0
github.com/Rain-kl/Wavelet/internal/apps/upload/ingest/helpers.go:58.2,58.20 1 3
github.com/Rain-kl/Wavelet/internal/apps/upload/ingest/helpers.go:58.20,60.3 1 0
github.com/Rain-kl/Wavelet/internal/apps/upload/ingest/helpers.go:62.2,63.41 2 3
github.com/Rain-kl/Wavelet/internal/apps/upload/ingest/helpers.go:63.41,64.43 1 6
github.com/Rain-kl/Wavelet/internal/apps/upload/ingest/helpers.go:64.43,66.4 1 3
github.com/Rain-kl/Wavelet/internal/apps/upload/ingest/helpers.go:68.2,68.48 1 0
github.com/Rain-kl/Wavelet/internal/apps/upload/ingest/helpers.go:71.53,73.2 1 3
github.com/Rain-kl/Wavelet/internal/apps/upload/ingest/helpers.go:75.52,76.28 1 3
github.com/Rain-kl/Wavelet/internal/apps/upload/ingest/helpers.go:76.28,78.3 1 0
github.com/Rain-kl/Wavelet/internal/apps/upload/ingest/helpers.go:79.2,79.44 1 3
github.com/Rain-kl/Wavelet/internal/apps/upload/ingest/helpers.go:82.148,83.33 1 3
github.com/Rain-kl/Wavelet/internal/apps/upload/ingest/helpers.go:83.33,85.3 1 0
github.com/Rain-kl/Wavelet/internal/apps/upload/ingest/helpers.go:87.2,88.16 2 3
github.com/Rain-kl/Wavelet/internal/apps/upload/ingest/helpers.go:88.16,91.3 2 0
github.com/Rain-kl/Wavelet/internal/apps/upload/ingest/helpers.go:93.2,94.16 2 3
github.com/Rain-kl/Wavelet/internal/apps/upload/ingest/helpers.go:94.16,97.3 2 0
github.com/Rain-kl/Wavelet/internal/apps/upload/ingest/helpers.go:99.2,100.24 2 3
github.com/Rain-kl/Wavelet/internal/apps/upload/ingest/helpers.go:103.93,104.59 1 4
github.com/Rain-kl/Wavelet/internal/apps/upload/ingest/helpers.go:104.59,106.24 2 0
github.com/Rain-kl/Wavelet/internal/apps/upload/ingest/helpers.go:106.24,107.69 1 0
github.com/Rain-kl/Wavelet/internal/apps/upload/ingest/helpers.go:107.69,109.5 1 0
github.com/Rain-kl/Wavelet/internal/apps/upload/ingest/helpers.go:111.3,111.13 1 0
github.com/Rain-kl/Wavelet/internal/apps/upload/ingest/helpers.go:113.2,114.12 2 4
github.com/Rain-kl/Wavelet/internal/apps/upload/ingest/helpers.go:117.77,118.56 1 5
github.com/Rain-kl/Wavelet/internal/apps/upload/ingest/helpers.go:118.56,119.63 1 5
github.com/Rain-kl/Wavelet/internal/apps/upload/ingest/helpers.go:119.63,121.4 1 1
github.com/Rain-kl/Wavelet/internal/apps/upload/ingest/helpers.go:122.3,122.60 1 4
github.com/Rain-kl/Wavelet/internal/apps/upload/ingest/helpers.go:126.97,142.80 3 1
github.com/Rain-kl/Wavelet/internal/apps/upload/ingest/helpers.go:142.80,144.3 1 0
github.com/Rain-kl/Wavelet/internal/apps/upload/ingest/helpers.go:145.2,150.8 2 1
github.com/Rain-kl/Wavelet/internal/apps/upload/ingest/helpers.go:153.54,155.2 1 4
github.com/Rain-kl/Wavelet/internal/apps/upload/ingest/helpers.go:157.72,158.32 1 3
github.com/Rain-kl/Wavelet/internal/apps/upload/ingest/helpers.go:158.32,160.3 1 0
github.com/Rain-kl/Wavelet/internal/apps/upload/ingest/helpers.go:161.2,161.29 1 3
github.com/Rain-kl/Wavelet/internal/apps/upload/ingest/helpers.go:161.29,162.70 1 3
github.com/Rain-kl/Wavelet/internal/apps/upload/ingest/helpers.go:162.70,164.4 1 0
github.com/Rain-kl/Wavelet/internal/apps/upload/ingest/helpers.go:167.2,170.16 4 3
github.com/Rain-kl/Wavelet/internal/apps/upload/ingest/helpers.go:170.16,172.3 1 0
github.com/Rain-kl/Wavelet/internal/apps/upload/ingest/helpers.go:174.2,189.69 3 3
github.com/Rain-kl/Wavelet/internal/apps/upload/ingest/helpers.go:189.69,191.3 1 0
github.com/Rain-kl/Wavelet/internal/apps/upload/ingest/helpers.go:193.2,197.8 1 3
github.com/Rain-kl/Wavelet/internal/apps/upload/ingest/ingest.go:16.63,18.20 2 5
github.com/Rain-kl/Wavelet/internal/apps/upload/ingest/ingest.go:18.20,20.3 1 0
github.com/Rain-kl/Wavelet/internal/apps/upload/ingest/ingest.go:21.2,21.23 1 5
github.com/Rain-kl/Wavelet/internal/apps/upload/ingest/ingest.go:21.23,23.3 1 0
github.com/Rain-kl/Wavelet/internal/apps/upload/ingest/ingest.go:24.2,24.18 1 5
github.com/Rain-kl/Wavelet/internal/apps/upload/ingest/ingest.go:24.18,26.3 1 0
github.com/Rain-kl/Wavelet/internal/apps/upload/ingest/ingest.go:28.2,28.20 1 5
github.com/Rain-kl/Wavelet/internal/apps/upload/ingest/ingest.go:29.51,30.40 1 3
github.com/Rain-kl/Wavelet/internal/apps/upload/ingest/ingest.go:31.20,32.35 1 2
github.com/Rain-kl/Wavelet/internal/apps/upload/ingest/ingest.go:33.10,34.59 1 0
github.com/Rain-kl/Wavelet/internal/apps/upload/ingest/ingest.go:39.85,41.2 1 0
github.com/Rain-kl/Wavelet/internal/apps/upload/ingest/ingest.go:43.77,45.16 2 3
github.com/Rain-kl/Wavelet/internal/apps/upload/ingest/ingest.go:45.16,46.21 1 2
github.com/Rain-kl/Wavelet/internal/apps/upload/ingest/ingest.go:47.30,51.10 1 1
github.com/Rain-kl/Wavelet/internal/apps/upload/ingest/ingest.go:52.29,53.34 1 1
github.com/Rain-kl/Wavelet/internal/apps/upload/ingest/ingest.go:53.34,55.5 1 0
github.com/Rain-kl/Wavelet/internal/apps/upload/ingest/ingest.go:56.4,56.48 1 1
github.com/Rain-kl/Wavelet/internal/apps/upload/ingest/ingest.go:59.2,59.59 1 1
github.com/Rain-kl/Wavelet/internal/apps/upload/ingest/ingest.go:59.59,61.3 1 0
github.com/Rain-kl/Wavelet/internal/apps/upload/ingest/ingest.go:63.2,63.34 1 1
github.com/Rain-kl/Wavelet/internal/apps/upload/ingest/remove.go:18.73,20.16 2 1
github.com/Rain-kl/Wavelet/internal/apps/upload/ingest/remove.go:20.16,22.3 1 0
github.com/Rain-kl/Wavelet/internal/apps/upload/ingest/remove.go:23.2,23.64 1 1
github.com/Rain-kl/Wavelet/internal/apps/upload/ingest/remove.go:23.64,25.3 1 0
github.com/Rain-kl/Wavelet/internal/apps/upload/ingest/remove.go:26.2,27.20 2 1
github.com/Rain-kl/Wavelet/internal/apps/upload/ingest/remove.go:31.86,33.16 2 0
github.com/Rain-kl/Wavelet/internal/apps/upload/ingest/remove.go:33.16,35.3 1 0
github.com/Rain-kl/Wavelet/internal/apps/upload/ingest/remove.go:36.2,36.29 1 0
github.com/Rain-kl/Wavelet/internal/apps/upload/ingest/remove.go:36.29,38.3 1 0
github.com/Rain-kl/Wavelet/internal/apps/upload/ingest/remove.go:39.2,39.64 1 0
github.com/Rain-kl/Wavelet/internal/apps/upload/ingest/remove.go:39.64,41.3 1 0
github.com/Rain-kl/Wavelet/internal/apps/upload/ingest/remove.go:42.2,43.20 2 0
github.com/Rain-kl/Wavelet/internal/apps/upload/ingest/remove.go:46.81,48.59 2 1
github.com/Rain-kl/Wavelet/internal/apps/upload/ingest/remove.go:48.59,49.67 1 1
github.com/Rain-kl/Wavelet/internal/apps/upload/ingest/remove.go:49.67,51.4 1 0
github.com/Rain-kl/Wavelet/internal/apps/upload/ingest/remove.go:52.3,52.69 1 1
github.com/Rain-kl/Wavelet/internal/apps/upload/ingest/remove.go:53.17,55.3 1 0
github.com/Rain-kl/Wavelet/internal/apps/upload/ingest/remove.go:56.2,57.12 2 1
github.com/Rain-kl/Wavelet/internal/apps/upload/handler/file_management.go:53.32,57.48 3 3
github.com/Rain-kl/Wavelet/internal/apps/upload/handler/file_management.go:57.48,60.3 2 0
github.com/Rain-kl/Wavelet/internal/apps/upload/handler/file_management.go:61.2,61.19 1 3
github.com/Rain-kl/Wavelet/internal/apps/upload/handler/file_management.go:61.19,63.3 1 2
github.com/Rain-kl/Wavelet/internal/apps/upload/handler/file_management.go:64.2,64.45 1 3
github.com/Rain-kl/Wavelet/internal/apps/upload/handler/file_management.go:64.45,66.3 1 2
github.com/Rain-kl/Wavelet/internal/apps/upload/handler/file_management.go:68.2,76.16 2 3
github.com/Rain-kl/Wavelet/internal/apps/upload/handler/file_management.go:76.16,79.3 2 0
github.com/Rain-kl/Wavelet/internal/apps/upload/handler/file_management.go:81.2,86.5 1 3
github.com/Rain-kl/Wavelet/internal/apps/upload/handler/file_management.go:100.33,102.33 2 0
github.com/Rain-kl/Wavelet/internal/apps/upload/handler/file_management.go:102.33,105.3 2 0
github.com/Rain-kl/Wavelet/internal/apps/upload/handler/file_management.go:107.2,108.16 2 0
github.com/Rain-kl/Wavelet/internal/apps/upload/handler/file_management.go:108.16,111.3 2 0
github.com/Rain-kl/Wavelet/internal/apps/upload/handler/file_management.go:113.2,113.59 1 0
github.com/Rain-kl/Wavelet/internal/apps/upload/handler/file_management.go:113.59,114.28 1 0
github.com/Rain-kl/Wavelet/internal/apps/upload/handler/file_management.go:114.28,117.4 2 0
github.com/Rain-kl/Wavelet/internal/apps/upload/handler/file_management.go:118.3,119.9 2 0
github.com/Rain-kl/Wavelet/internal/apps/upload/handler/file_management.go:121.2,121.41 1 0
github.com/Rain-kl/Wavelet/internal/apps/upload/handler/file_management.go:135.45,137.16 2 1
github.com/Rain-kl/Wavelet/internal/apps/upload/handler/file_management.go:137.16,140.3 2 0
github.com/Rain-kl/Wavelet/internal/apps/upload/handler/file_management.go:141.2,141.43 1 1
github.com/Rain-kl/Wavelet/internal/apps/upload/handler/file_management.go:173.34,178.48 4 1
github.com/Rain-kl/Wavelet/internal/apps/upload/handler/file_management.go:178.48,181.3 2 0
github.com/Rain-kl/Wavelet/internal/apps/upload/handler/file_management.go:182.2,182.19 1 1
github.com/Rain-kl/Wavelet/internal/apps/upload/handler/file_management.go:182.19,184.3 1 1
github.com/Rain-kl/Wavelet/internal/apps/upload/handler/file_management.go:185.2,185.45 1 1
github.com/Rain-kl/Wavelet/internal/apps/upload/handler/file_management.go:185.45,187.3 1 1
github.com/Rain-kl/Wavelet/internal/apps/upload/handler/file_management.go:189.2,196.16 2 1
github.com/Rain-kl/Wavelet/internal/apps/upload/handler/file_management.go:196.16,199.3 2 0
github.com/Rain-kl/Wavelet/internal/apps/upload/handler/file_management.go:201.2,206.5 1 1
github.com/Rain-kl/Wavelet/internal/apps/upload/handler/file_management.go:220.35,223.33 3 2
github.com/Rain-kl/Wavelet/internal/apps/upload/handler/file_management.go:223.33,226.3 2 0
github.com/Rain-kl/Wavelet/internal/apps/upload/handler/file_management.go:228.2,229.16 2 2
github.com/Rain-kl/Wavelet/internal/apps/upload/handler/file_management.go:229.16,232.3 2 0
github.com/Rain-kl/Wavelet/internal/apps/upload/handler/file_management.go:234.2,234.77 1 2
github.com/Rain-kl/Wavelet/internal/apps/upload/handler/file_management.go:234.77,235.28 1 1
github.com/Rain-kl/Wavelet/internal/apps/upload/handler/file_management.go:235.28,238.4 2 0
github.com/Rain-kl/Wavelet/internal/apps/upload/handler/file_management.go:239.3,239.33 1 1
github.com/Rain-kl/Wavelet/internal/apps/upload/handler/file_management.go:239.33,242.4 2 1
github.com/Rain-kl/Wavelet/internal/apps/upload/handler/file_management.go:243.3,244.9 2 0
github.com/Rain-kl/Wavelet/internal/apps/upload/handler/file_management.go:246.2,246.41 1 1
github.com/Rain-kl/Wavelet/internal/apps/upload/handler/file_management.go:267.35,270.33 3 2
github.com/Rain-kl/Wavelet/internal/apps/upload/handler/file_management.go:270.33,273.3 2 0
github.com/Rain-kl/Wavelet/internal/apps/upload/handler/file_management.go:275.2,276.16 2 2
github.com/Rain-kl/Wavelet/internal/apps/upload/handler/file_management.go:276.16,279.3 2 0
github.com/Rain-kl/Wavelet/internal/apps/upload/handler/file_management.go:281.2,282.47 2 2
github.com/Rain-kl/Wavelet/internal/apps/upload/handler/file_management.go:282.47,285.3 2 0
github.com/Rain-kl/Wavelet/internal/apps/upload/handler/file_management.go:287.2,288.16 2 2
github.com/Rain-kl/Wavelet/internal/apps/upload/handler/file_management.go:288.16,289.28 1 1
github.com/Rain-kl/Wavelet/internal/apps/upload/handler/file_management.go:289.28,292.4 2 0
github.com/Rain-kl/Wavelet/internal/apps/upload/handler/file_management.go:293.3,293.33 1 1
github.com/Rain-kl/Wavelet/internal/apps/upload/handler/file_management.go:293.33,296.4 2 1
github.com/Rain-kl/Wavelet/internal/apps/upload/handler/file_management.go:297.3,298.9 2 0
github.com/Rain-kl/Wavelet/internal/apps/upload/handler/file_management.go:301.2,301.44 1 1
github.com/Rain-kl/Wavelet/internal/apps/upload/handler/logics.go:17.110,19.2 1 3
github.com/Rain-kl/Wavelet/internal/apps/upload/handler/logics.go:21.127,24.2 2 1
github.com/Rain-kl/Wavelet/internal/apps/upload/handler/logics.go:26.83,28.2 1 0
github.com/Rain-kl/Wavelet/internal/apps/upload/handler/logics.go:30.96,32.2 1 2
github.com/Rain-kl/Wavelet/internal/apps/upload/handler/logics.go:34.69,36.16 2 1
github.com/Rain-kl/Wavelet/internal/apps/upload/handler/logics.go:36.16,38.3 1 0
github.com/Rain-kl/Wavelet/internal/apps/upload/handler/logics.go:39.2,40.19 2 1
github.com/Rain-kl/Wavelet/internal/apps/upload/handler/logics.go:48.119,50.16 2 2
github.com/Rain-kl/Wavelet/internal/apps/upload/handler/logics.go:50.16,52.3 1 0
github.com/Rain-kl/Wavelet/internal/apps/upload/handler/logics.go:53.2,53.29 1 2
github.com/Rain-kl/Wavelet/internal/apps/upload/handler/logics.go:53.29,55.3 1 1
github.com/Rain-kl/Wavelet/internal/apps/upload/handler/logics.go:57.2,58.26 2 1
github.com/Rain-kl/Wavelet/internal/apps/upload/handler/logics.go:58.26,60.3 1 1
github.com/Rain-kl/Wavelet/internal/apps/upload/handler/logics.go:61.2,61.29 1 1
github.com/Rain-kl/Wavelet/internal/apps/upload/handler/logics.go:61.29,63.3 1 1
github.com/Rain-kl/Wavelet/internal/apps/upload/handler/logics.go:64.2,64.71 1 1
github.com/Rain-kl/Wavelet/internal/apps/upload/handler/logics.go:64.71,66.3 1 0
github.com/Rain-kl/Wavelet/internal/apps/upload/handler/logics.go:67.2,67.51 1 1
github.com/Rain-kl/Wavelet/internal/apps/upload/handler/logics.go:67.51,69.3 1 1
github.com/Rain-kl/Wavelet/internal/apps/upload/handler/logics.go:70.2,70.50 1 1
github.com/Rain-kl/Wavelet/internal/apps/upload/handler/logics.go:70.50,72.3 1 1
github.com/Rain-kl/Wavelet/internal/apps/upload/handler/logics.go:73.2,73.20 1 1
github.com/Rain-kl/Wavelet/internal/apps/upload/handler/logics.go:76.93,78.2 1 1
github.com/Rain-kl/Wavelet/internal/apps/upload/handler/logics.go:80.71,82.2 1 1
github.com/Rain-kl/Wavelet/internal/apps/upload/handler/logics.go:84.39,86.2 1 2
github.com/Rain-kl/Wavelet/internal/apps/upload/handler/routers.go:60.33,70.16 7 7
github.com/Rain-kl/Wavelet/internal/apps/upload/handler/routers.go:70.16,73.3 2 0
github.com/Rain-kl/Wavelet/internal/apps/upload/handler/routers.go:75.2,76.16 2 7
github.com/Rain-kl/Wavelet/internal/apps/upload/handler/routers.go:76.16,79.3 2 0
github.com/Rain-kl/Wavelet/internal/apps/upload/handler/routers.go:80.2,80.15 1 7
github.com/Rain-kl/Wavelet/internal/apps/upload/handler/routers.go:80.15,80.35 1 7
github.com/Rain-kl/Wavelet/internal/apps/upload/handler/routers.go:82.2,82.40 1 7
github.com/Rain-kl/Wavelet/internal/apps/upload/handler/routers.go:82.40,85.3 2 0
github.com/Rain-kl/Wavelet/internal/apps/upload/handler/routers.go:87.2,89.15 3 7
github.com/Rain-kl/Wavelet/internal/apps/upload/handler/routers.go:89.15,91.3 1 0
github.com/Rain-kl/Wavelet/internal/apps/upload/handler/routers.go:93.2,96.16 4 7
github.com/Rain-kl/Wavelet/internal/apps/upload/handler/routers.go:96.16,99.3 2 0
github.com/Rain-kl/Wavelet/internal/apps/upload/handler/routers.go:101.2,104.74 3 7
github.com/Rain-kl/Wavelet/internal/apps/upload/handler/routers.go:104.74,107.3 2 0
github.com/Rain-kl/Wavelet/internal/apps/upload/handler/routers.go:109.2,112.18 3 7
github.com/Rain-kl/Wavelet/internal/apps/upload/handler/routers.go:112.18,115.3 2 0
github.com/Rain-kl/Wavelet/internal/apps/upload/handler/routers.go:117.2,118.18 2 7
github.com/Rain-kl/Wavelet/internal/apps/upload/handler/routers.go:118.18,121.3 2 0
github.com/Rain-kl/Wavelet/internal/apps/upload/handler/routers.go:123.2,136.16 2 7
github.com/Rain-kl/Wavelet/internal/apps/upload/handler/routers.go:136.16,137.48 1 1
github.com/Rain-kl/Wavelet/internal/apps/upload/handler/routers.go:137.48,140.4 2 0
github.com/Rain-kl/Wavelet/internal/apps/upload/handler/routers.go:141.3,141.49 1 1
github.com/Rain-kl/Wavelet/internal/apps/upload/handler/routers.go:141.49,144.4 2 1
github.com/Rain-kl/Wavelet/internal/apps/upload/handler/routers.go:145.3,145.46 1 0
github.com/Rain-kl/Wavelet/internal/apps/upload/handler/routers.go:145.46,148.4 2 0
github.com/Rain-kl/Wavelet/internal/apps/upload/handler/routers.go:149.3,150.9 2 0
github.com/Rain-kl/Wavelet/internal/apps/upload/handler/routers.go:153.2,153.51 1 6
github.com/Rain-kl/Wavelet/internal/apps/upload/handler/routers.go:169.35,171.16 2 5
github.com/Rain-kl/Wavelet/internal/apps/upload/handler/routers.go:171.16,172.45 1 1
github.com/Rain-kl/Wavelet/internal/apps/upload/handler/routers.go:172.45,175.4 2 1
github.com/Rain-kl/Wavelet/internal/apps/upload/handler/routers.go:176.3,176.43 1 0
github.com/Rain-kl/Wavelet/internal/apps/upload/handler/routers.go:176.43,179.4 2 0
github.com/Rain-kl/Wavelet/internal/apps/upload/handler/routers.go:180.3,181.9 2 0
github.com/Rain-kl/Wavelet/internal/apps/upload/handler/routers.go:184.2,184.69 1 4
github.com/Rain-kl/Wavelet/internal/apps/upload/handler/routers.go:184.69,187.3 2 1
github.com/Rain-kl/Wavelet/internal/apps/upload/handler/routers.go:189.2,193.53 4 3
github.com/Rain-kl/Wavelet/internal/apps/upload/handler/routers.go:193.53,195.16 2 0
github.com/Rain-kl/Wavelet/internal/apps/upload/handler/routers.go:195.16,197.4 1 0
github.com/Rain-kl/Wavelet/internal/apps/upload/handler/routers.go:197.9,199.4 1 0
github.com/Rain-kl/Wavelet/internal/apps/upload/handler/routers.go:202.2,203.32 2 3
github.com/Rain-kl/Wavelet/internal/apps/upload/handler/routers.go:218.41,222.47 3 1
github.com/Rain-kl/Wavelet/internal/apps/upload/handler/routers.go:222.47,225.3 2 0
github.com/Rain-kl/Wavelet/internal/apps/upload/handler/routers.go:227.2,228.32 2 1
github.com/Rain-kl/Wavelet/internal/apps/upload/handler/routers.go:228.32,230.17 2 3
github.com/Rain-kl/Wavelet/internal/apps/upload/handler/routers.go:230.17,233.4 2 0
github.com/Rain-kl/Wavelet/internal/apps/upload/handler/routers.go:234.3,234.24 1 3
github.com/Rain-kl/Wavelet/internal/apps/upload/handler/routers.go:237.2,238.16 2 1
github.com/Rain-kl/Wavelet/internal/apps/upload/handler/routers.go:238.16,241.3 2 0
github.com/Rain-kl/Wavelet/internal/apps/upload/handler/routers.go:243.2,243.23 1 1
github.com/Rain-kl/Wavelet/internal/apps/upload/handler/routers.go:243.23,246.3 2 0
github.com/Rain-kl/Wavelet/internal/apps/upload/handler/routers.go:248.2,253.15 5 1
github.com/Rain-kl/Wavelet/internal/apps/upload/handler/routers.go:253.15,256.3 2 1
github.com/Rain-kl/Wavelet/internal/apps/upload/handler/routers.go:258.2,260.33 2 1
github.com/Rain-kl/Wavelet/internal/apps/upload/handler/routers.go:260.33,261.71 1 3
github.com/Rain-kl/Wavelet/internal/apps/upload/handler/routers.go:261.71,263.12 2 0
github.com/Rain-kl/Wavelet/internal/apps/upload/handler/routers.go:266.3,267.51 2 3
github.com/Rain-kl/Wavelet/internal/apps/upload/handler/routers.go:267.51,272.4 4 1
github.com/Rain-kl/Wavelet/internal/apps/upload/handler/routers.go:272.9,274.4 1 2
github.com/Rain-kl/Wavelet/internal/apps/upload/handler/routers.go:276.3,277.17 2 3
github.com/Rain-kl/Wavelet/internal/apps/upload/handler/routers.go:277.17,279.12 2 0
github.com/Rain-kl/Wavelet/internal/apps/upload/handler/routers.go:282.3,283.17 2 3
github.com/Rain-kl/Wavelet/internal/apps/upload/handler/routers.go:283.17,285.12 2 0
github.com/Rain-kl/Wavelet/internal/apps/upload/handler/routers.go:287.3,291.17 4 3
github.com/Rain-kl/Wavelet/internal/apps/upload/handler/routers.go:291.17,293.4 1 0
github.com/Rain-kl/Wavelet/internal/apps/upload/handler/routers.go:297.79,299.25 2 7
github.com/Rain-kl/Wavelet/internal/apps/upload/handler/routers.go:299.25,300.51 1 6
github.com/Rain-kl/Wavelet/internal/apps/upload/handler/routers.go:300.51,302.4 1 4
github.com/Rain-kl/Wavelet/internal/apps/upload/handler/routers.go:303.3,303.15 1 2
github.com/Rain-kl/Wavelet/internal/apps/upload/handler/routers.go:306.2,307.56 2 1
github.com/Rain-kl/Wavelet/internal/apps/upload/handler/routers.go:307.56,309.3 1 0
github.com/Rain-kl/Wavelet/internal/apps/upload/handler/routers.go:310.2,310.23 1 1
github.com/Rain-kl/Wavelet/internal/apps/upload/handler/routers.go:313.90,316.23 3 7
github.com/Rain-kl/Wavelet/internal/apps/upload/handler/routers.go:316.23,317.68 1 1
github.com/Rain-kl/Wavelet/internal/apps/upload/handler/routers.go:317.68,319.4 1 0
github.com/Rain-kl/Wavelet/internal/apps/upload/handler/routers.go:321.2,324.17 4 7
github.com/Rain-kl/Wavelet/internal/apps/upload/handler/routers.go:327.89,329.87 2 7
github.com/Rain-kl/Wavelet/internal/apps/upload/handler/routers.go:329.87,331.3 1 0
github.com/Rain-kl/Wavelet/internal/apps/upload/handler/routers.go:332.2,332.17 1 7
github.com/Rain-kl/Wavelet/internal/apps/upload/handler/stats.go:47.35,51.16 3 1
github.com/Rain-kl/Wavelet/internal/apps/upload/handler/stats.go:51.16,54.3 2 0
github.com/Rain-kl/Wavelet/internal/apps/upload/handler/stats.go:56.2,60.54 5 1
github.com/Rain-kl/Wavelet/internal/apps/upload/handler/stats.go:60.54,65.3 4 7
github.com/Rain-kl/Wavelet/internal/apps/upload/handler/stats.go:67.2,76.37 4 1
github.com/Rain-kl/Wavelet/internal/apps/upload/handler/stats.go:76.37,78.3 1 6
github.com/Rain-kl/Wavelet/internal/apps/upload/handler/stats.go:80.2,80.29 1 1
github.com/Rain-kl/Wavelet/internal/apps/upload/handler/stats.go:80.29,81.25 1 9
github.com/Rain-kl/Wavelet/internal/apps/upload/handler/stats.go:82.39,84.29 2 1
github.com/Rain-kl/Wavelet/internal/apps/upload/handler/stats.go:85.38,90.6 1 2
github.com/Rain-kl/Wavelet/internal/apps/upload/handler/stats.go:91.42,92.49 1 3
github.com/Rain-kl/Wavelet/internal/apps/upload/handler/stats.go:92.49,96.5 3 3
github.com/Rain-kl/Wavelet/internal/apps/upload/handler/stats.go:97.39,98.48 1 3
github.com/Rain-kl/Wavelet/internal/apps/upload/handler/stats.go:98.48,101.5 2 2
github.com/Rain-kl/Wavelet/internal/apps/upload/handler/stats.go:105.2,106.37 2 1
github.com/Rain-kl/Wavelet/internal/apps/upload/handler/stats.go:106.37,108.3 1 6
github.com/Rain-kl/Wavelet/internal/apps/upload/handler/stats.go:110.2,111.34 2 1
github.com/Rain-kl/Wavelet/internal/apps/upload/handler/stats.go:111.34,117.3 1 7
github.com/Rain-kl/Wavelet/internal/apps/upload/handler/stats.go:119.2,125.5 1 1
github.com/Rain-kl/Wavelet/internal/apps/upload/task/cleanup.go:50.97,51.33 1 2
github.com/Rain-kl/Wavelet/internal/apps/upload/task/cleanup.go:51.33,53.3 1 0
github.com/Rain-kl/Wavelet/internal/apps/upload/task/cleanup.go:54.2,63.6 7 2
github.com/Rain-kl/Wavelet/internal/apps/upload/task/cleanup.go:63.6,69.43 2 3
github.com/Rain-kl/Wavelet/internal/apps/upload/task/cleanup.go:69.43,72.4 2 0
github.com/Rain-kl/Wavelet/internal/apps/upload/task/cleanup.go:74.3,74.30 1 3
github.com/Rain-kl/Wavelet/internal/apps/upload/task/cleanup.go:74.30,75.9 1 2
github.com/Rain-kl/Wavelet/internal/apps/upload/task/cleanup.go:78.3,80.35 2 1
github.com/Rain-kl/Wavelet/internal/apps/upload/task/cleanup.go:80.35,83.61 2 2
github.com/Rain-kl/Wavelet/internal/apps/upload/task/cleanup.go:83.61,86.68 1 2
github.com/Rain-kl/Wavelet/internal/apps/upload/task/cleanup.go:86.68,88.6 1 0
github.com/Rain-kl/Wavelet/internal/apps/upload/task/cleanup.go:90.5,91.19 2 2
github.com/Rain-kl/Wavelet/internal/apps/upload/task/cleanup.go:91.19,93.6 1 0
github.com/Rain-kl/Wavelet/internal/apps/upload/task/cleanup.go:94.5,94.59 1 2
github.com/Rain-kl/Wavelet/internal/apps/upload/task/cleanup.go:94.59,96.6 1 0
github.com/Rain-kl/Wavelet/internal/apps/upload/task/cleanup.go:98.5,98.15 1 2
github.com/Rain-kl/Wavelet/internal/apps/upload/task/cleanup.go:99.19,102.13 3 0
github.com/Rain-kl/Wavelet/internal/apps/upload/task/cleanup.go:105.4,108.17 4 2
github.com/Rain-kl/Wavelet/internal/apps/upload/task/cleanup.go:112.2,115.126 4 2
github.com/Rain-kl/Wavelet/internal/apps/upload/task/cleanup.go:115.126,117.3 1 0
github.com/Rain-kl/Wavelet/internal/apps/upload/task/cleanup.go:117.8,117.33 1 2
github.com/Rain-kl/Wavelet/internal/apps/upload/task/cleanup.go:117.33,118.103 1 1
github.com/Rain-kl/Wavelet/internal/apps/upload/task/cleanup.go:118.103,120.4 1 0
github.com/Rain-kl/Wavelet/internal/apps/upload/task/cleanup.go:120.9,122.4 1 1
github.com/Rain-kl/Wavelet/internal/apps/upload/task/cleanup.go:123.8,125.3 1 1
github.com/Rain-kl/Wavelet/internal/apps/upload/task/cleanup.go:127.2,129.16 3 2
github.com/Rain-kl/Wavelet/internal/apps/upload/task/cleanup.go:129.16,132.3 2 0
github.com/Rain-kl/Wavelet/internal/apps/upload/task/cleanup.go:132.8,138.3 1 2
github.com/Rain-kl/Wavelet/internal/apps/upload/task/cleanup.go:140.2,142.19 3 2
github.com/Rain-kl/Wavelet/internal/apps/upload/task/cleanup.go:142.19,145.3 2 0
github.com/Rain-kl/Wavelet/internal/apps/upload/task/cleanup.go:145.8,149.3 2 2
github.com/Rain-kl/Wavelet/internal/apps/upload/task/cleanup.go:151.2,159.44 3 2
github.com/Rain-kl/Wavelet/internal/apps/upload/task/rebuild_stats.go:39.102,44.41 2 1
github.com/Rain-kl/Wavelet/internal/apps/upload/task/rebuild_stats.go:44.41,47.3 2 0
github.com/Rain-kl/Wavelet/internal/apps/upload/task/rebuild_stats.go:49.2,51.60 2 1
github.com/Rain-kl/Wavelet/internal/apps/upload/task/rebuild_stats.go:51.60,54.3 2 0
github.com/Rain-kl/Wavelet/internal/apps/upload/task/rebuild_stats.go:56.2,59.39 2 1
github.com/Rain-kl/Wavelet/internal/apps/upload/task/rebuild_stats.go:59.39,62.3 2 0
github.com/Rain-kl/Wavelet/internal/apps/upload/task/rebuild_stats.go:64.2,71.44 3 1
github.com/Rain-kl/Wavelet/internal/apps/upload/task/storage_migration.go:61.76,63.16 2 0
github.com/Rain-kl/Wavelet/internal/apps/upload/task/storage_migration.go:63.16,65.3 1 0
github.com/Rain-kl/Wavelet/internal/apps/upload/task/storage_migration.go:66.2,67.16 2 0
github.com/Rain-kl/Wavelet/internal/apps/upload/task/storage_migration.go:67.16,69.3 1 0
github.com/Rain-kl/Wavelet/internal/apps/upload/task/storage_migration.go:70.2,70.12 1 0
github.com/Rain-kl/Wavelet/internal/apps/upload/task/storage_migration.go:70.12,72.3 1 0
github.com/Rain-kl/Wavelet/internal/apps/upload/task/storage_migration.go:73.2,73.24 1 0
github.com/Rain-kl/Wavelet/internal/apps/upload/task/storage_migration.go:77.99,78.21 1 5
github.com/Rain-kl/Wavelet/internal/apps/upload/task/storage_migration.go:78.21,86.17 4 5
github.com/Rain-kl/Wavelet/internal/apps/upload/task/storage_migration.go:86.17,88.4 1 0
github.com/Rain-kl/Wavelet/internal/apps/upload/task/storage_migration.go:89.3,89.10 1 5
github.com/Rain-kl/Wavelet/internal/apps/upload/task/storage_migration.go:89.10,91.4 1 1
github.com/Rain-kl/Wavelet/internal/apps/upload/task/storage_migration.go:93.3,95.16 2 4
github.com/Rain-kl/Wavelet/internal/apps/upload/task/storage_migration.go:95.16,100.4 4 4
github.com/Rain-kl/Wavelet/internal/apps/upload/task/storage_migration.go:103.3,103.18 1 4
github.com/Rain-kl/Wavelet/internal/apps/upload/task/storage_migration.go:103.18,106.8 3 4
github.com/Rain-kl/Wavelet/internal/apps/upload/task/storage_migration.go:106.8,107.12 1 4
github.com/Rain-kl/Wavelet/internal/apps/upload/task/storage_migration.go:108.21,111.14 3 0
github.com/Rain-kl/Wavelet/internal/apps/upload/task/storage_migration.go:112.24,113.12 1 4
github.com/Rain-kl/Wavelet/internal/apps/upload/task/storage_migration.go:114.23,115.12 1 0
github.com/Rain-kl/Wavelet/internal/apps/upload/task/storage_migration.go:121.2,122.16 2 4
github.com/Rain-kl/Wavelet/internal/apps/upload/task/storage_migration.go:122.16,124.3 1 0
github.com/Rain-kl/Wavelet/internal/apps/upload/task/storage_migration.go:125.2,126.16 2 4
github.com/Rain-kl/Wavelet/internal/apps/upload/task/storage_migration.go:126.16,128.3 1 0
github.com/Rain-kl/Wavelet/internal/apps/upload/task/storage_migration.go:129.2,129.36 1 4
github.com/Rain-kl/Wavelet/internal/apps/upload/task/storage_migration.go:129.36,130.67 1 1
github.com/Rain-kl/Wavelet/internal/apps/upload/task/storage_migration.go:130.67,132.4 1 0
github.com/Rain-kl/Wavelet/internal/apps/upload/task/storage_migration.go:133.3,135.49 3 1
github.com/Rain-kl/Wavelet/internal/apps/upload/task/storage_migration.go:138.2,139.16 2 3
github.com/Rain-kl/Wavelet/internal/apps/upload/task/storage_migration.go:139.16,141.3 1 0
github.com/Rain-kl/Wavelet/internal/apps/upload/task/storage_migration.go:142.2,142.16 1 3
github.com/Rain-kl/Wavelet/internal/apps/upload/task/storage_migration.go:142.16,143.67 1 0
github.com/Rain-kl/Wavelet/internal/apps/upload/task/storage_migration.go:143.67,145.4 1 0
github.com/Rain-kl/Wavelet/internal/apps/upload/task/storage_migration.go:146.3,148.49 3 0
github.com/Rain-kl/Wavelet/internal/apps/upload/task/storage_migration.go:151.2,152.16 2 3
github.com/Rain-kl/Wavelet/internal/apps/upload/task/storage_migration.go:152.16,154.3 1 0
github.com/Rain-kl/Wavelet/internal/apps/upload/task/storage_migration.go:155.2,156.16 2 3
github.com/Rain-kl/Wavelet/internal/apps/upload/task/storage_migration.go:156.16,158.3 1 0
github.com/Rain-kl/Wavelet/internal/apps/upload/task/storage_migration.go:160.2,162.16 3 3
github.com/Rain-kl/Wavelet/internal/apps/upload/task/storage_migration.go:162.16,164.3 1 1
github.com/Rain-kl/Wavelet/internal/apps/upload/task/storage_migration.go:166.2,166.66 1 2
github.com/Rain-kl/Wavelet/internal/apps/upload/task/storage_migration.go:166.66,168.3 1 0
github.com/Rain-kl/Wavelet/internal/apps/upload/task/storage_migration.go:169.2,171.48 3 2
github.com/Rain-kl/Wavelet/internal/apps/upload/task/storage_migration.go:174.62,181.2 3 3
github.com/Rain-kl/Wavelet/internal/apps/upload/task/storage_migration.go:183.68,185.23 2 0
github.com/Rain-kl/Wavelet/internal/apps/upload/task/storage_migration.go:185.23,187.3 1 0
github.com/Rain-kl/Wavelet/internal/apps/upload/task/storage_migration.go:188.2,188.122 1 0
github.com/Rain-kl/Wavelet/internal/apps/upload/task/storage_migration.go:203.18,209.6 6 3
github.com/Rain-kl/Wavelet/internal/apps/upload/task/storage_migration.go:209.6,210.35 1 5
github.com/Rain-kl/Wavelet/internal/apps/upload/task/storage_migration.go:210.35,212.4 1 0
github.com/Rain-kl/Wavelet/internal/apps/upload/task/storage_migration.go:214.3,220.25 4 5
github.com/Rain-kl/Wavelet/internal/apps/upload/task/storage_migration.go:220.25,222.4 1 2
github.com/Rain-kl/Wavelet/internal/apps/upload/task/storage_migration.go:223.3,226.37 1 5
github.com/Rain-kl/Wavelet/internal/apps/upload/task/storage_migration.go:226.37,228.4 1 0
github.com/Rain-kl/Wavelet/internal/apps/upload/task/storage_migration.go:229.3,229.24 1 5
github.com/Rain-kl/Wavelet/internal/apps/upload/task/storage_migration.go:229.24,231.9 2 2
github.com/Rain-kl/Wavelet/internal/apps/upload/task/storage_migration.go:234.3,240.34 5 3
github.com/Rain-kl/Wavelet/internal/apps/upload/task/storage_migration.go:240.34,242.22 2 3
github.com/Rain-kl/Wavelet/internal/apps/upload/task/storage_migration.go:242.22,243.104 1 3
github.com/Rain-kl/Wavelet/internal/apps/upload/task/storage_migration.go:243.104,245.6 1 1
github.com/Rain-kl/Wavelet/internal/apps/upload/task/storage_migration.go:246.5,247.15 2 2
github.com/Rain-kl/Wavelet/internal/apps/upload/task/storage_migration.go:251.3,251.34 1 3
github.com/Rain-kl/Wavelet/internal/apps/upload/task/storage_migration.go:251.34,253.4 1 1
github.com/Rain-kl/Wavelet/internal/apps/upload/task/storage_migration.go:255.3,255.108 1 2
github.com/Rain-kl/Wavelet/internal/apps/upload/task/storage_migration.go:257.2,257.41 1 2
github.com/Rain-kl/Wavelet/internal/apps/upload/task/storage_migration.go:266.9,267.50 1 3
github.com/Rain-kl/Wavelet/internal/apps/upload/task/storage_migration.go:267.50,270.3 2 1
github.com/Rain-kl/Wavelet/internal/apps/upload/task/storage_migration.go:272.2,274.16 3 2
github.com/Rain-kl/Wavelet/internal/apps/upload/task/storage_migration.go:274.16,275.27 1 0
github.com/Rain-kl/Wavelet/internal/apps/upload/task/storage_migration.go:275.27,277.4 1 0
github.com/Rain-kl/Wavelet/internal/apps/upload/task/storage_migration.go:278.3,278.68 1 0
github.com/Rain-kl/Wavelet/internal/apps/upload/task/storage_migration.go:280.2,283.19 4 2
github.com/Rain-kl/Wavelet/internal/apps/upload/task/storage_migration.go:283.19,285.3 1 0
github.com/Rain-kl/Wavelet/internal/apps/upload/task/storage_migration.go:286.2,286.21 1 2
github.com/Rain-kl/Wavelet/internal/apps/upload/task/storage_migration.go:286.21,288.3 1 0
github.com/Rain-kl/Wavelet/internal/apps/upload/task/storage_migration.go:290.2,290.38 1 2
github.com/Rain-kl/Wavelet/internal/apps/upload/task/storage_migration.go:290.38,293.20 3 1
github.com/Rain-kl/Wavelet/internal/apps/upload/task/storage_migration.go:293.20,295.4 1 0
github.com/Rain-kl/Wavelet/internal/apps/upload/task/storage_migration.go:296.3,296.48 1 1
github.com/Rain-kl/Wavelet/internal/apps/upload/task/storage_migration.go:296.48,298.4 1 0
github.com/Rain-kl/Wavelet/internal/apps/upload/task/storage_migration.go:299.3,300.63 2 1
github.com/Rain-kl/Wavelet/internal/apps/upload/task/storage_migration.go:300.63,303.4 2 0
github.com/Rain-kl/Wavelet/internal/apps/upload/task/storage_migration.go:304.3,306.31 3 1
github.com/Rain-kl/Wavelet/internal/apps/upload/task/storage_migration.go:306.31,308.4 1 1
github.com/Rain-kl/Wavelet/internal/apps/upload/task/storage_migration.go:309.3,309.90 1 0
github.com/Rain-kl/Wavelet/internal/apps/upload/task/storage_migration.go:312.2,312.38 1 1
github.com/Rain-kl/Wavelet/internal/apps/upload/task/storage_migration.go:312.38,316.60 2 0
github.com/Rain-kl/Wavelet/internal/apps/upload/task/storage_migration.go:316.60,318.4 1 0
github.com/Rain-kl/Wavelet/internal/apps/upload/task/storage_migration.go:320.2,321.12 2 1
github.com/Rain-kl/Wavelet/internal/apps/upload/task/storage_migration.go:328.8,330.61 2 3
github.com/Rain-kl/Wavelet/internal/apps/upload/task/storage_migration.go:330.61,332.3 1 1
github.com/Rain-kl/Wavelet/internal/apps/upload/task/storage_migration.go:333.2,333.15 1 2
github.com/Rain-kl/Wavelet/internal/apps/upload/task/storage_migration.go:333.15,335.3 1 2
github.com/Rain-kl/Wavelet/internal/apps/upload/task/storage_migration.go:337.2,337.48 1 2
github.com/Rain-kl/Wavelet/internal/apps/upload/task/storage_migration.go:344.9,350.44 3 0
github.com/Rain-kl/Wavelet/internal/apps/upload/task/storage_migration.go:350.44,352.3 1 0
github.com/Rain-kl/Wavelet/internal/apps/upload/task/storage_migration.go:353.2,355.65 1 0
github.com/Rain-kl/Wavelet/internal/apps/upload/task/storage_migration.go:355.65,357.3 1 0
github.com/Rain-kl/Wavelet/internal/apps/upload/task/storage_migration.go:358.2,358.33 1 0
github.com/Rain-kl/Wavelet/internal/apps/upload/task/storage_migration.go:358.33,360.3 1 0
github.com/Rain-kl/Wavelet/internal/apps/upload/task/storage_migration.go:361.2,361.12 1 0
github.com/Rain-kl/Wavelet/internal/apps/upload/task/storage_migration.go:364.38,365.16 1 0
github.com/Rain-kl/Wavelet/internal/apps/upload/task/storage_migration.go:365.16,367.3 1 0
github.com/Rain-kl/Wavelet/internal/apps/upload/task/storage_migration.go:368.2,368.36 1 0
github.com/Rain-kl/Wavelet/internal/apps/upload/task/storage_migration.go:368.36,370.3 1 0
github.com/Rain-kl/Wavelet/internal/apps/upload/task/storage_migration.go:371.2,372.98 2 0
github.com/Rain-kl/Wavelet/internal/apps/upload/task/storage_migration.go:372.98,373.36 1 0
github.com/Rain-kl/Wavelet/internal/apps/upload/task/storage_migration.go:373.36,375.4 1 0
github.com/Rain-kl/Wavelet/internal/apps/upload/task/storage_migration.go:377.2,377.14 1 0
github.com/Rain-kl/Wavelet/internal/apps/upload/task/tasks.go:62.81,63.23 1 7
github.com/Rain-kl/Wavelet/internal/apps/upload/task/tasks.go:63.23,65.3 1 1
github.com/Rain-kl/Wavelet/internal/apps/upload/task/tasks.go:67.2,68.54 2 6
github.com/Rain-kl/Wavelet/internal/apps/upload/task/tasks.go:68.54,70.3 1 1
github.com/Rain-kl/Wavelet/internal/apps/upload/task/tasks.go:72.2,75.42 2 5
github.com/Rain-kl/Wavelet/internal/apps/upload/task/tasks.go:75.42,77.3 1 2
github.com/Rain-kl/Wavelet/internal/apps/upload/task/tasks.go:79.2,79.26 1 3
github.com/Rain-kl/Wavelet/internal/apps/upload/task/tasks.go:83.104,85.16 2 2
github.com/Rain-kl/Wavelet/internal/apps/upload/task/tasks.go:85.16,88.3 2 0
github.com/Rain-kl/Wavelet/internal/apps/upload/task/tasks.go:90.2,91.64 2 2
github.com/Rain-kl/Wavelet/internal/apps/upload/task/tasks.go:91.64,93.3 1 0
github.com/Rain-kl/Wavelet/internal/apps/upload/task/tasks.go:95.2,111.6 11 2
github.com/Rain-kl/Wavelet/internal/apps/upload/task/tasks.go:111.6,112.35 1 4
github.com/Rain-kl/Wavelet/internal/apps/upload/task/tasks.go:112.35,114.4 1 0
github.com/Rain-kl/Wavelet/internal/apps/upload/task/tasks.go:116.3,126.37 2 4
github.com/Rain-kl/Wavelet/internal/apps/upload/task/tasks.go:126.37,129.4 2 0
github.com/Rain-kl/Wavelet/internal/apps/upload/task/tasks.go:131.3,131.24 1 4
github.com/Rain-kl/Wavelet/internal/apps/upload/task/tasks.go:131.24,132.9 1 2
github.com/Rain-kl/Wavelet/internal/apps/upload/task/tasks.go:135.3,138.26 4 2
github.com/Rain-kl/Wavelet/internal/apps/upload/task/tasks.go:138.26,139.36 1 4
github.com/Rain-kl/Wavelet/internal/apps/upload/task/tasks.go:139.36,141.5 1 0
github.com/Rain-kl/Wavelet/internal/apps/upload/task/tasks.go:143.4,148.18 5 4
github.com/Rain-kl/Wavelet/internal/apps/upload/task/tasks.go:148.18,151.38 3 0
github.com/Rain-kl/Wavelet/internal/apps/upload/task/tasks.go:151.38,153.6 1 0
github.com/Rain-kl/Wavelet/internal/apps/upload/task/tasks.go:154.5,154.13 1 0
github.com/Rain-kl/Wavelet/internal/apps/upload/task/tasks.go:156.4,156.16 1 4
github.com/Rain-kl/Wavelet/internal/apps/upload/task/tasks.go:156.16,159.13 3 2
github.com/Rain-kl/Wavelet/internal/apps/upload/task/tasks.go:161.4,162.20 2 2
github.com/Rain-kl/Wavelet/internal/apps/upload/task/tasks.go:165.3,172.4 1 2
github.com/Rain-kl/Wavelet/internal/apps/upload/task/tasks.go:175.2,183.44 3 2
github.com/Rain-kl/Wavelet/internal/infra/config/config.go:30.47,31.47 1 1
github.com/Rain-kl/Wavelet/internal/infra/config/config.go:31.47,33.3 1 0
github.com/Rain-kl/Wavelet/internal/infra/config/config.go:34.2,35.25 2 1
github.com/Rain-kl/Wavelet/internal/infra/config/config.go:35.25,38.42 3 3
github.com/Rain-kl/Wavelet/internal/infra/config/config.go:38.42,40.4 1 1
github.com/Rain-kl/Wavelet/internal/infra/config/config.go:42.2,42.19 1 0
github.com/Rain-kl/Wavelet/internal/infra/config/config.go:46.20,47.34 1 1
github.com/Rain-kl/Wavelet/internal/infra/config/config.go:47.34,49.3 1 0
github.com/Rain-kl/Wavelet/internal/infra/config/config.go:50.2,50.30 1 1
github.com/Rain-kl/Wavelet/internal/infra/config/config.go:50.30,51.74 1 1
github.com/Rain-kl/Wavelet/internal/infra/config/config.go:51.74,53.4 1 1
github.com/Rain-kl/Wavelet/internal/infra/config/config.go:55.2,55.14 1 0
github.com/Rain-kl/Wavelet/internal/infra/config/config.go:58.13,61.22 2 1
github.com/Rain-kl/Wavelet/internal/infra/config/config.go:61.22,63.3 1 1
github.com/Rain-kl/Wavelet/internal/infra/config/config.go:66.2,70.45 3 1
github.com/Rain-kl/Wavelet/internal/infra/config/config.go:70.45,71.56 1 0
github.com/Rain-kl/Wavelet/internal/infra/config/config.go:71.56,73.57 1 0
github.com/Rain-kl/Wavelet/internal/infra/config/config.go:73.57,75.5 1 0
github.com/Rain-kl/Wavelet/internal/infra/config/config.go:77.3,79.65 3 0
github.com/Rain-kl/Wavelet/internal/infra/config/config.go:79.65,81.4 1 0
github.com/Rain-kl/Wavelet/internal/infra/config/config.go:85.2,86.44 2 1
github.com/Rain-kl/Wavelet/internal/infra/config/config.go:86.44,88.3 1 0
github.com/Rain-kl/Wavelet/internal/infra/config/config.go:90.2,97.14 4 1
github.com/Rain-kl/Wavelet/internal/infra/config/config.go:97.14,102.3 4 1
github.com/Rain-kl/Wavelet/internal/infra/config/config.go:105.2,108.17 2 1
github.com/Rain-kl/Wavelet/internal/infra/config/config.go:111.36,112.27 1 2
github.com/Rain-kl/Wavelet/internal/infra/config/config.go:112.27,114.3 1 0
github.com/Rain-kl/Wavelet/internal/infra/config/config.go:115.2,115.29 1 2
github.com/Rain-kl/Wavelet/internal/infra/config/config.go:115.29,117.3 1 1
github.com/Rain-kl/Wavelet/internal/infra/config/config.go:123.42,124.36 1 50
github.com/Rain-kl/Wavelet/internal/infra/config/config.go:124.36,126.3 1 0
github.com/Rain-kl/Wavelet/internal/infra/config/config.go:127.2,127.17 1 50
github.com/Rain-kl/Wavelet/internal/infra/config/config.go:130.43,131.36 1 16
github.com/Rain-kl/Wavelet/internal/infra/config/config.go:131.36,132.44 1 0
github.com/Rain-kl/Wavelet/internal/infra/config/config.go:132.44,134.4 1 0
github.com/Rain-kl/Wavelet/internal/infra/config/config.go:136.2,136.17 1 16
github.com/Rain-kl/Wavelet/internal/infra/config/config.go:139.49,140.36 1 2
github.com/Rain-kl/Wavelet/internal/infra/config/config.go:140.36,141.56 1 0
github.com/Rain-kl/Wavelet/internal/infra/config/config.go:141.56,143.4 1 0
github.com/Rain-kl/Wavelet/internal/infra/config/config.go:145.2,145.17 1 2
github.com/Rain-kl/Wavelet/internal/infra/config/config.go:148.55,149.36 1 2
github.com/Rain-kl/Wavelet/internal/infra/config/config.go:149.36,150.54 1 0
github.com/Rain-kl/Wavelet/internal/infra/config/config.go:150.54,152.4 1 0
github.com/Rain-kl/Wavelet/internal/infra/config/config.go:154.2,154.17 1 2
github.com/Rain-kl/Wavelet/internal/infra/config/config.go:157.46,158.36 1 14
github.com/Rain-kl/Wavelet/internal/infra/config/config.go:158.36,159.49 1 1
github.com/Rain-kl/Wavelet/internal/infra/config/config.go:159.49,161.4 1 1
github.com/Rain-kl/Wavelet/internal/infra/config/config.go:163.2,163.17 1 13
github.com/Rain-kl/Wavelet/internal/infra/config/config.go:167.40,194.42 23 2
github.com/Rain-kl/Wavelet/internal/infra/config/config.go:194.42,196.3 1 0
github.com/Rain-kl/Wavelet/internal/infra/config/config.go:197.2,201.45 3 2
github.com/Rain-kl/Wavelet/internal/infra/config/config.go:201.45,204.3 2 0
github.com/Rain-kl/Wavelet/internal/infra/config/config.go:205.2,214.50 8 2
github.com/Rain-kl/Wavelet/internal/infra/config/config.go:214.50,217.3 2 0
github.com/Rain-kl/Wavelet/internal/infra/config/config.go:218.2,237.31 12 2
github.com/Rain-kl/Wavelet/internal/infra/config/config.go:237.31,243.3 1 1
github.com/Rain-kl/Wavelet/internal/infra/config/config.go:247.34,249.16 2 1
github.com/Rain-kl/Wavelet/internal/infra/config/config.go:249.16,252.3 2 0
github.com/Rain-kl/Wavelet/internal/infra/config/config.go:253.2,253.72 1 1
github.com/Rain-kl/Wavelet/internal/infra/config/model.go:37.41,39.2 1 0
github.com/Rain-kl/Wavelet/internal/infra/persistence/batchwriter/config.go:43.29,50.2 1 10
github.com/Rain-kl/Wavelet/internal/infra/persistence/batchwriter/config.go:52.34,53.22 1 10
github.com/Rain-kl/Wavelet/internal/infra/persistence/batchwriter/config.go:53.22,55.3 1 1
github.com/Rain-kl/Wavelet/internal/infra/persistence/batchwriter/config.go:56.2,56.25 1 9
github.com/Rain-kl/Wavelet/internal/infra/persistence/batchwriter/config.go:56.25,58.3 1 0
github.com/Rain-kl/Wavelet/internal/infra/persistence/batchwriter/config.go:59.2,59.24 1 9
github.com/Rain-kl/Wavelet/internal/infra/persistence/batchwriter/config.go:59.24,61.3 1 0
github.com/Rain-kl/Wavelet/internal/infra/persistence/batchwriter/config.go:62.2,62.26 1 9
github.com/Rain-kl/Wavelet/internal/infra/persistence/batchwriter/config.go:62.26,64.3 1 0
github.com/Rain-kl/Wavelet/internal/infra/persistence/batchwriter/config.go:65.2,65.24 1 9
github.com/Rain-kl/Wavelet/internal/infra/persistence/batchwriter/config.go:65.24,67.3 1 0
github.com/Rain-kl/Wavelet/internal/infra/persistence/batchwriter/config.go:68.2,68.12 1 9
github.com/Rain-kl/Wavelet/internal/infra/persistence/batchwriter/writer.go:58.75,59.28 1 1
github.com/Rain-kl/Wavelet/internal/infra/persistence/batchwriter/writer.go:59.28,61.3 1 1
github.com/Rain-kl/Wavelet/internal/infra/persistence/batchwriter/writer.go:65.56,66.28 1 1
github.com/Rain-kl/Wavelet/internal/infra/persistence/batchwriter/writer.go:66.28,68.3 1 1
github.com/Rain-kl/Wavelet/internal/infra/persistence/batchwriter/writer.go:72.88,73.18 1 11
github.com/Rain-kl/Wavelet/internal/infra/persistence/batchwriter/writer.go:73.18,75.3 1 1
github.com/Rain-kl/Wavelet/internal/infra/persistence/batchwriter/writer.go:76.2,76.39 1 10
github.com/Rain-kl/Wavelet/internal/infra/persistence/batchwriter/writer.go:76.39,78.3 1 1
github.com/Rain-kl/Wavelet/internal/infra/persistence/batchwriter/writer.go:80.2,85.27 2 9
github.com/Rain-kl/Wavelet/internal/infra/persistence/batchwriter/writer.go:85.27,87.3 1 2
github.com/Rain-kl/Wavelet/internal/infra/persistence/batchwriter/writer.go:88.2,88.15 1 9
github.com/Rain-kl/Wavelet/internal/infra/persistence/batchwriter/writer.go:92.51,93.24 1 9
github.com/Rain-kl/Wavelet/internal/infra/persistence/batchwriter/writer.go:93.24,100.3 5 9
github.com/Rain-kl/Wavelet/internal/infra/persistence/batchwriter/writer.go:104.53,110.15 5 9
github.com/Rain-kl/Wavelet/internal/infra/persistence/batchwriter/writer.go:110.15,112.3 1 0
github.com/Rain-kl/Wavelet/internal/infra/persistence/batchwriter/writer.go:114.2,114.23 1 9
github.com/Rain-kl/Wavelet/internal/infra/persistence/batchwriter/writer.go:114.23,116.3 1 9
github.com/Rain-kl/Wavelet/internal/infra/persistence/batchwriter/writer.go:118.2,118.9 1 9
github.com/Rain-kl/Wavelet/internal/infra/persistence/batchwriter/writer.go:119.14,120.13 1 9
github.com/Rain-kl/Wavelet/internal/infra/persistence/batchwriter/writer.go:121.20,122.19 1 0
github.com/Rain-kl/Wavelet/internal/infra/persistence/batchwriter/writer.go:127.36,130.17 3 3
github.com/Rain-kl/Wavelet/internal/infra/persistence/batchwriter/writer.go:130.17,132.3 1 0
github.com/Rain-kl/Wavelet/internal/infra/persistence/batchwriter/writer.go:133.2,133.9 1 3
github.com/Rain-kl/Wavelet/internal/infra/persistence/batchwriter/writer.go:134.16,135.15 1 1
github.com/Rain-kl/Wavelet/internal/infra/persistence/batchwriter/writer.go:136.10,137.14 1 2
github.com/Rain-kl/Wavelet/internal/infra/persistence/batchwriter/writer.go:143.45,147.15 4 18
github.com/Rain-kl/Wavelet/internal/infra/persistence/batchwriter/writer.go:147.15,150.3 2 0
github.com/Rain-kl/Wavelet/internal/infra/persistence/batchwriter/writer.go:152.2,152.9 1 18
github.com/Rain-kl/Wavelet/internal/infra/persistence/batchwriter/writer.go:153.18,154.14 1 16
github.com/Rain-kl/Wavelet/internal/infra/persistence/batchwriter/writer.go:155.10,157.15 2 2
github.com/Rain-kl/Wavelet/internal/infra/persistence/batchwriter/writer.go:162.35,165.17 3 1
github.com/Rain-kl/Wavelet/internal/infra/persistence/batchwriter/writer.go:165.17,167.3 1 0
github.com/Rain-kl/Wavelet/internal/infra/persistence/batchwriter/writer.go:168.2,168.31 1 1
github.com/Rain-kl/Wavelet/internal/infra/persistence/batchwriter/writer.go:172.31,175.17 3 2
github.com/Rain-kl/Wavelet/internal/infra/persistence/batchwriter/writer.go:175.17,177.3 1 0
github.com/Rain-kl/Wavelet/internal/infra/persistence/batchwriter/writer.go:178.2,178.18 1 2
github.com/Rain-kl/Wavelet/internal/infra/persistence/batchwriter/writer.go:182.31,184.2 1 2
github.com/Rain-kl/Wavelet/internal/infra/persistence/batchwriter/writer.go:187.35,196.2 1 2
github.com/Rain-kl/Wavelet/internal/infra/persistence/batchwriter/writer.go:198.27,204.18 5 9
github.com/Rain-kl/Wavelet/internal/infra/persistence/batchwriter/writer.go:204.18,205.22 1 14
github.com/Rain-kl/Wavelet/internal/infra/persistence/batchwriter/writer.go:205.22,207.4 1 5
github.com/Rain-kl/Wavelet/internal/infra/persistence/batchwriter/writer.go:208.3,209.53 2 9
github.com/Rain-kl/Wavelet/internal/infra/persistence/batchwriter/writer.go:209.53,211.29 2 1
github.com/Rain-kl/Wavelet/internal/infra/persistence/batchwriter/writer.go:211.29,213.5 1 1
github.com/Rain-kl/Wavelet/internal/infra/persistence/batchwriter/writer.go:215.3,216.31 2 9
github.com/Rain-kl/Wavelet/internal/infra/persistence/batchwriter/writer.go:219.2,219.15 1 9
github.com/Rain-kl/Wavelet/internal/infra/persistence/batchwriter/writer.go:219.15,222.3 2 9
github.com/Rain-kl/Wavelet/internal/infra/persistence/batchwriter/writer.go:224.2,224.6 1 9
github.com/Rain-kl/Wavelet/internal/infra/persistence/batchwriter/writer.go:224.6,225.10 1 36
github.com/Rain-kl/Wavelet/internal/infra/persistence/batchwriter/writer.go:226.27,227.11 1 25
github.com/Rain-kl/Wavelet/internal/infra/persistence/batchwriter/writer.go:227.11,229.5 1 9
github.com/Rain-kl/Wavelet/internal/infra/persistence/batchwriter/writer.go:230.4,230.23 1 16
github.com/Rain-kl/Wavelet/internal/infra/persistence/batchwriter/writer.go:230.23,232.5 1 9
github.com/Rain-kl/Wavelet/internal/infra/persistence/batchwriter/writer.go:233.4,234.40 2 16
github.com/Rain-kl/Wavelet/internal/infra/persistence/batchwriter/writer.go:234.40,236.5 1 2
github.com/Rain-kl/Wavelet/internal/infra/persistence/batchwriter/writer.go:237.19,238.71 1 11
github.com/Rain-kl/Wavelet/internal/infra/persistence/batchwriter/writer.go:238.71,240.5 1 3
github.com/Rain-kl/Wavelet/internal/infra/persistence/batchwriter/writer.go:245.103,246.19 1 11
github.com/Rain-kl/Wavelet/internal/infra/persistence/batchwriter/writer.go:246.19,248.3 1 0
github.com/Rain-kl/Wavelet/internal/infra/persistence/batchwriter/writer.go:249.2,249.63 1 11
github.com/Rain-kl/Wavelet/internal/infra/persistence/batchwriter/writer.go:249.63,251.3 1 2
github.com/Rain-kl/Wavelet/internal/infra/persistence/batchwriter/writer.go:252.2,252.56 1 9
github.com/Rain-kl/Wavelet/internal/infra/persistence/batchwriter/writer.go:252.56,254.3 1 5
github.com/Rain-kl/Wavelet/internal/infra/persistence/batchwriter/writer.go:255.2,255.60 1 4
github.com/Rain-kl/Wavelet/internal/infra/persistence/batchwriter/writer.go:258.40,260.21 2 2
github.com/Rain-kl/Wavelet/internal/infra/persistence/batchwriter/writer.go:260.21,262.3 1 1
github.com/Rain-kl/Wavelet/internal/infra/persistence/batchwriter/writer.go:263.2,263.16 1 1
github.com/Rain-kl/Wavelet/internal/infra/diskcache/cache.go:48.34,49.28 1 0
github.com/Rain-kl/Wavelet/internal/infra/diskcache/cache.go:49.28,56.3 4 0
github.com/Rain-kl/Wavelet/internal/infra/diskcache/cache.go:57.2,57.20 1 0
github.com/Rain-kl/Wavelet/internal/infra/diskcache/cache.go:61.38,63.2 1 1
github.com/Rain-kl/Wavelet/internal/infra/diskcache/cache.go:66.55,68.23 1 1
github.com/Rain-kl/Wavelet/internal/infra/diskcache/cache.go:68.23,70.3 1 0
github.com/Rain-kl/Wavelet/internal/infra/diskcache/cache.go:73.2,74.132 2 1
github.com/Rain-kl/Wavelet/internal/infra/diskcache/cache.go:74.132,75.83 1 1
github.com/Rain-kl/Wavelet/internal/infra/diskcache/cache.go:75.83,77.4 1 1
github.com/Rain-kl/Wavelet/internal/infra/diskcache/cache.go:81.2,82.125 2 1
github.com/Rain-kl/Wavelet/internal/infra/diskcache/cache.go:82.125,83.80 1 1
github.com/Rain-kl/Wavelet/internal/infra/diskcache/cache.go:83.80,85.4 1 1
github.com/Rain-kl/Wavelet/internal/infra/diskcache/cache.go:89.2,90.125 2 1
github.com/Rain-kl/Wavelet/internal/infra/diskcache/cache.go:90.125,91.61 1 1
github.com/Rain-kl/Wavelet/internal/infra/diskcache/cache.go:91.61,93.4 1 1
github.com/Rain-kl/Wavelet/internal/infra/diskcache/cache.go:96.2,96.51 1 1
github.com/Rain-kl/Wavelet/internal/infra/persistence/clickhouse.go:38.13,39.39 1 1
github.com/Rain-kl/Wavelet/internal/infra/persistence/clickhouse.go:39.39,41.3 1 1
github.com/Rain-kl/Wavelet/internal/infra/persistence/clickhouse.go:43.2,44.24 2 0
github.com/Rain-kl/Wavelet/internal/infra/persistence/clickhouse.go:44.24,46.3 1 0
github.com/Rain-kl/Wavelet/internal/infra/persistence/clickhouse.go:48.2,52.16 4 0
github.com/Rain-kl/Wavelet/internal/infra/persistence/clickhouse.go:52.16,54.3 1 0
github.com/Rain-kl/Wavelet/internal/infra/persistence/clickhouse.go:56.2,56.57 1 0
github.com/Rain-kl/Wavelet/internal/infra/persistence/clickhouse.go:56.57,58.3 1 0
github.com/Rain-kl/Wavelet/internal/infra/persistence/clickhouse.go:60.2,65.16 2 0
github.com/Rain-kl/Wavelet/internal/infra/persistence/clickhouse.go:65.16,67.3 1 0
github.com/Rain-kl/Wavelet/internal/infra/persistence/clickhouse.go:69.2,77.16 1 0
github.com/Rain-kl/Wavelet/internal/infra/persistence/clickhouse.go:77.16,79.3 1 0
github.com/Rain-kl/Wavelet/internal/infra/persistence/clickhouse.go:81.2,82.16 2 0
github.com/Rain-kl/Wavelet/internal/infra/persistence/clickhouse.go:82.16,84.3 1 0
github.com/Rain-kl/Wavelet/internal/infra/persistence/clickhouse.go:86.2,90.65 4 0
github.com/Rain-kl/Wavelet/internal/infra/persistence/clickhouse.go:93.51,116.2 2 0
github.com/Rain-kl/Wavelet/internal/infra/persistence/clickhouse.go:118.34,126.46 3 0
github.com/Rain-kl/Wavelet/internal/infra/persistence/clickhouse.go:126.46,128.3 1 0
github.com/Rain-kl/Wavelet/internal/infra/persistence/clickhouse.go:130.2,136.23 6 0
github.com/Rain-kl/Wavelet/internal/infra/persistence/clickhouse.go:140.41,141.17 1 0
github.com/Rain-kl/Wavelet/internal/infra/persistence/clickhouse.go:141.17,143.3 1 0
github.com/Rain-kl/Wavelet/internal/infra/persistence/clickhouse.go:144.2,144.30 1 0
github.com/Rain-kl/Wavelet/internal/infra/persistence/clickhouse.go:148.33,150.2 1 0
github.com/Rain-kl/Wavelet/internal/infra/persistence/clickhouse.go:153.38,155.2 1 0
github.com/Rain-kl/Wavelet/internal/infra/persistence/postgres.go:28.13,29.37 1 1
github.com/Rain-kl/Wavelet/internal/infra/persistence/postgres.go:29.37,33.3 2 1
github.com/Rain-kl/Wavelet/internal/infra/persistence/postgres.go:35.2,35.16 1 0
github.com/Rain-kl/Wavelet/internal/infra/persistence/postgres.go:39.19,41.22 2 1
github.com/Rain-kl/Wavelet/internal/infra/persistence/postgres.go:41.22,43.3 1 0
github.com/Rain-kl/Wavelet/internal/infra/persistence/postgres.go:45.2,54.16 3 1
github.com/Rain-kl/Wavelet/internal/infra/persistence/postgres.go:54.16,56.3 1 0
github.com/Rain-kl/Wavelet/internal/infra/persistence/postgres.go:59.2,67.16 1 1
github.com/Rain-kl/Wavelet/internal/infra/persistence/postgres.go:67.16,69.3 1 0
github.com/Rain-kl/Wavelet/internal/infra/persistence/postgres.go:71.2,71.61 1 1
github.com/Rain-kl/Wavelet/internal/infra/persistence/postgres.go:75.21,95.16 6 0
github.com/Rain-kl/Wavelet/internal/infra/persistence/postgres.go:95.16,97.3 1 0
github.com/Rain-kl/Wavelet/internal/infra/persistence/postgres.go:100.2,110.16 1 0
github.com/Rain-kl/Wavelet/internal/infra/persistence/postgres.go:110.16,112.3 1 0
github.com/Rain-kl/Wavelet/internal/infra/persistence/postgres.go:114.2,114.32 1 0
github.com/Rain-kl/Wavelet/internal/infra/persistence/postgres.go:114.32,116.45 2 0
github.com/Rain-kl/Wavelet/internal/infra/persistence/postgres.go:116.45,118.22 2 0
github.com/Rain-kl/Wavelet/internal/infra/persistence/postgres.go:118.22,120.5 1 0
github.com/Rain-kl/Wavelet/internal/infra/persistence/postgres.go:121.4,122.22 2 0
github.com/Rain-kl/Wavelet/internal/infra/persistence/postgres.go:122.22,124.5 1 0
github.com/Rain-kl/Wavelet/internal/infra/persistence/postgres.go:125.4,129.7 2 0
github.com/Rain-kl/Wavelet/internal/infra/persistence/postgres.go:132.3,142.41 3 0
github.com/Rain-kl/Wavelet/internal/infra/persistence/postgres.go:142.41,144.4 1 0
github.com/Rain-kl/Wavelet/internal/infra/persistence/postgres.go:145.3,145.105 1 0
github.com/Rain-kl/Wavelet/internal/infra/persistence/postgres.go:146.8,148.3 1 0
github.com/Rain-kl/Wavelet/internal/infra/persistence/postgres.go:151.2,152.16 2 0
github.com/Rain-kl/Wavelet/internal/infra/persistence/postgres.go:152.16,154.3 1 0
github.com/Rain-kl/Wavelet/internal/infra/persistence/postgres.go:156.2,159.81 4 0
github.com/Rain-kl/Wavelet/internal/infra/persistence/postgres.go:164.72,171.20 3 0
github.com/Rain-kl/Wavelet/internal/infra/persistence/postgres.go:171.20,173.3 1 0
github.com/Rain-kl/Wavelet/internal/infra/persistence/postgres.go:175.2,177.19 3 0
github.com/Rain-kl/Wavelet/internal/infra/persistence/postgres.go:177.19,179.3 1 0
github.com/Rain-kl/Wavelet/internal/infra/persistence/postgres.go:180.2,181.31 2 0
github.com/Rain-kl/Wavelet/internal/infra/persistence/postgres.go:181.31,183.3 1 0
github.com/Rain-kl/Wavelet/internal/infra/persistence/postgres.go:184.2,184.26 1 0
github.com/Rain-kl/Wavelet/internal/infra/persistence/postgres.go:184.26,186.3 1 0
github.com/Rain-kl/Wavelet/internal/infra/persistence/postgres.go:187.2,187.36 1 0
github.com/Rain-kl/Wavelet/internal/infra/persistence/postgres.go:187.36,189.3 1 0
github.com/Rain-kl/Wavelet/internal/infra/persistence/postgres.go:190.2,190.36 1 0
github.com/Rain-kl/Wavelet/internal/infra/persistence/postgres.go:190.36,192.3 1 0
github.com/Rain-kl/Wavelet/internal/infra/persistence/postgres.go:194.2,195.24 2 0
github.com/Rain-kl/Wavelet/internal/infra/persistence/postgres.go:195.24,196.21 1 0
github.com/Rain-kl/Wavelet/internal/infra/persistence/postgres.go:196.21,198.4 1 0
github.com/Rain-kl/Wavelet/internal/infra/persistence/postgres.go:199.3,199.41 1 0
github.com/Rain-kl/Wavelet/internal/infra/persistence/postgres.go:201.2,203.23 2 0
github.com/Rain-kl/Wavelet/internal/infra/persistence/postgres.go:207.39,208.15 1 0
github.com/Rain-kl/Wavelet/internal/infra/persistence/postgres.go:208.15,210.3 1 0
github.com/Rain-kl/Wavelet/internal/infra/persistence/postgres.go:211.2,211.28 1 0
github.com/Rain-kl/Wavelet/internal/infra/persistence/postgres.go:215.24,217.2 1 0
github.com/Rain-kl/Wavelet/internal/infra/persistence/postgres_logger.go:28.81,32.2 3 0
github.com/Rain-kl/Wavelet/internal/infra/persistence/postgres_logger.go:34.84,35.35 1 0
github.com/Rain-kl/Wavelet/internal/infra/persistence/postgres_logger.go:35.35,37.3 1 0
github.com/Rain-kl/Wavelet/internal/infra/persistence/postgres_logger.go:40.84,41.35 1 0
github.com/Rain-kl/Wavelet/internal/infra/persistence/postgres_logger.go:41.35,43.3 1 0
github.com/Rain-kl/Wavelet/internal/infra/persistence/postgres_logger.go:46.85,47.36 1 0
github.com/Rain-kl/Wavelet/internal/infra/persistence/postgres_logger.go:47.36,49.3 1 0
github.com/Rain-kl/Wavelet/internal/infra/persistence/postgres_logger.go:52.124,54.9 2 0
github.com/Rain-kl/Wavelet/internal/infra/persistence/postgres_logger.go:55.129,57.136 2 0
github.com/Rain-kl/Wavelet/internal/infra/persistence/postgres_logger.go:58.90,61.116 3 0
github.com/Rain-kl/Wavelet/internal/infra/persistence/postgres_logger.go:62.37,64.113 2 0
github.com/Rain-kl/Wavelet/internal/infra/persistence/postgres_logger.go:68.41,69.16 1 0
github.com/Rain-kl/Wavelet/internal/infra/persistence/postgres_logger.go:69.16,71.3 1 0
github.com/Rain-kl/Wavelet/internal/infra/persistence/postgres_logger.go:72.2,72.13 1 0
github.com/Rain-kl/Wavelet/internal/infra/persistence/postgres_logger.go:75.54,77.15 2 3
github.com/Rain-kl/Wavelet/internal/infra/persistence/postgres_logger.go:78.16,79.27 1 0
github.com/Rain-kl/Wavelet/internal/infra/persistence/postgres_logger.go:80.15,81.26 1 0
github.com/Rain-kl/Wavelet/internal/infra/persistence/postgres_logger.go:82.14,83.25 1 1
github.com/Rain-kl/Wavelet/internal/infra/persistence/postgres_logger.go:84.14,85.25 1 1
github.com/Rain-kl/Wavelet/internal/infra/persistence/postgres_logger.go:86.15,87.25 1 1
github.com/Rain-kl/Wavelet/internal/infra/persistence/postgres_logger.go:88.10,89.25 1 0
github.com/Rain-kl/Wavelet/internal/infra/persistence/redis.go:27.13,30.18 2 1
github.com/Rain-kl/Wavelet/internal/infra/persistence/redis.go:30.18,33.3 2 1
github.com/Rain-kl/Wavelet/internal/infra/persistence/redis.go:35.2,35.21 1 0
github.com/Rain-kl/Wavelet/internal/infra/persistence/redis.go:35.21,52.3 2 0
github.com/Rain-kl/Wavelet/internal/infra/persistence/redis.go:52.8,70.27 2 0
github.com/Rain-kl/Wavelet/internal/infra/persistence/redis.go:70.27,76.4 4 0
github.com/Rain-kl/Wavelet/internal/infra/persistence/redis.go:76.9,79.4 2 0
github.com/Rain-kl/Wavelet/internal/infra/persistence/redis.go:83.2,90.16 1 0
github.com/Rain-kl/Wavelet/internal/infra/persistence/redis.go:90.16,92.3 1 0
github.com/Rain-kl/Wavelet/internal/infra/persistence/redis.go:95.2,96.16 2 0
github.com/Rain-kl/Wavelet/internal/infra/persistence/redis.go:96.16,98.3 1 0
github.com/Rain-kl/Wavelet/internal/infra/persistence/redis.go:101.77,103.13 2 2
github.com/Rain-kl/Wavelet/internal/infra/persistence/redis.go:103.13,105.3 1 1
github.com/Rain-kl/Wavelet/internal/infra/persistence/redis.go:106.2,106.47 1 2
github.com/Rain-kl/Wavelet/internal/infra/persistence/redis.go:110.37,112.18 2 0
github.com/Rain-kl/Wavelet/internal/infra/persistence/redis.go:112.18,114.3 1 0
github.com/Rain-kl/Wavelet/internal/infra/persistence/redis.go:115.2,115.21 1 0
github.com/Rain-kl/Wavelet/internal/infra/persistence/redis.go:123.83,125.16 2 0
github.com/Rain-kl/Wavelet/internal/infra/persistence/redis.go:125.16,127.3 1 0
github.com/Rain-kl/Wavelet/internal/infra/persistence/redis.go:129.2,129.88 1 0
github.com/Rain-kl/Wavelet/internal/infra/persistence/redis.go:129.88,131.3 1 0
github.com/Rain-kl/Wavelet/internal/infra/persistence/redis.go:133.2,133.12 1 0
github.com/Rain-kl/Wavelet/internal/infra/persistence/redis.go:137.75,138.41 1 0
github.com/Rain-kl/Wavelet/internal/infra/persistence/redis.go:138.41,140.3 1 0
github.com/Rain-kl/Wavelet/internal/infra/persistence/redis.go:141.2,141.82 1 0
github.com/Rain-kl/Wavelet/internal/infra/persistence/redis.go:141.82,143.3 1 0
github.com/Rain-kl/Wavelet/internal/infra/persistence/redis.go:144.2,144.12 1 0
github.com/Rain-kl/Wavelet/internal/infra/persistence/redis.go:152.84,154.16 2 0
github.com/Rain-kl/Wavelet/internal/infra/persistence/redis.go:154.16,156.3 1 0
github.com/Rain-kl/Wavelet/internal/infra/persistence/redis.go:158.2,158.58 1 0
github.com/Rain-kl/Wavelet/internal/infra/persistence/redis.go:158.58,160.3 1 0
github.com/Rain-kl/Wavelet/internal/infra/persistence/redis.go:162.2,162.12 1 0
github.com/Rain-kl/Wavelet/internal/infra/persistence/redis.go:169.69,171.16 2 0
github.com/Rain-kl/Wavelet/internal/infra/persistence/redis.go:171.16,173.3 1 0
github.com/Rain-kl/Wavelet/internal/infra/persistence/redis.go:175.2,175.50 1 0
github.com/Rain-kl/Wavelet/internal/infra/persistence/redis.go:175.50,177.3 1 0
github.com/Rain-kl/Wavelet/internal/infra/persistence/redis.go:179.2,179.12 1 0
github.com/Rain-kl/Wavelet/internal/infra/persistence/redis.go:187.94,189.16 2 0
github.com/Rain-kl/Wavelet/internal/infra/persistence/redis.go:189.16,191.3 1 0
github.com/Rain-kl/Wavelet/internal/infra/persistence/redis.go:193.2,193.85 1 0
github.com/Rain-kl/Wavelet/internal/infra/persistence/redis.go:193.85,195.3 1 0
github.com/Rain-kl/Wavelet/internal/infra/persistence/redis.go:197.2,197.12 1 0
github.com/Rain-kl/Wavelet/internal/infra/persistence/idgen/snowflake.go:23.13,29.16 5 1
github.com/Rain-kl/Wavelet/internal/infra/persistence/idgen/snowflake.go:29.16,31.3 1 0
github.com/Rain-kl/Wavelet/internal/infra/persistence/idgen/snowflake.go:32.2,32.85 1 1
github.com/Rain-kl/Wavelet/internal/infra/persistence/idgen/snowflake.go:37.28,38.63 1 1
github.com/Rain-kl/Wavelet/internal/infra/persistence/idgen/snowflake.go:38.63,40.14 2 1
github.com/Rain-kl/Wavelet/internal/infra/persistence/idgen/snowflake.go:40.14,42.4 1 1
github.com/Rain-kl/Wavelet/internal/infra/persistence/idgen/snowflake.go:43.3,43.105 1 0
github.com/Rain-kl/Wavelet/internal/infra/persistence/idgen/snowflake.go:45.2,45.97 1 0
github.com/Rain-kl/Wavelet/internal/infra/objectstore/config.go:80.29,88.2 1 1
github.com/Rain-kl/Wavelet/internal/infra/objectstore/config.go:91.54,99.18 6 1
github.com/Rain-kl/Wavelet/internal/infra/objectstore/config.go:99.18,101.42 2 1
github.com/Rain-kl/Wavelet/internal/infra/objectstore/config.go:101.42,102.67 1 1
github.com/Rain-kl/Wavelet/internal/infra/objectstore/config.go:102.67,104.5 1 0
github.com/Rain-kl/Wavelet/internal/infra/objectstore/config.go:106.3,106.18 1 1
github.com/Rain-kl/Wavelet/internal/infra/objectstore/config.go:109.2,109.76 1 0
github.com/Rain-kl/Wavelet/internal/infra/objectstore/config.go:112.88,114.16 2 0
github.com/Rain-kl/Wavelet/internal/infra/objectstore/config.go:114.16,115.45 1 0
github.com/Rain-kl/Wavelet/internal/infra/objectstore/config.go:115.45,117.4 1 0
github.com/Rain-kl/Wavelet/internal/infra/objectstore/config.go:118.3,118.23 1 0
github.com/Rain-kl/Wavelet/internal/infra/objectstore/config.go:120.2,120.39 1 0
github.com/Rain-kl/Wavelet/internal/infra/objectstore/config.go:120.39,122.3 1 0
github.com/Rain-kl/Wavelet/internal/infra/objectstore/config.go:123.2,123.68 1 0
github.com/Rain-kl/Wavelet/internal/infra/objectstore/config.go:123.68,125.3 1 0
github.com/Rain-kl/Wavelet/internal/infra/objectstore/config.go:126.2,126.22 1 0
github.com/Rain-kl/Wavelet/internal/infra/objectstore/config.go:130.39,131.20 1 0
github.com/Rain-kl/Wavelet/internal/infra/objectstore/config.go:132.19,133.46 1 0
github.com/Rain-kl/Wavelet/internal/infra/objectstore/config.go:133.46,135.4 1 0
github.com/Rain-kl/Wavelet/internal/infra/objectstore/config.go:136.16,137.45 1 0
github.com/Rain-kl/Wavelet/internal/infra/objectstore/config.go:138.16,139.92 1 0
github.com/Rain-kl/Wavelet/internal/infra/objectstore/config.go:139.92,141.4 1 0
github.com/Rain-kl/Wavelet/internal/infra/objectstore/config.go:142.3,142.45 1 0
github.com/Rain-kl/Wavelet/internal/infra/objectstore/config.go:143.19,144.50 1 0
github.com/Rain-kl/Wavelet/internal/infra/objectstore/config.go:144.50,146.4 1 0
github.com/Rain-kl/Wavelet/internal/infra/objectstore/config.go:147.3,147.47 1 0
github.com/Rain-kl/Wavelet/internal/infra/objectstore/config.go:148.17,149.48 1 0
github.com/Rain-kl/Wavelet/internal/infra/objectstore/config.go:149.48,151.4 1 0
github.com/Rain-kl/Wavelet/internal/infra/objectstore/config.go:152.3,152.45 1 0
github.com/Rain-kl/Wavelet/internal/infra/objectstore/config.go:153.20,154.51 1 0
github.com/Rain-kl/Wavelet/internal/infra/objectstore/config.go:154.51,156.4 1 0
github.com/Rain-kl/Wavelet/internal/infra/objectstore/config.go:157.10,158.65 1 0
github.com/Rain-kl/Wavelet/internal/infra/objectstore/config.go:160.2,160.12 1 0
github.com/Rain-kl/Wavelet/internal/infra/objectstore/config.go:163.74,164.63 1 0
github.com/Rain-kl/Wavelet/internal/infra/objectstore/config.go:164.63,166.3 1 0
github.com/Rain-kl/Wavelet/internal/infra/objectstore/config.go:167.2,167.41 1 0
github.com/Rain-kl/Wavelet/internal/infra/objectstore/config.go:167.41,169.3 1 0
github.com/Rain-kl/Wavelet/internal/infra/objectstore/config.go:170.2,170.41 1 0
github.com/Rain-kl/Wavelet/internal/infra/objectstore/config.go:170.41,172.3 1 0
github.com/Rain-kl/Wavelet/internal/infra/objectstore/config.go:173.2,173.94 1 0
github.com/Rain-kl/Wavelet/internal/infra/objectstore/config.go:173.94,175.3 1 0
github.com/Rain-kl/Wavelet/internal/infra/objectstore/config.go:176.2,176.12 1 0
github.com/Rain-kl/Wavelet/internal/infra/objectstore/config.go:180.62,182.2 1 0
github.com/Rain-kl/Wavelet/internal/infra/objectstore/config.go:184.93,185.56 1 0
github.com/Rain-kl/Wavelet/internal/infra/objectstore/config.go:185.56,187.3 1 0
github.com/Rain-kl/Wavelet/internal/infra/objectstore/config.go:188.2,188.55 1 0
github.com/Rain-kl/Wavelet/internal/infra/objectstore/config.go:188.55,191.3 2 0
github.com/Rain-kl/Wavelet/internal/infra/objectstore/config.go:192.2,192.12 1 0
github.com/Rain-kl/Wavelet/internal/infra/objectstore/config.go:195.108,197.16 2 0
github.com/Rain-kl/Wavelet/internal/infra/objectstore/config.go:197.16,199.3 1 0
github.com/Rain-kl/Wavelet/internal/infra/objectstore/config.go:200.2,209.40 2 0
github.com/Rain-kl/Wavelet/internal/infra/objectstore/config.go:209.40,211.3 1 0
github.com/Rain-kl/Wavelet/internal/infra/objectstore/config.go:212.2,212.57 1 0
github.com/Rain-kl/Wavelet/internal/infra/objectstore/config.go:216.54,217.65 1 0
github.com/Rain-kl/Wavelet/internal/infra/objectstore/config.go:217.65,218.36 1 0
github.com/Rain-kl/Wavelet/internal/infra/objectstore/config.go:218.36,220.4 1 0
github.com/Rain-kl/Wavelet/internal/infra/objectstore/config.go:221.3,221.40 1 0
github.com/Rain-kl/Wavelet/internal/infra/objectstore/config.go:221.40,223.4 1 0
github.com/Rain-kl/Wavelet/internal/infra/objectstore/config.go:225.2,229.40 5 0
github.com/Rain-kl/Wavelet/internal/infra/objectstore/config.go:229.40,231.3 1 0
github.com/Rain-kl/Wavelet/internal/infra/objectstore/config.go:232.2,232.13 1 0
github.com/Rain-kl/Wavelet/internal/infra/objectstore/config.go:236.37,237.42 1 0
github.com/Rain-kl/Wavelet/internal/infra/objectstore/config.go:237.42,238.30 1 0
github.com/Rain-kl/Wavelet/internal/infra/objectstore/config.go:238.30,240.4 1 0
github.com/Rain-kl/Wavelet/internal/infra/objectstore/config.go:241.3,241.34 1 0
github.com/Rain-kl/Wavelet/internal/infra/objectstore/config.go:241.34,243.4 1 0
github.com/Rain-kl/Wavelet/internal/infra/objectstore/config.go:245.2,249.31 5 0
github.com/Rain-kl/Wavelet/internal/infra/objectstore/config.go:249.31,251.3 1 0
github.com/Rain-kl/Wavelet/internal/infra/objectstore/config.go:252.2,252.12 1 0
github.com/Rain-kl/Wavelet/internal/infra/objectstore/http.go:16.79,18.16 2 0
github.com/Rain-kl/Wavelet/internal/infra/objectstore/http.go:18.16,20.3 1 0
github.com/Rain-kl/Wavelet/internal/infra/objectstore/http.go:21.2,22.16 2 0
github.com/Rain-kl/Wavelet/internal/infra/objectstore/http.go:22.16,24.3 1 0
github.com/Rain-kl/Wavelet/internal/infra/objectstore/http.go:25.2,28.16 4 0
github.com/Rain-kl/Wavelet/internal/infra/objectstore/http.go:28.16,30.3 1 0
github.com/Rain-kl/Wavelet/internal/infra/objectstore/http.go:31.2,31.42 1 0
github.com/Rain-kl/Wavelet/internal/infra/objectstore/http.go:31.42,34.3 2 0
github.com/Rain-kl/Wavelet/internal/infra/objectstore/http.go:35.2,36.23 2 0
github.com/Rain-kl/Wavelet/internal/infra/objectstore/http.go:36.23,38.3 1 0
github.com/Rain-kl/Wavelet/internal/infra/objectstore/http.go:39.2,43.8 1 0
github.com/Rain-kl/Wavelet/internal/infra/objectstore/local.go:20.62,22.16 2 1
github.com/Rain-kl/Wavelet/internal/infra/objectstore/local.go:22.16,24.3 1 0
github.com/Rain-kl/Wavelet/internal/infra/objectstore/local.go:25.2,25.39 1 1
github.com/Rain-kl/Wavelet/internal/infra/objectstore/local.go:28.113,30.16 2 1
github.com/Rain-kl/Wavelet/internal/infra/objectstore/local.go:30.16,32.3 1 0
github.com/Rain-kl/Wavelet/internal/infra/objectstore/local.go:33.2,33.72 1 1
github.com/Rain-kl/Wavelet/internal/infra/objectstore/local.go:33.72,35.3 1 0
github.com/Rain-kl/Wavelet/internal/infra/objectstore/local.go:36.2,41.16 2 1
github.com/Rain-kl/Wavelet/internal/infra/objectstore/local.go:41.16,43.3 1 0
github.com/Rain-kl/Wavelet/internal/infra/objectstore/local.go:44.2,44.47 1 1
github.com/Rain-kl/Wavelet/internal/infra/objectstore/local.go:44.47,48.3 3 0
github.com/Rain-kl/Wavelet/internal/infra/objectstore/local.go:49.2,49.37 1 1
github.com/Rain-kl/Wavelet/internal/infra/objectstore/local.go:49.37,52.3 2 0
github.com/Rain-kl/Wavelet/internal/infra/objectstore/local.go:53.2,53.51 1 1
github.com/Rain-kl/Wavelet/internal/infra/objectstore/local.go:56.76,58.16 2 2
github.com/Rain-kl/Wavelet/internal/infra/objectstore/local.go:58.16,60.3 1 0
github.com/Rain-kl/Wavelet/internal/infra/objectstore/local.go:61.2,62.16 2 2
github.com/Rain-kl/Wavelet/internal/infra/objectstore/local.go:62.16,64.3 1 1
github.com/Rain-kl/Wavelet/internal/infra/objectstore/local.go:65.2,66.16 2 1
github.com/Rain-kl/Wavelet/internal/infra/objectstore/local.go:66.16,69.3 2 0
github.com/Rain-kl/Wavelet/internal/infra/objectstore/local.go:70.2,71.23 2 1
github.com/Rain-kl/Wavelet/internal/infra/objectstore/local.go:71.23,73.3 1 0
github.com/Rain-kl/Wavelet/internal/infra/objectstore/local.go:74.2,74.87 1 1
github.com/Rain-kl/Wavelet/internal/infra/objectstore/local.go:77.68,79.16 2 1
github.com/Rain-kl/Wavelet/internal/infra/objectstore/local.go:79.16,81.3 1 0
github.com/Rain-kl/Wavelet/internal/infra/objectstore/local.go:82.2,83.24 2 1
github.com/Rain-kl/Wavelet/internal/infra/objectstore/local.go:83.24,85.3 1 0
github.com/Rain-kl/Wavelet/internal/infra/objectstore/local.go:86.2,86.12 1 1
github.com/Rain-kl/Wavelet/internal/infra/objectstore/local.go:89.54,91.2 1 0
github.com/Rain-kl/Wavelet/internal/infra/objectstore/local.go:93.57,94.25 1 4
github.com/Rain-kl/Wavelet/internal/infra/objectstore/local.go:94.25,97.17 3 0
github.com/Rain-kl/Wavelet/internal/infra/objectstore/local.go:97.17,99.4 1 0
github.com/Rain-kl/Wavelet/internal/infra/objectstore/local.go:100.3,101.17 2 0
github.com/Rain-kl/Wavelet/internal/infra/objectstore/local.go:101.17,103.4 1 0
github.com/Rain-kl/Wavelet/internal/infra/objectstore/local.go:104.3,105.49 2 0
github.com/Rain-kl/Wavelet/internal/infra/objectstore/local.go:105.49,107.4 1 0
github.com/Rain-kl/Wavelet/internal/infra/objectstore/local.go:108.3,108.24 1 0
github.com/Rain-kl/Wavelet/internal/infra/objectstore/local.go:110.2,111.76 2 4
github.com/Rain-kl/Wavelet/internal/infra/objectstore/local.go:111.76,113.3 1 0
github.com/Rain-kl/Wavelet/internal/infra/objectstore/local.go:114.2,116.48 3 4
github.com/Rain-kl/Wavelet/internal/infra/objectstore/local.go:116.48,118.3 1 0
github.com/Rain-kl/Wavelet/internal/infra/objectstore/local.go:119.2,119.18 1 4
github.com/Rain-kl/Wavelet/internal/infra/objectstore/oss.go:23.59,27.24 2 0
github.com/Rain-kl/Wavelet/internal/infra/objectstore/oss.go:27.24,29.3 1 0
github.com/Rain-kl/Wavelet/internal/infra/objectstore/oss.go:30.2,35.8 1 0
github.com/Rain-kl/Wavelet/internal/infra/objectstore/oss.go:38.113,45.16 3 0
github.com/Rain-kl/Wavelet/internal/infra/objectstore/oss.go:45.16,47.3 1 0
github.com/Rain-kl/Wavelet/internal/infra/objectstore/oss.go:48.2,48.51 1 0
github.com/Rain-kl/Wavelet/internal/infra/objectstore/oss.go:51.76,53.20 2 0
github.com/Rain-kl/Wavelet/internal/infra/objectstore/oss.go:53.20,55.3 1 0
github.com/Rain-kl/Wavelet/internal/infra/objectstore/oss.go:56.2,60.16 2 0
github.com/Rain-kl/Wavelet/internal/infra/objectstore/oss.go:60.16,62.3 1 0
github.com/Rain-kl/Wavelet/internal/infra/objectstore/oss.go:63.2,64.31 2 0
github.com/Rain-kl/Wavelet/internal/infra/objectstore/oss.go:64.31,66.3 1 0
github.com/Rain-kl/Wavelet/internal/infra/objectstore/oss.go:67.2,67.103 1 0
github.com/Rain-kl/Wavelet/internal/infra/objectstore/oss.go:70.68,75.16 2 0
github.com/Rain-kl/Wavelet/internal/infra/objectstore/oss.go:75.16,77.3 1 0
github.com/Rain-kl/Wavelet/internal/infra/objectstore/oss.go:78.2,78.12 1 0
github.com/Rain-kl/Wavelet/internal/infra/objectstore/oss.go:81.54,83.16 2 0
github.com/Rain-kl/Wavelet/internal/infra/objectstore/oss.go:83.16,85.3 1 0
github.com/Rain-kl/Wavelet/internal/infra/objectstore/oss.go:86.2,86.9 1 0
github.com/Rain-kl/Wavelet/internal/infra/objectstore/oss.go:86.9,88.3 1 0
github.com/Rain-kl/Wavelet/internal/infra/objectstore/oss.go:89.2,89.12 1 0
github.com/Rain-kl/Wavelet/internal/infra/objectstore/oss.go:92.45,94.66 2 0
github.com/Rain-kl/Wavelet/internal/infra/objectstore/oss.go:94.66,96.3 1 0
github.com/Rain-kl/Wavelet/internal/infra/objectstore/oss.go:97.2,97.32 1 0
github.com/Rain-kl/Wavelet/internal/infra/objectstore/s3.go:25.78,34.16 2 0
github.com/Rain-kl/Wavelet/internal/infra/objectstore/s3.go:34.16,36.3 1 0
github.com/Rain-kl/Wavelet/internal/infra/objectstore/s3.go:37.2,37.63 1 0
github.com/Rain-kl/Wavelet/internal/infra/objectstore/s3.go:37.63,38.25 1 0
github.com/Rain-kl/Wavelet/internal/infra/objectstore/s3.go:38.25,40.4 1 0
github.com/Rain-kl/Wavelet/internal/infra/objectstore/s3.go:41.3,41.39 1 0
github.com/Rain-kl/Wavelet/internal/infra/objectstore/s3.go:43.2,48.8 1 0
github.com/Rain-kl/Wavelet/internal/infra/objectstore/s3.go:51.78,52.24 1 0
github.com/Rain-kl/Wavelet/internal/infra/objectstore/s3.go:52.24,54.3 1 0
github.com/Rain-kl/Wavelet/internal/infra/objectstore/s3.go:55.2,56.31 2 0
github.com/Rain-kl/Wavelet/internal/infra/objectstore/s3.go:59.125,68.16 3 0
github.com/Rain-kl/Wavelet/internal/infra/objectstore/s3.go:68.16,70.3 1 0
github.com/Rain-kl/Wavelet/internal/infra/objectstore/s3.go:71.2,71.51 1 0
github.com/Rain-kl/Wavelet/internal/infra/objectstore/s3.go:74.75,76.20 2 0
github.com/Rain-kl/Wavelet/internal/infra/objectstore/s3.go:76.20,78.3 1 0
github.com/Rain-kl/Wavelet/internal/infra/objectstore/s3.go:79.2,83.16 2 0
github.com/Rain-kl/Wavelet/internal/infra/objectstore/s3.go:83.16,85.3 1 0
github.com/Rain-kl/Wavelet/internal/infra/objectstore/s3.go:86.2,87.31 2 0
github.com/Rain-kl/Wavelet/internal/infra/objectstore/s3.go:87.31,89.3 1 0
github.com/Rain-kl/Wavelet/internal/infra/objectstore/s3.go:90.2,91.33 2 0
github.com/Rain-kl/Wavelet/internal/infra/objectstore/s3.go:91.33,93.3 1 0
github.com/Rain-kl/Wavelet/internal/infra/objectstore/s3.go:94.2,94.87 1 0
github.com/Rain-kl/Wavelet/internal/infra/objectstore/s3.go:97.67,102.16 2 0
github.com/Rain-kl/Wavelet/internal/infra/objectstore/s3.go:102.16,104.3 1 0
github.com/Rain-kl/Wavelet/internal/infra/objectstore/s3.go:105.2,105.12 1 0
github.com/Rain-kl/Wavelet/internal/infra/objectstore/s3.go:108.53,110.16 2 0
github.com/Rain-kl/Wavelet/internal/infra/objectstore/s3.go:110.16,112.3 1 0
github.com/Rain-kl/Wavelet/internal/infra/objectstore/s3.go:113.2,113.12 1 0
github.com/Rain-kl/Wavelet/internal/infra/objectstore/s3.go:116.44,118.66 2 0
github.com/Rain-kl/Wavelet/internal/infra/objectstore/s3.go:118.66,120.3 1 0
github.com/Rain-kl/Wavelet/internal/infra/objectstore/s3.go:121.2,121.32 1 0
github.com/Rain-kl/Wavelet/internal/infra/objectstore/storage.go:53.30,53.46 1 2
github.com/Rain-kl/Wavelet/internal/infra/objectstore/storage.go:69.19,76.2 6 4
github.com/Rain-kl/Wavelet/internal/infra/objectstore/storage.go:79.52,80.21 1 1
github.com/Rain-kl/Wavelet/internal/infra/objectstore/storage.go:80.21,82.3 1 1
github.com/Rain-kl/Wavelet/internal/infra/objectstore/storage.go:86.28,87.21 1 2
github.com/Rain-kl/Wavelet/internal/infra/objectstore/storage.go:87.21,89.3 1 1
github.com/Rain-kl/Wavelet/internal/infra/objectstore/storage.go:90.2,90.17 1 1
github.com/Rain-kl/Wavelet/internal/infra/objectstore/storage.go:90.17,92.16 2 1
github.com/Rain-kl/Wavelet/internal/infra/objectstore/storage.go:92.16,94.4 1 1
github.com/Rain-kl/Wavelet/internal/infra/objectstore/storage.go:96.3,97.16 2 1
github.com/Rain-kl/Wavelet/internal/infra/objectstore/storage.go:97.16,99.4 1 1
github.com/Rain-kl/Wavelet/internal/infra/objectstore/storage.go:104.59,105.43 1 2
github.com/Rain-kl/Wavelet/internal/infra/objectstore/storage.go:105.43,107.3 1 0
github.com/Rain-kl/Wavelet/internal/infra/objectstore/storage.go:109.2,113.18 4 2
github.com/Rain-kl/Wavelet/internal/infra/objectstore/storage.go:113.18,117.3 3 2
github.com/Rain-kl/Wavelet/internal/infra/objectstore/storage.go:118.2,124.69 4 0
github.com/Rain-kl/Wavelet/internal/infra/objectstore/storage.go:124.69,126.3 1 0
github.com/Rain-kl/Wavelet/internal/infra/objectstore/storage.go:128.2,129.59 2 0
github.com/Rain-kl/Wavelet/internal/infra/objectstore/storage.go:129.59,131.3 1 0
github.com/Rain-kl/Wavelet/internal/infra/objectstore/storage.go:133.2,136.58 2 0
github.com/Rain-kl/Wavelet/internal/infra/objectstore/storage.go:136.58,138.3 1 0
github.com/Rain-kl/Wavelet/internal/infra/objectstore/storage.go:140.2,141.39 2 0
github.com/Rain-kl/Wavelet/internal/infra/objectstore/storage.go:141.39,142.64 1 0
github.com/Rain-kl/Wavelet/internal/infra/objectstore/storage.go:142.64,144.4 1 0
github.com/Rain-kl/Wavelet/internal/infra/objectstore/storage.go:147.2,148.16 2 0
github.com/Rain-kl/Wavelet/internal/infra/objectstore/storage.go:148.16,150.3 1 0
github.com/Rain-kl/Wavelet/internal/infra/objectstore/storage.go:152.2,156.41 4 0
github.com/Rain-kl/Wavelet/internal/infra/objectstore/storage.go:165.131,166.65 1 0
github.com/Rain-kl/Wavelet/internal/infra/objectstore/storage.go:166.65,168.3 1 0
github.com/Rain-kl/Wavelet/internal/infra/objectstore/storage.go:169.2,169.33 1 0
github.com/Rain-kl/Wavelet/internal/infra/objectstore/storage.go:172.81,174.2 1 0
github.com/Rain-kl/Wavelet/internal/infra/objectstore/storage.go:176.73,178.2 1 0
github.com/Rain-kl/Wavelet/internal/infra/objectstore/storage.go:180.55,182.2 1 0
github.com/Rain-kl/Wavelet/internal/infra/objectstore/storage.go:189.10,192.16 3 0
github.com/Rain-kl/Wavelet/internal/infra/objectstore/storage.go:192.16,194.3 1 0
github.com/Rain-kl/Wavelet/internal/infra/objectstore/storage.go:198.82,199.46 1 0
github.com/Rain-kl/Wavelet/internal/infra/objectstore/storage.go:199.46,201.3 1 0
github.com/Rain-kl/Wavelet/internal/infra/objectstore/storage.go:202.2,202.16 1 0
github.com/Rain-kl/Wavelet/internal/infra/objectstore/storage.go:203.19,204.36 1 0
github.com/Rain-kl/Wavelet/internal/infra/objectstore/storage.go:205.16,206.35 1 0
github.com/Rain-kl/Wavelet/internal/infra/objectstore/storage.go:207.16,208.35 1 0
github.com/Rain-kl/Wavelet/internal/infra/objectstore/storage.go:209.19,210.38 1 0
github.com/Rain-kl/Wavelet/internal/infra/objectstore/storage.go:211.17,212.32 1 0
github.com/Rain-kl/Wavelet/internal/infra/objectstore/storage.go:213.20,214.38 1 0
github.com/Rain-kl/Wavelet/internal/infra/objectstore/storage.go:215.10,216.66 1 0
github.com/Rain-kl/Wavelet/internal/infra/objectstore/webdav.go:23.81,25.2 1 0
github.com/Rain-kl/Wavelet/internal/infra/objectstore/webdav.go:34.65,41.2 1 0
github.com/Rain-kl/Wavelet/internal/infra/objectstore/webdav.go:43.73,50.2 3 0
github.com/Rain-kl/Wavelet/internal/infra/objectstore/webdav.go:52.119,55.52 3 0
github.com/Rain-kl/Wavelet/internal/infra/objectstore/webdav.go:55.52,56.62 1 0
github.com/Rain-kl/Wavelet/internal/infra/objectstore/webdav.go:56.62,58.4 1 0
github.com/Rain-kl/Wavelet/internal/infra/objectstore/webdav.go:60.2,60.87 1 0
github.com/Rain-kl/Wavelet/internal/infra/objectstore/webdav.go:60.87,62.3 1 0
github.com/Rain-kl/Wavelet/internal/infra/objectstore/webdav.go:63.2,63.33 1 0
github.com/Rain-kl/Wavelet/internal/infra/objectstore/webdav.go:66.79,70.16 4 0
github.com/Rain-kl/Wavelet/internal/infra/objectstore/webdav.go:70.16,72.3 1 0
github.com/Rain-kl/Wavelet/internal/infra/objectstore/webdav.go:73.2,74.16 2 0
github.com/Rain-kl/Wavelet/internal/infra/objectstore/webdav.go:74.16,76.3 1 0
github.com/Rain-kl/Wavelet/internal/infra/objectstore/webdav.go:77.2,78.92 2 0
github.com/Rain-kl/Wavelet/internal/infra/objectstore/webdav.go:78.92,80.3 1 0
github.com/Rain-kl/Wavelet/internal/infra/objectstore/webdav.go:81.2,81.87 1 0
github.com/Rain-kl/Wavelet/internal/infra/objectstore/webdav.go:84.71,86.50 2 0
github.com/Rain-kl/Wavelet/internal/infra/objectstore/webdav.go:86.50,88.3 1 0
github.com/Rain-kl/Wavelet/internal/infra/objectstore/webdav.go:89.2,89.12 1 0
github.com/Rain-kl/Wavelet/internal/infra/objectstore/webdav.go:92.57,94.41 2 0
github.com/Rain-kl/Wavelet/internal/infra/objectstore/webdav.go:94.41,96.3 1 0
github.com/Rain-kl/Wavelet/internal/infra/objectstore/webdav.go:97.2,97.12 1 0
github.com/Rain-kl/Wavelet/internal/infra/objectstore/webdav.go:100.48,102.2 1 0
github.com/Rain-kl/Wavelet/internal/infra/persistence/migrator/clickhouse.go:33.33,34.39 1 1
github.com/Rain-kl/Wavelet/internal/infra/persistence/migrator/clickhouse.go:34.39,36.3 1 1
github.com/Rain-kl/Wavelet/internal/infra/persistence/migrator/clickhouse.go:38.2,61.16 4 0
github.com/Rain-kl/Wavelet/internal/infra/persistence/migrator/clickhouse.go:61.16,64.3 2 0
github.com/Rain-kl/Wavelet/internal/infra/persistence/migrator/clickhouse.go:66.2,73.16 2 0
github.com/Rain-kl/Wavelet/internal/infra/persistence/migrator/clickhouse.go:73.16,76.3 2 0
github.com/Rain-kl/Wavelet/internal/infra/persistence/migrator/clickhouse.go:77.2,78.16 2 0
github.com/Rain-kl/Wavelet/internal/infra/persistence/migrator/clickhouse.go:78.16,81.3 2 0
github.com/Rain-kl/Wavelet/internal/infra/persistence/migrator/clickhouse.go:83.2,83.61 1 0
github.com/Rain-kl/Wavelet/internal/infra/persistence/migrator/clickhouse.go:83.61,86.3 2 0
github.com/Rain-kl/Wavelet/internal/infra/persistence/migrator/clickhouse.go:87.2,88.16 2 0
github.com/Rain-kl/Wavelet/internal/infra/persistence/migrator/clickhouse.go:88.16,91.3 2 0
github.com/Rain-kl/Wavelet/internal/infra/persistence/migrator/clickhouse.go:92.2,100.3 3 0
github.com/Rain-kl/Wavelet/internal/infra/persistence/migrator/clickhouse.go:103.39,104.38 1 0
github.com/Rain-kl/Wavelet/internal/infra/persistence/migrator/clickhouse.go:104.38,106.3 1 0
github.com/Rain-kl/Wavelet/internal/infra/persistence/migrator/migrator.go:25.22,26.37 1 4
github.com/Rain-kl/Wavelet/internal/infra/persistence/migrator/migrator.go:26.37,28.3 1 4
github.com/Rain-kl/Wavelet/internal/infra/persistence/migrator/migrator.go:29.2,29.21 1 0
github.com/Rain-kl/Wavelet/internal/infra/persistence/migrator/migrator.go:46.28,47.37 1 2
github.com/Rain-kl/Wavelet/internal/infra/persistence/migrator/migrator.go:47.37,49.3 1 2
github.com/Rain-kl/Wavelet/internal/infra/persistence/migrator/migrator.go:50.2,50.24 1 0
github.com/Rain-kl/Wavelet/internal/infra/persistence/migrator/migrator.go:53.28,54.37 1 2
github.com/Rain-kl/Wavelet/internal/infra/persistence/migrator/migrator.go:54.37,56.3 1 2
github.com/Rain-kl/Wavelet/internal/infra/persistence/migrator/migrator.go:57.2,57.25 1 0
github.com/Rain-kl/Wavelet/internal/infra/persistence/migrator/migrator.go:61.23,63.19 2 2
github.com/Rain-kl/Wavelet/internal/infra/persistence/migrator/migrator.go:63.19,65.3 1 0
github.com/Rain-kl/Wavelet/internal/infra/persistence/migrator/migrator.go:67.2,68.16 2 2
github.com/Rain-kl/Wavelet/internal/infra/persistence/migrator/migrator.go:68.16,70.3 1 0
github.com/Rain-kl/Wavelet/internal/infra/persistence/migrator/migrator.go:72.2,73.57 2 2
github.com/Rain-kl/Wavelet/internal/infra/persistence/migrator/migrator.go:73.57,75.3 1 0
github.com/Rain-kl/Wavelet/internal/infra/persistence/migrator/migrator.go:76.2,77.16 2 2
github.com/Rain-kl/Wavelet/internal/infra/persistence/migrator/migrator.go:77.16,79.3 1 0
github.com/Rain-kl/Wavelet/internal/infra/persistence/migrator/migrator.go:80.2,80.56 1 2
github.com/Rain-kl/Wavelet/internal/infra/persistence/migrator/migrator.go:80.56,82.3 1 0
github.com/Rain-kl/Wavelet/internal/infra/persistence/migrator/migrator.go:84.2,86.16 3 2
github.com/Rain-kl/Wavelet/internal/infra/persistence/migrator/migrator.go:86.16,88.3 1 0
github.com/Rain-kl/Wavelet/internal/infra/persistence/migrator/migrator.go:90.2,96.3 2 2
github.com/Rain-kl/Wavelet/internal/infra/persistence/migrator/migrator.go:99.31,100.89 1 2
github.com/Rain-kl/Wavelet/internal/infra/persistence/migrator/migrator.go:100.89,102.3 1 0
github.com/Rain-kl/Wavelet/internal/infra/task/handlers/register.go:17.17,43.2 14 0
github.com/Rain-kl/Wavelet/internal/infra/task/worker/middlewares.go:17.59,18.74 1 0
github.com/Rain-kl/Wavelet/internal/infra/task/worker/middlewares.go:18.74,20.3 1 0
github.com/Rain-kl/Wavelet/internal/infra/task/worker/worker.go:20.26,39.58 5 0
github.com/Rain-kl/Wavelet/internal/infra/task/worker/worker.go:39.58,41.3 1 0
github.com/Rain-kl/Wavelet/internal/infra/task/worker/worker.go:44.2,44.29 1 0
github.com/Rain-kl/Wavelet/internal/infra/task/worker/worker.go:48.49,63.58 5 0
github.com/Rain-kl/Wavelet/internal/infra/task/worker/worker.go:63.58,65.3 1 0
github.com/Rain-kl/Wavelet/internal/infra/task/worker/worker.go:67.2,67.47 1 0
github.com/Rain-kl/Wavelet/internal/infra/task/worker/worker.go:67.47,69.3 1 0
github.com/Rain-kl/Wavelet/internal/infra/task/worker/worker.go:70.2,70.25 1 0
github.com/Rain-kl/Wavelet/internal/infra/task/worker/worker.go:74.45,78.42 2 0
github.com/Rain-kl/Wavelet/internal/infra/task/worker/worker.go:78.42,79.49 1 0
github.com/Rain-kl/Wavelet/internal/infra/task/worker/worker.go:79.49,80.38 1 0
github.com/Rain-kl/Wavelet/internal/infra/task/worker/worker.go:80.38,82.5 1 0
github.com/Rain-kl/Wavelet/internal/infra/task/worker/worker.go:87.2,87.22 1 0
github.com/Rain-kl/Wavelet/internal/infra/task/worker/worker.go:87.22,91.3 1 0
github.com/Rain-kl/Wavelet/internal/infra/task/worker/worker.go:93.2,93.15 1 0
github.com/Rain-kl/Wavelet/internal/model/access_token.go:34.39,36.2 1 0
github.com/Rain-kl/Wavelet/internal/model/access_token.go:39.44,41.44 2 0
github.com/Rain-kl/Wavelet/internal/model/access_token.go:41.44,43.3 1 0
github.com/Rain-kl/Wavelet/internal/model/access_token.go:44.2,44.61 1 0
github.com/Rain-kl/Wavelet/internal/model/access_token.go:48.37,52.2 3 0
github.com/Rain-kl/Wavelet/internal/model/access_token.go:55.43,56.33 1 0
github.com/Rain-kl/Wavelet/internal/model/access_token.go:56.33,58.3 1 0
github.com/Rain-kl/Wavelet/internal/model/access_token.go:59.2,59.64 1 0
github.com/Rain-kl/Wavelet/internal/model/auth_source.go:38.38,40.2 1 0
github.com/Rain-kl/Wavelet/internal/model/auth_source.go:55.43,57.2 1 0
github.com/Rain-kl/Wavelet/internal/model/auth_source.go:72.39,81.30 9 0
github.com/Rain-kl/Wavelet/internal/model/auth_source.go:81.30,83.3 1 0
github.com/Rain-kl/Wavelet/internal/model/auth_source.go:84.2,84.62 1 0
github.com/Rain-kl/Wavelet/internal/model/auth_source.go:84.62,86.3 1 0
github.com/Rain-kl/Wavelet/internal/model/auth_source.go:90.44,92.23 2 0
github.com/Rain-kl/Wavelet/internal/model/auth_source.go:92.23,94.3 1 0
github.com/Rain-kl/Wavelet/internal/model/auth_source.go:95.2,95.53 1 0
github.com/Rain-kl/Wavelet/internal/model/auth_source.go:95.53,97.3 1 0
github.com/Rain-kl/Wavelet/internal/model/auth_source.go:98.2,98.39 1 0
github.com/Rain-kl/Wavelet/internal/model/auth_source.go:98.39,100.3 1 0
github.com/Rain-kl/Wavelet/internal/model/auth_source.go:101.2,101.37 1 0
github.com/Rain-kl/Wavelet/internal/model/auth_source.go:101.37,103.3 1 0
github.com/Rain-kl/Wavelet/internal/model/auth_source.go:104.2,104.77 1 0
github.com/Rain-kl/Wavelet/internal/model/auth_source.go:104.77,106.3 1 0
github.com/Rain-kl/Wavelet/internal/model/auth_source.go:107.2,107.12 1 0
github.com/Rain-kl/Wavelet/internal/model/auth_source.go:111.38,114.2 2 0
github.com/Rain-kl/Wavelet/internal/model/message_gateway.go:32.42,32.73 1 0
github.com/Rain-kl/Wavelet/internal/model/message_gateway.go:44.42,44.73 1 0
github.com/Rain-kl/Wavelet/internal/model/message_gateway.go:56.46,56.82 1 0
github.com/Rain-kl/Wavelet/internal/model/push_channel.go:38.39,40.2 1 0
github.com/Rain-kl/Wavelet/internal/model/push_channel.go:45.41,51.19 5 0
github.com/Rain-kl/Wavelet/internal/model/push_channel.go:51.19,53.3 1 0
github.com/Rain-kl/Wavelet/internal/model/push_channel.go:55.2,55.45 1 0
github.com/Rain-kl/Wavelet/internal/model/push_channel.go:55.45,57.3 1 0
github.com/Rain-kl/Wavelet/internal/model/push_channel.go:59.2,59.19 1 0
github.com/Rain-kl/Wavelet/internal/model/push_channel.go:59.19,61.3 1 0
github.com/Rain-kl/Wavelet/internal/model/push_channel.go:62.2,62.37 1 0
github.com/Rain-kl/Wavelet/internal/model/push_channel.go:62.37,64.3 1 0
github.com/Rain-kl/Wavelet/internal/model/push_channel.go:65.2,65.42 1 0
github.com/Rain-kl/Wavelet/internal/model/push_channel.go:65.42,67.3 1 0
github.com/Rain-kl/Wavelet/internal/model/push_channel.go:69.2,69.68 1 0
github.com/Rain-kl/Wavelet/internal/model/push_channel.go:69.68,71.3 1 0
github.com/Rain-kl/Wavelet/internal/model/push_channel.go:73.2,73.17 1 0
github.com/Rain-kl/Wavelet/internal/model/push_channel.go:74.18,75.21 1 0
github.com/Rain-kl/Wavelet/internal/model/push_channel.go:75.21,77.4 1 0
github.com/Rain-kl/Wavelet/internal/model/push_channel.go:78.3,78.32 1 0
github.com/Rain-kl/Wavelet/internal/model/push_channel.go:79.17,79.17 0 0
github.com/Rain-kl/Wavelet/internal/model/push_channel.go:81.20,82.21 1 0
github.com/Rain-kl/Wavelet/internal/model/push_channel.go:82.21,84.4 1 0
github.com/Rain-kl/Wavelet/internal/model/push_channel.go:86.2,86.12 1 0
github.com/Rain-kl/Wavelet/internal/model/push_channel.go:89.35,91.61 2 0
github.com/Rain-kl/Wavelet/internal/model/push_channel.go:91.61,93.3 1 0
github.com/Rain-kl/Wavelet/internal/model/push_channel.go:94.2,95.60 2 0
github.com/Rain-kl/Wavelet/internal/model/push_channel.go:95.60,97.3 1 0
github.com/Rain-kl/Wavelet/internal/model/push_channel.go:98.2,98.65 1 0
github.com/Rain-kl/Wavelet/internal/model/push_event.go:27.37,29.2 1 0
github.com/Rain-kl/Wavelet/internal/model/push_event.go:32.39,37.23 4 0
github.com/Rain-kl/Wavelet/internal/model/push_event.go:37.23,39.3 1 0
github.com/Rain-kl/Wavelet/internal/model/push_event.go:40.2,40.19 1 0
github.com/Rain-kl/Wavelet/internal/model/push_event.go:40.19,42.3 1 0
github.com/Rain-kl/Wavelet/internal/model/push_event.go:43.2,43.23 1 0
github.com/Rain-kl/Wavelet/internal/model/push_event.go:43.23,45.3 1 0
github.com/Rain-kl/Wavelet/internal/model/push_event.go:46.2,46.41 1 0
github.com/Rain-kl/Wavelet/internal/model/push_event.go:46.41,48.3 1 0
github.com/Rain-kl/Wavelet/internal/model/push_event.go:49.2,49.12 1 0
github.com/Rain-kl/Wavelet/internal/model/push_history.go:25.39,27.2 1 0
github.com/Rain-kl/Wavelet/internal/model/schedule.go:23.36,25.2 1 0
github.com/Rain-kl/Wavelet/internal/model/system_configs.go:66.40,68.2 1 0
github.com/Rain-kl/Wavelet/internal/model/task_execution.go:51.41,53.2 1 0
github.com/Rain-kl/Wavelet/internal/model/templates.go:29.36,31.2 1 0
github.com/Rain-kl/Wavelet/internal/model/templates.go:34.32,41.18 7 0
github.com/Rain-kl/Wavelet/internal/model/templates.go:41.18,43.3 1 0
github.com/Rain-kl/Wavelet/internal/model/templates.go:47.37,49.17 2 0
github.com/Rain-kl/Wavelet/internal/model/templates.go:49.17,51.3 1 0
github.com/Rain-kl/Wavelet/internal/model/templates.go:52.2,52.18 1 0
github.com/Rain-kl/Wavelet/internal/model/templates.go:52.18,54.3 1 0
github.com/Rain-kl/Wavelet/internal/model/templates.go:55.2,55.21 1 0
github.com/Rain-kl/Wavelet/internal/model/templates.go:55.21,57.3 1 0
github.com/Rain-kl/Wavelet/internal/model/templates.go:58.2,58.12 1 0
github.com/Rain-kl/Wavelet/internal/model/templates.go:62.61,65.21 2 0
github.com/Rain-kl/Wavelet/internal/model/templates.go:65.21,67.17 2 0
github.com/Rain-kl/Wavelet/internal/model/templates.go:67.17,69.4 1 0
github.com/Rain-kl/Wavelet/internal/model/templates.go:70.3,71.60 2 0
github.com/Rain-kl/Wavelet/internal/model/templates.go:71.60,73.4 1 0
github.com/Rain-kl/Wavelet/internal/model/templates.go:74.3,74.28 1 0
github.com/Rain-kl/Wavelet/internal/model/templates.go:78.2,79.16 2 0
github.com/Rain-kl/Wavelet/internal/model/templates.go:79.16,81.3 1 0
github.com/Rain-kl/Wavelet/internal/model/templates.go:82.2,83.60 2 0
github.com/Rain-kl/Wavelet/internal/model/templates.go:83.60,85.3 1 0
github.com/Rain-kl/Wavelet/internal/model/templates.go:87.2,87.39 1 0
github.com/Rain-kl/Wavelet/internal/model/upload_stats.go:26.38,28.2 1 0
github.com/Rain-kl/Wavelet/internal/model/uploads.go:52.34,54.2 1 0
github.com/Rain-kl/Wavelet/internal/model/users.go:30.40,31.15 1 0
github.com/Rain-kl/Wavelet/internal/model/users.go:31.15,33.3 1 0
github.com/Rain-kl/Wavelet/internal/model/users.go:35.2,35.17 1 0
github.com/Rain-kl/Wavelet/internal/model/users.go:35.17,36.62 1 0
github.com/Rain-kl/Wavelet/internal/model/users.go:36.62,38.4 1 0
github.com/Rain-kl/Wavelet/internal/model/users.go:40.2,40.10 1 0
github.com/Rain-kl/Wavelet/internal/model/users.go:64.32,66.2 1 0
github.com/Rain-kl/Wavelet/internal/model/users.go:69.51,72.2 2 0
github.com/Rain-kl/Wavelet/internal/model/users.go:75.60,76.20 1 0
github.com/Rain-kl/Wavelet/internal/model/users.go:76.20,79.3 2 0
github.com/Rain-kl/Wavelet/internal/model/users.go:80.2,81.16 2 0
github.com/Rain-kl/Wavelet/internal/model/users.go:81.16,83.3 1 0
github.com/Rain-kl/Wavelet/internal/model/users.go:84.2,85.12 2 0
github.com/Rain-kl/Wavelet/internal/model/users.go:89.43,91.2 1 0
github.com/Rain-kl/Wavelet/internal/model/users.go:94.52,95.40 1 0
github.com/Rain-kl/Wavelet/internal/model/users.go:95.40,97.3 1 0
github.com/Rain-kl/Wavelet/internal/model/users.go:98.2,98.29 1 0
github.com/Rain-kl/Wavelet/internal/model/users.go:98.29,100.3 1 0
github.com/Rain-kl/Wavelet/internal/model/users.go:101.2,101.31 1 0
github.com/Rain-kl/Wavelet/internal/model/users.go:105.62,112.2 6 0
github.com/Rain-kl/Wavelet/internal/model/users.go:115.36,116.17 1 0
github.com/Rain-kl/Wavelet/internal/model/users.go:116.17,118.3 1 0
github.com/Rain-kl/Wavelet/internal/model/users.go:119.2,119.12 1 0
github.com/Rain-kl/Wavelet/internal/model/analytics/user_access_log.go:32.41,34.2 1 0
github.com/Rain-kl/Wavelet/internal/model/analytics/user_access_log.go:37.45,39.2 1 0
github.com/Rain-kl/Wavelet/internal/model/analytics/user_access_log.go:42.46,44.2 1 0
github.com/Rain-kl/Wavelet/internal/platform/lifecycle/lifecycle.go:29.47,33.2 3 0
github.com/Rain-kl/Wavelet/internal/platform/lifecycle/lifecycle.go:36.32,43.31 6 0
github.com/Rain-kl/Wavelet/internal/platform/lifecycle/lifecycle.go:43.31,46.18 3 0
github.com/Rain-kl/Wavelet/internal/platform/lifecycle/lifecycle.go:46.18,49.34 3 0
github.com/Rain-kl/Wavelet/internal/platform/lifecycle/lifecycle.go:49.34,51.5 1 0
github.com/Rain-kl/Wavelet/internal/platform/lifecycle/lifecycle.go:51.10,53.5 1 0
github.com/Rain-kl/Wavelet/internal/platform/lifecycle/lifecycle.go:57.2,58.17 2 0
github.com/Rain-kl/Wavelet/internal/platform/lifecycle/lifecycle.go:58.17,61.3 2 0
github.com/Rain-kl/Wavelet/internal/platform/lifecycle/lifecycle.go:63.2,63.9 1 0
github.com/Rain-kl/Wavelet/internal/platform/lifecycle/lifecycle.go:64.14,65.61 1 0
github.com/Rain-kl/Wavelet/internal/platform/lifecycle/lifecycle.go:66.20,67.64 1 0
github.com/Rain-kl/Wavelet/internal/listener/admin_login.go:28.52,30.2 1 0
github.com/Rain-kl/Wavelet/internal/listener/admin_login.go:33.74,34.34 1 0
github.com/Rain-kl/Wavelet/internal/listener/admin_login.go:34.34,36.3 1 0
github.com/Rain-kl/Wavelet/internal/listener/admin_login.go:38.2,39.48 2 0
github.com/Rain-kl/Wavelet/internal/listener/admin_login.go:39.48,41.3 1 0
github.com/Rain-kl/Wavelet/internal/listener/message_gateway.go:26.68,28.2 1 1
github.com/Rain-kl/Wavelet/internal/listener/message_gateway.go:31.89,32.30 1 2
github.com/Rain-kl/Wavelet/internal/listener/message_gateway.go:32.30,34.3 1 1
github.com/Rain-kl/Wavelet/internal/listener/message_gateway.go:35.2,36.56 2 1
github.com/Rain-kl/Wavelet/internal/listener/message_gateway.go:36.56,38.3 1 1
github.com/Rain-kl/Wavelet/internal/infra/task/scheduler/scheduler.go:30.37,32.2 1 0
github.com/Rain-kl/Wavelet/internal/infra/task/scheduler/scheduler.go:35.29,39.26 3 0
github.com/Rain-kl/Wavelet/internal/infra/task/scheduler/scheduler.go:39.26,44.42 3 0
github.com/Rain-kl/Wavelet/internal/infra/task/scheduler/scheduler.go:44.42,47.4 2 0
github.com/Rain-kl/Wavelet/internal/infra/task/scheduler/scheduler.go:49.3,52.42 3 0
github.com/Rain-kl/Wavelet/internal/infra/task/scheduler/scheduler.go:52.42,54.4 1 0
github.com/Rain-kl/Wavelet/internal/infra/task/scheduler/scheduler.go:56.2,56.12 1 0
github.com/Rain-kl/Wavelet/internal/infra/task/scheduler/scheduler.go:60.22,64.28 3 0
github.com/Rain-kl/Wavelet/internal/infra/task/scheduler/scheduler.go:64.28,67.3 2 0
github.com/Rain-kl/Wavelet/internal/infra/task/scheduler/scheduler.go:69.2,69.21 1 0
github.com/Rain-kl/Wavelet/internal/infra/task/scheduler/scheduler.go:69.21,72.3 2 0
github.com/Rain-kl/Wavelet/internal/infra/task/scheduler/scheduler.go:76.30,81.28 3 0
github.com/Rain-kl/Wavelet/internal/infra/task/scheduler/scheduler.go:81.28,84.3 2 0
github.com/Rain-kl/Wavelet/internal/infra/task/scheduler/scheduler.go:87.2,88.16 2 0
github.com/Rain-kl/Wavelet/internal/infra/task/scheduler/scheduler.go:88.16,90.3 1 0
github.com/Rain-kl/Wavelet/internal/infra/task/scheduler/scheduler.go:92.2,93.16 2 0
github.com/Rain-kl/Wavelet/internal/infra/task/scheduler/scheduler.go:93.16,95.3 1 0
github.com/Rain-kl/Wavelet/internal/infra/task/scheduler/scheduler.go:98.2,106.30 2 0
github.com/Rain-kl/Wavelet/internal/infra/task/scheduler/scheduler.go:106.30,108.18 2 0
github.com/Rain-kl/Wavelet/internal/infra/task/scheduler/scheduler.go:108.18,109.12 1 0
github.com/Rain-kl/Wavelet/internal/infra/task/scheduler/scheduler.go:113.3,120.17 2 0
github.com/Rain-kl/Wavelet/internal/infra/task/scheduler/scheduler.go:120.17,123.12 2 0
github.com/Rain-kl/Wavelet/internal/infra/task/scheduler/scheduler.go:128.2,128.45 1 0
github.com/Rain-kl/Wavelet/internal/infra/task/scheduler/scheduler.go:128.45,130.3 1 0
github.com/Rain-kl/Wavelet/internal/infra/task/scheduler/scheduler.go:131.2,134.12 3 0
github.com/Rain-kl/Wavelet/internal/infra/task/scheduler/scheduler.go:137.70,138.9 1 2
github.com/Rain-kl/Wavelet/internal/infra/task/scheduler/scheduler.go:139.14,140.15 1 1
github.com/Rain-kl/Wavelet/internal/infra/task/scheduler/scheduler.go:141.17,142.14 1 1
github.com/Rain-kl/Wavelet/internal/platform/bootstrap/bootstrap.go:56.58,60.2 3 1
github.com/Rain-kl/Wavelet/internal/platform/bootstrap/bootstrap.go:62.52,66.12 4 1
github.com/Rain-kl/Wavelet/internal/platform/bootstrap/bootstrap.go:66.12,69.3 2 1
github.com/Rain-kl/Wavelet/internal/platform/bootstrap/bootstrap.go:70.2,70.13 1 1
github.com/Rain-kl/Wavelet/internal/platform/bootstrap/bootstrap.go:74.50,78.47 3 1
github.com/Rain-kl/Wavelet/internal/platform/bootstrap/bootstrap.go:78.47,83.17 5 1
github.com/Rain-kl/Wavelet/internal/platform/bootstrap/bootstrap.go:83.17,85.4 1 0
github.com/Rain-kl/Wavelet/internal/platform/bootstrap/bootstrap.go:87.2,87.12 1 1
github.com/Rain-kl/Wavelet/internal/platform/bootstrap/bootstrap.go:91.22,92.30 1 0
github.com/Rain-kl/Wavelet/internal/platform/bootstrap/bootstrap.go:92.30,94.3 1 0
github.com/Rain-kl/Wavelet/internal/platform/bootstrap/bootstrap.go:98.33,99.41 1 1
github.com/Rain-kl/Wavelet/internal/platform/bootstrap/bootstrap.go:99.41,101.3 1 1
github.com/Rain-kl/Wavelet/internal/platform/bootstrap/bootstrap.go:105.40,106.48 1 0
github.com/Rain-kl/Wavelet/internal/platform/bootstrap/bootstrap.go:106.48,107.100 1 0
github.com/Rain-kl/Wavelet/internal/platform/bootstrap/bootstrap.go:107.100,109.38 2 0
github.com/Rain-kl/Wavelet/internal/platform/bootstrap/bootstrap.go:109.38,111.5 1 0
github.com/Rain-kl/Wavelet/internal/platform/bootstrap/bootstrap.go:112.4,118.5 1 0
github.com/Rain-kl/Wavelet/internal/platform/bootstrap/bootstrap.go:124.30,125.38 1 0
github.com/Rain-kl/Wavelet/internal/platform/bootstrap/bootstrap.go:125.38,127.3 1 0
github.com/Rain-kl/Wavelet/internal/platform/bootstrap/bootstrap.go:131.20,135.2 3 0
github.com/Rain-kl/Wavelet/internal/platform/bootstrap/bootstrap.go:138.23,142.2 3 0
github.com/Rain-kl/Wavelet/internal/platform/bootstrap/bootstrap.go:145.26,147.2 1 0
github.com/Rain-kl/Wavelet/internal/platform/bootstrap/bootstrap.go:150.20,155.2 4 0
github.com/Rain-kl/Wavelet/internal/platform/bootstrap/bootstrap.go:159.46,160.28 1 2
github.com/Rain-kl/Wavelet/internal/platform/bootstrap/bootstrap.go:160.28,161.57 1 1
github.com/Rain-kl/Wavelet/internal/platform/bootstrap/bootstrap.go:161.57,164.4 2 0
github.com/Rain-kl/Wavelet/internal/platform/bootstrap/bootstrap.go:166.3,166.82 1 1
github.com/Rain-kl/Wavelet/internal/platform/bootstrap/bootstrap.go:166.82,168.18 2 1
github.com/Rain-kl/Wavelet/internal/platform/bootstrap/bootstrap.go:168.18,170.5 1 0
github.com/Rain-kl/Wavelet/internal/platform/bootstrap/bootstrap.go:171.4,171.25 1 1
github.com/Rain-kl/Wavelet/internal/platform/bootstrap/bootstrap.go:173.3,181.47 3 1
github.com/Rain-kl/Wavelet/internal/platform/bootstrap/bootstrap.go:181.47,183.4 1 0
github.com/Rain-kl/Wavelet/internal/platform/bootstrap/bootstrap.go:185.3,185.52 1 1
github.com/Rain-kl/Wavelet/internal/platform/bootstrap/bootstrap.go:185.52,187.4 1 0
github.com/Rain-kl/Wavelet/internal/platform/bootstrap/bootstrap.go:188.3,188.15 1 1
github.com/Rain-kl/Wavelet/internal/platform/bootstrap/bootstrap.go:188.15,190.4 1 1
github.com/Rain-kl/Wavelet/internal/platform/bootstrap/bootstrap.go:194.60,196.59 2 1
github.com/Rain-kl/Wavelet/internal/platform/bootstrap/bootstrap.go:196.59,198.3 1 0
github.com/Rain-kl/Wavelet/internal/platform/bootstrap/bootstrap.go:199.2,200.19 2 1
github.com/Rain-kl/Wavelet/internal/platform/bootstrap/bootstrap.go:200.19,202.37 2 0
github.com/Rain-kl/Wavelet/internal/platform/bootstrap/bootstrap.go:202.37,204.4 1 0
github.com/Rain-kl/Wavelet/internal/platform/bootstrap/bootstrap.go:205.3,205.39 1 0
github.com/Rain-kl/Wavelet/internal/platform/bootstrap/bootstrap.go:205.39,207.4 1 0
github.com/Rain-kl/Wavelet/internal/platform/bootstrap/bootstrap.go:208.3,208.103 1 0
github.com/Rain-kl/Wavelet/internal/platform/bootstrap/bootstrap.go:208.103,210.4 1 0
github.com/Rain-kl/Wavelet/internal/platform/bootstrap/bootstrap.go:211.3,211.13 1 0
github.com/Rain-kl/Wavelet/internal/platform/bootstrap/bootstrap.go:213.2,213.17 1 1
github.com/Rain-kl/Wavelet/internal/platform/bootstrap/bootstrap.go:214.20,215.40 1 0
github.com/Rain-kl/Wavelet/internal/platform/bootstrap/bootstrap.go:215.40,217.4 1 0
github.com/Rain-kl/Wavelet/internal/platform/bootstrap/bootstrap.go:218.18,219.38 1 0
github.com/Rain-kl/Wavelet/internal/platform/bootstrap/bootstrap.go:219.38,221.4 1 0
github.com/Rain-kl/Wavelet/internal/platform/bootstrap/bootstrap.go:222.16,223.37 1 1
github.com/Rain-kl/Wavelet/internal/platform/bootstrap/bootstrap.go:223.37,225.4 1 0
github.com/Rain-kl/Wavelet/internal/platform/bootstrap/bootstrap.go:226.10,227.64 1 0
github.com/Rain-kl/Wavelet/internal/platform/bootstrap/bootstrap.go:229.2,229.12 1 1
github.com/Rain-kl/Wavelet/internal/platform/bootstrap/bootstrap.go:233.32,235.2 1 0
github.com/Rain-kl/Wavelet/internal/platform/bootstrap/bootstrap.go:238.36,240.2 1 2
github.com/Rain-kl/Wavelet/internal/infra/task/executor.go:37.48,39.2 1 0
github.com/Rain-kl/Wavelet/internal/infra/task/executor.go:43.65,45.2 1 26
github.com/Rain-kl/Wavelet/internal/infra/task/executor.go:48.59,51.2 2 4
github.com/Rain-kl/Wavelet/internal/infra/task/executor.go:56.88,58.9 2 0
github.com/Rain-kl/Wavelet/internal/infra/task/executor.go:58.9,60.3 1 0
github.com/Rain-kl/Wavelet/internal/infra/task/executor.go:61.2,61.53 1 0
github.com/Rain-kl/Wavelet/internal/infra/task/executor.go:61.53,63.3 1 0
github.com/Rain-kl/Wavelet/internal/infra/task/executor.go:64.2,64.21 1 0
github.com/Rain-kl/Wavelet/internal/infra/task/executor.go:81.69,83.2 1 5
github.com/Rain-kl/Wavelet/internal/infra/task/executor.go:86.44,87.48 1 9
github.com/Rain-kl/Wavelet/internal/infra/task/executor.go:87.48,89.3 1 7
github.com/Rain-kl/Wavelet/internal/infra/task/executor.go:90.2,90.11 1 2
github.com/Rain-kl/Wavelet/internal/infra/task/executor.go:94.47,97.36 3 0
github.com/Rain-kl/Wavelet/internal/infra/task/executor.go:97.36,99.3 1 0
github.com/Rain-kl/Wavelet/internal/infra/task/executor.go:100.2,100.31 1 0
github.com/Rain-kl/Wavelet/internal/infra/task/executor.go:105.73,107.18 2 7
github.com/Rain-kl/Wavelet/internal/infra/task/executor.go:107.18,111.3 2 1
github.com/Rain-kl/Wavelet/internal/infra/task/executor.go:113.2,114.80 2 6
github.com/Rain-kl/Wavelet/internal/infra/task/executor.go:114.80,116.3 1 0
github.com/Rain-kl/Wavelet/internal/infra/task/executor.go:120.109,122.17 2 0
github.com/Rain-kl/Wavelet/internal/infra/task/executor.go:122.17,124.3 1 0
github.com/Rain-kl/Wavelet/internal/infra/task/executor.go:127.2,142.71 3 0
github.com/Rain-kl/Wavelet/internal/infra/task/executor.go:142.71,144.3 1 0
github.com/Rain-kl/Wavelet/internal/infra/task/executor.go:147.2,153.16 2 0
github.com/Rain-kl/Wavelet/internal/infra/task/executor.go:153.16,162.3 7 0
github.com/Rain-kl/Wavelet/internal/infra/task/executor.go:164.2,164.203 1 0
github.com/Rain-kl/Wavelet/internal/infra/task/executor.go:164.203,166.3 1 0
github.com/Rain-kl/Wavelet/internal/infra/task/executor.go:168.2,168.20 1 0
github.com/Rain-kl/Wavelet/internal/infra/task/executor.go:172.64,174.16 2 4
github.com/Rain-kl/Wavelet/internal/infra/task/executor.go:174.16,176.3 1 1
github.com/Rain-kl/Wavelet/internal/infra/task/executor.go:178.2,178.57 1 3
github.com/Rain-kl/Wavelet/internal/infra/task/executor.go:178.57,180.3 1 1
github.com/Rain-kl/Wavelet/internal/infra/task/executor.go:182.2,182.26 1 2
github.com/Rain-kl/Wavelet/internal/infra/task/executor.go:182.26,184.3 1 1
github.com/Rain-kl/Wavelet/internal/infra/task/executor.go:187.2,202.74 3 1
github.com/Rain-kl/Wavelet/internal/infra/task/executor.go:202.74,204.3 1 0
github.com/Rain-kl/Wavelet/internal/infra/task/executor.go:206.2,208.17 3 1
github.com/Rain-kl/Wavelet/internal/infra/task/executor.go:208.17,210.3 1 0
github.com/Rain-kl/Wavelet/internal/infra/task/executor.go:213.2,219.16 2 1
github.com/Rain-kl/Wavelet/internal/infra/task/executor.go:219.16,227.3 7 0
github.com/Rain-kl/Wavelet/internal/infra/task/executor.go:229.2,229.252 1 1
github.com/Rain-kl/Wavelet/internal/infra/task/executor.go:229.252,231.3 1 0
github.com/Rain-kl/Wavelet/internal/infra/task/executor.go:233.2,233.23 1 1
github.com/Rain-kl/Wavelet/internal/infra/task/executor.go:238.60,261.9 9 0
github.com/Rain-kl/Wavelet/internal/infra/task/executor.go:261.9,266.3 4 0
github.com/Rain-kl/Wavelet/internal/infra/task/executor.go:269.2,271.16 3 0
github.com/Rain-kl/Wavelet/internal/infra/task/executor.go:271.16,273.3 1 0
github.com/Rain-kl/Wavelet/internal/infra/task/executor.go:275.2,275.22 1 0
github.com/Rain-kl/Wavelet/internal/infra/task/executor.go:275.22,278.3 1 0
github.com/Rain-kl/Wavelet/internal/infra/task/executor.go:278.8,280.3 1 0
github.com/Rain-kl/Wavelet/internal/infra/task/executor.go:283.2,294.40 6 0
github.com/Rain-kl/Wavelet/internal/infra/task/executor.go:294.40,297.3 2 0
github.com/Rain-kl/Wavelet/internal/infra/task/executor.go:299.2,299.16 1 0
github.com/Rain-kl/Wavelet/internal/infra/task/executor.go:302.73,305.23 3 3
github.com/Rain-kl/Wavelet/internal/infra/task/executor.go:305.23,307.3 1 2
github.com/Rain-kl/Wavelet/internal/infra/task/executor.go:309.2,316.16 3 1
github.com/Rain-kl/Wavelet/internal/infra/task/executor.go:316.16,319.3 2 0
github.com/Rain-kl/Wavelet/internal/infra/task/executor.go:320.2,320.13 1 1
github.com/Rain-kl/Wavelet/internal/infra/task/executor.go:323.99,325.59 2 2
github.com/Rain-kl/Wavelet/internal/infra/task/executor.go:325.59,327.3 1 0
github.com/Rain-kl/Wavelet/internal/infra/task/executor.go:328.2,328.80 1 2
github.com/Rain-kl/Wavelet/internal/infra/task/executor.go:328.80,330.3 1 1
github.com/Rain-kl/Wavelet/internal/infra/task/executor.go:331.2,331.37 1 1
github.com/Rain-kl/Wavelet/internal/infra/task/executor.go:331.37,333.3 1 0
github.com/Rain-kl/Wavelet/internal/infra/task/executor.go:335.2,336.45 2 1
github.com/Rain-kl/Wavelet/internal/infra/task/executor.go:339.97,340.22 1 0
github.com/Rain-kl/Wavelet/internal/infra/task/executor.go:340.22,342.3 1 0
github.com/Rain-kl/Wavelet/internal/infra/task/executor.go:343.2,344.102 2 0
github.com/Rain-kl/Wavelet/internal/infra/task/executor.go:344.102,347.3 2 0
github.com/Rain-kl/Wavelet/internal/infra/task/executor.go:348.2,348.58 1 0
github.com/Rain-kl/Wavelet/internal/infra/task/executor.go:348.58,352.3 3 0
github.com/Rain-kl/Wavelet/internal/infra/task/executor.go:353.2,353.11 1 0
github.com/Rain-kl/Wavelet/internal/infra/task/executor.go:353.11,354.84 1 0
github.com/Rain-kl/Wavelet/internal/infra/task/executor.go:354.84,356.4 1 0
github.com/Rain-kl/Wavelet/internal/infra/task/executor.go:361.143,363.16 2 0
github.com/Rain-kl/Wavelet/internal/infra/task/executor.go:363.16,365.3 1 0
github.com/Rain-kl/Wavelet/internal/infra/task/executor.go:367.2,368.17 2 0
github.com/Rain-kl/Wavelet/internal/infra/task/executor.go:368.17,370.3 1 0
github.com/Rain-kl/Wavelet/internal/infra/task/executor.go:372.2,385.83 2 0
github.com/Rain-kl/Wavelet/internal/infra/task/executor.go:385.83,388.3 2 0
github.com/Rain-kl/Wavelet/internal/infra/task/executor.go:390.2,390.23 1 0
github.com/Rain-kl/Wavelet/internal/infra/task/executor.go:394.194,395.22 1 1
github.com/Rain-kl/Wavelet/internal/infra/task/executor.go:395.22,397.3 1 0
github.com/Rain-kl/Wavelet/internal/infra/task/executor.go:399.2,402.20 3 1
github.com/Rain-kl/Wavelet/internal/infra/task/executor.go:402.20,404.3 1 0
github.com/Rain-kl/Wavelet/internal/infra/task/executor.go:404.8,406.3 1 1
github.com/Rain-kl/Wavelet/internal/infra/task/executor.go:408.2,408.71 1 1
github.com/Rain-kl/Wavelet/internal/infra/task/executor.go:408.71,410.3 1 0
github.com/Rain-kl/Wavelet/internal/infra/task/executor.go:411.2,411.47 1 1
github.com/Rain-kl/Wavelet/internal/infra/task/executor.go:411.47,412.81 1 1
github.com/Rain-kl/Wavelet/internal/infra/task/executor.go:412.81,414.4 1 0
github.com/Rain-kl/Wavelet/internal/infra/task/executor.go:417.2,417.54 1 1
github.com/Rain-kl/Wavelet/internal/infra/task/executor.go:420.114,421.37 1 1
github.com/Rain-kl/Wavelet/internal/infra/task/executor.go:421.37,423.3 1 1
github.com/Rain-kl/Wavelet/internal/infra/task/executor.go:425.2,426.48 2 0
github.com/Rain-kl/Wavelet/internal/infra/task/executor.go:426.48,428.3 1 0
github.com/Rain-kl/Wavelet/internal/infra/task/executor.go:431.75,432.43 1 1
github.com/Rain-kl/Wavelet/internal/infra/task/executor.go:432.43,434.3 1 1
github.com/Rain-kl/Wavelet/internal/infra/task/executor.go:436.2,438.36 3 0
github.com/Rain-kl/Wavelet/internal/infra/task/executor.go:438.36,440.3 1 0
github.com/Rain-kl/Wavelet/internal/infra/task/executor.go:441.2,441.31 1 0
github.com/Rain-kl/Wavelet/internal/infra/task/executor.go:444.55,446.2 1 3
github.com/Rain-kl/Wavelet/internal/infra/task/executor.go:448.147,456.2 6 0
github.com/Rain-kl/Wavelet/internal/infra/task/executor.go:458.139,461.19 3 1
github.com/Rain-kl/Wavelet/internal/infra/task/executor.go:461.19,463.26 2 1
github.com/Rain-kl/Wavelet/internal/infra/task/executor.go:463.26,465.4 1 0
github.com/Rain-kl/Wavelet/internal/infra/task/executor.go:467.2,470.19 3 1
github.com/Rain-kl/Wavelet/internal/infra/task/executor.go:470.19,472.3 1 1
github.com/Rain-kl/Wavelet/internal/infra/task/executor.go:473.2,473.118 1 1
github.com/Rain-kl/Wavelet/internal/infra/task/executor.go:477.65,479.2 1 2
github.com/Rain-kl/Wavelet/internal/infra/task/executor.go:482.72,484.2 1 2
github.com/Rain-kl/Wavelet/internal/infra/task/meta.go:43.38,46.38 3 14
github.com/Rain-kl/Wavelet/internal/infra/task/meta.go:46.38,47.26 1 49
github.com/Rain-kl/Wavelet/internal/infra/task/meta.go:47.26,49.4 1 7
github.com/Rain-kl/Wavelet/internal/infra/task/meta.go:51.2,51.53 1 7
github.com/Rain-kl/Wavelet/internal/infra/task/meta.go:55.40,62.2 5 1
github.com/Rain-kl/Wavelet/internal/infra/task/meta.go:65.45,68.38 3 1
github.com/Rain-kl/Wavelet/internal/infra/task/meta.go:68.38,69.25 1 0
github.com/Rain-kl/Wavelet/internal/infra/task/meta.go:69.25,72.4 2 0
github.com/Rain-kl/Wavelet/internal/infra/task/meta.go:74.2,74.12 1 1
github.com/Rain-kl/Wavelet/internal/infra/task/meta.go:78.57,81.38 3 0
github.com/Rain-kl/Wavelet/internal/infra/task/meta.go:81.38,82.31 1 0
github.com/Rain-kl/Wavelet/internal/infra/task/meta.go:82.31,85.4 2 0
github.com/Rain-kl/Wavelet/internal/infra/task/meta.go:87.2,87.12 1 0
github.com/Rain-kl/Wavelet/internal/infra/task/meta.go:91.41,93.33 2 0
github.com/Rain-kl/Wavelet/internal/infra/task/meta.go:93.33,95.3 1 0
github.com/Rain-kl/Wavelet/internal/infra/task/meta.go:96.2,96.13 1 0
github.com/Rain-kl/Wavelet/internal/infra/task/permanent_error.go:21.43,23.19 2 3
github.com/Rain-kl/Wavelet/internal/infra/task/permanent_error.go:23.19,25.3 1 1
github.com/Rain-kl/Wavelet/internal/infra/task/permanent_error.go:26.2,26.46 1 3
github.com/Rain-kl/Wavelet/internal/infra/task/permanent_error.go:29.45,31.2 1 3
github.com/Rain-kl/Wavelet/internal/infra/task/permanent_error.go:33.45,35.2 1 3
github.com/Rain-kl/Wavelet/internal/infra/task/utils.go:18.61,20.2 1 3
github.com/Rain-kl/Wavelet/internal/infra/task/utils.go:26.62,28.2 1 2
github.com/Rain-kl/Wavelet/internal/infra/task/utils.go:35.63,41.2 3 2
github.com/Rain-kl/Wavelet/internal/infra/task/utils.go:43.72,45.13 2 7
github.com/Rain-kl/Wavelet/internal/infra/task/utils.go:45.13,47.3 1 3
github.com/Rain-kl/Wavelet/internal/infra/task/utils.go:48.2,48.47 1 7
github.com/Rain-kl/Wavelet/internal/infra/task/utils.go:57.13,60.2 2 1
github.com/Rain-kl/Wavelet/internal/infra/task/utils.go:63.43,67.21 3 7
github.com/Rain-kl/Wavelet/internal/infra/task/utils.go:67.21,76.3 1 2
github.com/Rain-kl/Wavelet/internal/infra/task/utils.go:78.2,78.26 1 5
github.com/Rain-kl/Wavelet/internal/infra/task/utils.go:78.26,89.3 1 2
github.com/Rain-kl/Wavelet/internal/infra/task/utils.go:91.2,92.20 2 3
github.com/Rain-kl/Wavelet/internal/infra/task/utils.go:92.20,94.3 1 3
github.com/Rain-kl/Wavelet/internal/infra/task/utils.go:95.2,104.3 1 3
github.com/Rain-kl/Wavelet/internal/infra/task/utils.go:108.41,110.18 2 0
github.com/Rain-kl/Wavelet/internal/infra/task/utils.go:110.18,112.3 1 0
github.com/Rain-kl/Wavelet/internal/infra/task/utils.go:113.2,113.23 1 0
github.com/Rain-kl/Wavelet/internal/router/root/custom.go:14.47,16.2 0 0
github.com/Rain-kl/Wavelet/internal/router/root/default.go:18.47,26.39 3 0
github.com/Rain-kl/Wavelet/internal/router/root/default.go:26.39,28.3 1 0
github.com/Rain-kl/Wavelet/internal/router/root/default.go:31.2,31.61 1 0
github.com/Rain-kl/Wavelet/internal/router/root/root.go:12.45,14.2 0 0
github.com/Rain-kl/Wavelet/internal/router/root/root.go:17.40,26.2 3 0
github.com/Rain-kl/Wavelet/internal/router/v1/admin.go:26.56,29.2 3 0
github.com/Rain-kl/Wavelet/internal/router/v1/admin.go:29.2,48.3 7 0
github.com/Rain-kl/Wavelet/internal/router/v1/admin.go:52.66,63.2 6 0
github.com/Rain-kl/Wavelet/internal/router/v1/admin.go:63.2,68.3 4 0
github.com/Rain-kl/Wavelet/internal/router/v1/admin.go:71.2,72.2 2 0
github.com/Rain-kl/Wavelet/internal/router/v1/admin.go:72.2,76.3 3 0
github.com/Rain-kl/Wavelet/internal/router/v1/admin.go:79.2,80.2 2 0
github.com/Rain-kl/Wavelet/internal/router/v1/admin.go:80.2,83.3 2 0
github.com/Rain-kl/Wavelet/internal/router/v1/admin.go:86.2,87.2 2 0
github.com/Rain-kl/Wavelet/internal/router/v1/admin.go:87.2,92.3 4 0
github.com/Rain-kl/Wavelet/internal/router/v1/admin.go:96.59,99.2 2 0
github.com/Rain-kl/Wavelet/internal/router/v1/admin.go:99.2,106.3 6 0
github.com/Rain-kl/Wavelet/internal/router/v1/admin.go:109.2,110.2 2 0
github.com/Rain-kl/Wavelet/internal/router/v1/admin.go:110.2,116.3 5 0
github.com/Rain-kl/Wavelet/internal/router/v1/admin.go:120.62,123.2 2 0
github.com/Rain-kl/Wavelet/internal/router/v1/admin.go:123.2,129.3 5 0
github.com/Rain-kl/Wavelet/internal/router/v1/admin.go:129.3,132.4 2 0
github.com/Rain-kl/Wavelet/internal/router/v1/admin.go:136.2,137.2 2 0
github.com/Rain-kl/Wavelet/internal/router/v1/admin.go:137.2,142.3 4 0
github.com/Rain-kl/Wavelet/internal/router/v1/admin.go:142.3,146.4 3 0
github.com/Rain-kl/Wavelet/internal/router/v1/admin.go:151.63,153.2 2 0
github.com/Rain-kl/Wavelet/internal/router/v1/admin.go:153.2,160.3 6 0
github.com/Rain-kl/Wavelet/internal/router/v1/admin.go:164.60,166.2 2 0
github.com/Rain-kl/Wavelet/internal/router/v1/admin.go:166.2,173.3 4 0
github.com/Rain-kl/Wavelet/internal/router/v1/admin.go:173.3,177.4 3 0
github.com/Rain-kl/Wavelet/internal/router/v1/admin.go:180.3,181.3 2 0
github.com/Rain-kl/Wavelet/internal/router/v1/admin.go:181.3,186.4 4 0
github.com/Rain-kl/Wavelet/internal/router/v1/admin.go:191.60,193.2 2 0
github.com/Rain-kl/Wavelet/internal/router/v1/admin.go:193.2,196.3 2 0
github.com/Rain-kl/Wavelet/internal/router/v1/admin.go:196.3,203.4 6 0
github.com/Rain-kl/Wavelet/internal/router/v1/admin.go:206.3,211.3 4 0
github.com/Rain-kl/Wavelet/internal/router/v1/admin.go:211.3,218.4 6 0
github.com/Rain-kl/Wavelet/internal/router/v1/custom.go:15.57,17.2 2 0
github.com/Rain-kl/Wavelet/internal/router/v1/custom.go:17.2,19.3 1 0
github.com/Rain-kl/Wavelet/internal/router/v1/message_gateway.go:12.69,14.2 1 0
github.com/Rain-kl/Wavelet/internal/router/v1/message_gateway_admin.go:11.70,13.2 1 0
github.com/Rain-kl/Wavelet/internal/router/v1/user.go:17.82,32.2 5 0
github.com/Rain-kl/Wavelet/internal/router/v1/user.go:34.55,36.2 2 0
github.com/Rain-kl/Wavelet/internal/router/v1/user.go:36.2,39.3 2 0
github.com/Rain-kl/Wavelet/internal/router/v1/user.go:42.57,44.2 2 0
github.com/Rain-kl/Wavelet/internal/router/v1/user.go:44.2,46.3 1 0
github.com/Rain-kl/Wavelet/internal/router/v1/user.go:49.56,59.2 9 0
github.com/Rain-kl/Wavelet/internal/router/v1/user.go:61.55,63.2 2 0
github.com/Rain-kl/Wavelet/internal/router/v1/user.go:63.2,75.3 10 0
github.com/Rain-kl/Wavelet/internal/router/v1/user.go:75.3,80.4 4 0
github.com/Rain-kl/Wavelet/internal/router/v1/user.go:84.57,87.2 3 0
github.com/Rain-kl/Wavelet/internal/router/v1/user.go:87.2,94.3 6 0
github.com/Rain-kl/Wavelet/internal/router/v1/v1.go:12.80,25.2 4 0
github.com/Rain-kl/Wavelet/internal/testhelper/cleanup.go:7.33,9.2 1 0
github.com/Rain-kl/Wavelet/internal/testhelper/cleanup.go:13.25,14.35 1 0
github.com/Rain-kl/Wavelet/internal/testhelper/cleanup.go:14.35,16.3 1 0
github.com/Rain-kl/Wavelet/internal/testhelper/gin.go:12.67,16.41 4 0
github.com/Rain-kl/Wavelet/internal/testhelper/gin.go:16.41,18.3 1 0
github.com/Rain-kl/Wavelet/internal/testhelper/gin.go:19.2,19.10 1 0
github.com/Rain-kl/Wavelet/internal/testhelper/test_helper.go:31.82,36.16 2 0
github.com/Rain-kl/Wavelet/internal/testhelper/test_helper.go:36.16,38.3 1 0
github.com/Rain-kl/Wavelet/internal/testhelper/test_helper.go:41.2,41.45 1 0
github.com/Rain-kl/Wavelet/internal/testhelper/test_helper.go:41.45,43.3 1 0
github.com/Rain-kl/Wavelet/internal/testhelper/test_helper.go:46.2,61.16 2 0
github.com/Rain-kl/Wavelet/internal/testhelper/test_helper.go:61.16,63.3 1 0
github.com/Rain-kl/Wavelet/internal/testhelper/test_helper.go:66.2,70.16 3 0
github.com/Rain-kl/Wavelet/internal/testhelper/test_helper.go:70.16,72.3 1 0
github.com/Rain-kl/Wavelet/internal/testhelper/test_helper.go:75.2,87.20 4 0
github.com/Rain-kl/Wavelet/internal/testhelper/test_helper.go:87.20,97.3 8 0
github.com/Rain-kl/Wavelet/internal/testhelper/test_helper.go:99.2,99.30 1 0
github.com/Rain-kl/Wavelet/internal/testhelper/test_helper.go:102.49,189.2 1 0
github.com/Rain-kl/Wavelet/internal/testhelper/test_helper.go:191.49,320.2 1 0
github.com/Rain-kl/Wavelet/internal/testhelper/test_helper.go:322.52,325.57 2 0
github.com/Rain-kl/Wavelet/internal/testhelper/test_helper.go:325.57,327.3 1 0
github.com/Rain-kl/Wavelet/internal/testhelper/test_helper.go:329.2,346.30 3 0
github.com/Rain-kl/Wavelet/internal/testhelper/test_helper.go:346.30,348.3 1 0
github.com/Rain-kl/Wavelet/internal/testhelper/test_helper.go:349.2,351.73 1 0
github.com/Rain-kl/Wavelet/internal/testhelper/test_helper.go:351.73,353.3 1 0
github.com/Rain-kl/Wavelet/internal/testhelper/test_helper.go:357.2,357.40 1 0
github.com/Rain-kl/Wavelet/internal/testhelper/test_helper.go:357.40,358.42 1 0
github.com/Rain-kl/Wavelet/internal/testhelper/test_helper.go:358.42,360.4 1 0
github.com/Rain-kl/Wavelet/internal/testhelper/test_helper.go:361.3,361.98 1 0
github.com/Rain-kl/Wavelet/internal/util/custom_types.go:18.54,20.9 2 0
github.com/Rain-kl/Wavelet/internal/util/custom_types.go:20.9,22.3 1 0
github.com/Rain-kl/Wavelet/internal/util/custom_types.go:23.2,23.39 1 0
github.com/Rain-kl/Wavelet/internal/util/custom_types.go:27.53,29.2 1 0
github.com/Rain-kl/Wavelet/internal/util/http_clients.go:19.38,21.16 2 0
github.com/Rain-kl/Wavelet/internal/util/http_clients.go:21.16,23.3 1 0
github.com/Rain-kl/Wavelet/internal/util/http_clients.go:24.2,25.80 2 0
github.com/Rain-kl/Wavelet/internal/util/http_clients.go:43.36,45.2 1 0
github.com/Rain-kl/Wavelet/internal/util/http_clients.go:48.131,50.16 2 0
github.com/Rain-kl/Wavelet/internal/util/http_clients.go:50.16,52.3 1 0
github.com/Rain-kl/Wavelet/internal/util/http_clients.go:54.2,54.34 1 0
github.com/Rain-kl/Wavelet/internal/util/http_clients.go:54.34,56.3 1 0
github.com/Rain-kl/Wavelet/internal/util/http_clients.go:58.2,58.34 1 0
github.com/Rain-kl/Wavelet/internal/util/http_clients.go:58.34,60.3 1 0
github.com/Rain-kl/Wavelet/internal/util/http_clients.go:62.2,63.16 2 0
github.com/Rain-kl/Wavelet/internal/util/http_clients.go:63.16,65.3 1 0
github.com/Rain-kl/Wavelet/internal/util/http_clients.go:67.2,67.18 1 0
github.com/Rain-kl/Wavelet/internal/repository/analytics/access_log.go:20.83,22.15 2 2
github.com/Rain-kl/Wavelet/internal/repository/analytics/access_log.go:22.15,24.3 1 0
github.com/Rain-kl/Wavelet/internal/repository/analytics/access_log.go:26.2,28.50 3 2
github.com/Rain-kl/Wavelet/internal/repository/analytics/access_log.go:28.50,30.3 1 0
github.com/Rain-kl/Wavelet/internal/repository/analytics/access_log.go:31.2,31.36 1 2
github.com/Rain-kl/Wavelet/internal/repository/analytics/access_log.go:35.134,37.15 2 2
github.com/Rain-kl/Wavelet/internal/repository/analytics/access_log.go:37.15,39.3 1 0
github.com/Rain-kl/Wavelet/internal/repository/analytics/access_log.go:41.2,41.55 1 2
github.com/Rain-kl/Wavelet/internal/repository/analytics/access_log.go:41.55,43.3 1 1
github.com/Rain-kl/Wavelet/internal/repository/analytics/access_log.go:45.2,47.54 3 1
github.com/Rain-kl/Wavelet/internal/repository/analytics/access_log.go:47.54,49.3 1 0
github.com/Rain-kl/Wavelet/internal/repository/analytics/access_log.go:50.2,50.16 1 1
github.com/Rain-kl/Wavelet/internal/repository/analytics/access_log.go:50.16,52.3 1 0
github.com/Rain-kl/Wavelet/internal/repository/analytics/access_log.go:54.2,54.14 1 1
github.com/Rain-kl/Wavelet/internal/repository/analytics/access_log.go:54.14,56.3 1 0
github.com/Rain-kl/Wavelet/internal/repository/analytics/access_log.go:57.2,57.18 1 1
github.com/Rain-kl/Wavelet/internal/repository/analytics/access_log.go:57.18,59.3 1 0
github.com/Rain-kl/Wavelet/internal/repository/analytics/access_log.go:60.2,68.16 4 1
github.com/Rain-kl/Wavelet/internal/repository/analytics/access_log.go:68.16,70.3 1 0
github.com/Rain-kl/Wavelet/internal/repository/analytics/access_log.go:72.2,72.42 1 1
github.com/Rain-kl/Wavelet/internal/repository/analytics/access_log.go:76.66,77.22 1 0
github.com/Rain-kl/Wavelet/internal/repository/analytics/access_log.go:77.22,79.3 1 0
github.com/Rain-kl/Wavelet/internal/repository/analytics/access_log.go:80.2,80.106 1 0
github.com/Rain-kl/Wavelet/internal/repository/analytics/access_log.go:80.106,82.3 1 0
github.com/Rain-kl/Wavelet/internal/repository/analytics/access_log.go:83.2,83.15 1 0
github.com/Rain-kl/Wavelet/internal/repository/analytics/access_log.go:87.87,88.22 1 0
github.com/Rain-kl/Wavelet/internal/repository/analytics/access_log.go:88.22,90.3 1 0
github.com/Rain-kl/Wavelet/internal/repository/analytics/access_log.go:91.2,91.142 1 0
github.com/Rain-kl/Wavelet/internal/repository/analytics/access_log.go:91.142,93.3 1 0
github.com/Rain-kl/Wavelet/internal/repository/analytics/access_log.go:94.2,94.15 1 0
github.com/Rain-kl/Wavelet/internal/repository/analytics/access_log.go:97.42,98.15 1 3
github.com/Rain-kl/Wavelet/internal/repository/analytics/access_log.go:98.15,100.3 1 0
github.com/Rain-kl/Wavelet/internal/repository/analytics/access_log.go:101.2,101.22 1 3
github.com/Rain-kl/Wavelet/internal/repository/analytics/access_log.go:104.67,105.27 1 4
github.com/Rain-kl/Wavelet/internal/repository/analytics/access_log.go:105.27,106.31 1 4
github.com/Rain-kl/Wavelet/internal/repository/analytics/access_log.go:106.31,108.4 1 1
github.com/Rain-kl/Wavelet/internal/repository/analytics/access_log.go:109.3,109.54 1 3
github.com/Rain-kl/Wavelet/internal/repository/analytics/access_log.go:111.2,111.23 1 3
github.com/Rain-kl/Wavelet/internal/repository/analytics/access_log.go:111.23,113.3 1 3
github.com/Rain-kl/Wavelet/internal/repository/analytics/access_log.go:114.2,114.29 1 3
github.com/Rain-kl/Wavelet/internal/repository/analytics/access_log.go:114.29,116.3 1 3
github.com/Rain-kl/Wavelet/internal/repository/analytics/access_log.go:117.2,117.27 1 3
github.com/Rain-kl/Wavelet/internal/repository/analytics/access_log.go:117.27,119.3 1 0
github.com/Rain-kl/Wavelet/internal/repository/analytics/access_log.go:120.2,120.14 1 3
github.com/Rain-kl/Wavelet/internal/repository/analytics/access_log_stats.go:37.73,38.14 1 0
github.com/Rain-kl/Wavelet/internal/repository/analytics/access_log_stats.go:38.14,40.3 1 0
github.com/Rain-kl/Wavelet/internal/repository/analytics/access_log_stats.go:42.2,43.15 2 0
github.com/Rain-kl/Wavelet/internal/repository/analytics/access_log_stats.go:43.15,45.3 1 0
github.com/Rain-kl/Wavelet/internal/repository/analytics/access_log_stats.go:47.2,64.67 6 0
github.com/Rain-kl/Wavelet/internal/repository/analytics/access_log_stats.go:64.67,66.3 1 0
github.com/Rain-kl/Wavelet/internal/repository/analytics/access_log_stats.go:68.2,69.28 2 0
github.com/Rain-kl/Wavelet/internal/repository/analytics/access_log_stats.go:69.28,72.3 2 0
github.com/Rain-kl/Wavelet/internal/repository/analytics/access_log_stats.go:73.2,73.27 1 0
github.com/Rain-kl/Wavelet/internal/repository/analytics/access_log_stats.go:73.27,76.3 2 0
github.com/Rain-kl/Wavelet/internal/repository/analytics/access_log_stats.go:78.2,79.33 2 0
github.com/Rain-kl/Wavelet/internal/repository/analytics/access_log_stats.go:79.33,85.3 2 0
github.com/Rain-kl/Wavelet/internal/repository/analytics/access_log_stats.go:86.2,86.20 1 0
github.com/Rain-kl/Wavelet/internal/repository/analytics/access_log_stats.go:90.95,92.15 2 0
github.com/Rain-kl/Wavelet/internal/repository/analytics/access_log_stats.go:92.15,94.3 1 0
github.com/Rain-kl/Wavelet/internal/repository/analytics/access_log_stats.go:96.2,110.67 5 0
github.com/Rain-kl/Wavelet/internal/repository/analytics/access_log_stats.go:110.67,112.3 1 0
github.com/Rain-kl/Wavelet/internal/repository/analytics/access_log_stats.go:114.2,115.27 2 0
github.com/Rain-kl/Wavelet/internal/repository/analytics/access_log_stats.go:115.27,118.3 2 0
github.com/Rain-kl/Wavelet/internal/repository/analytics/access_log_stats.go:120.2,121.44 2 0
github.com/Rain-kl/Wavelet/internal/repository/analytics/access_log_stats.go:121.44,126.3 1 0
github.com/Rain-kl/Wavelet/internal/repository/analytics/access_log_stats.go:127.2,127.41 1 0
github.com/Rain-kl/Wavelet/internal/repository/analytics/access_log_stats.go:127.41,129.3 1 0
github.com/Rain-kl/Wavelet/internal/repository/analytics/access_log_stats.go:130.2,130.20 1 0
github.com/Rain-kl/Wavelet/internal/repository/analytics/access_log_stats.go:134.96,135.15 1 0
github.com/Rain-kl/Wavelet/internal/repository/analytics/access_log_stats.go:135.15,137.3 1 0
github.com/Rain-kl/Wavelet/internal/repository/analytics/access_log_stats.go:139.2,140.15 2 0
github.com/Rain-kl/Wavelet/internal/repository/analytics/access_log_stats.go:140.15,142.3 1 0
github.com/Rain-kl/Wavelet/internal/repository/analytics/access_log_stats.go:144.2,155.75 4 0
github.com/Rain-kl/Wavelet/internal/repository/analytics/access_log_stats.go:155.75,157.3 1 0
github.com/Rain-kl/Wavelet/internal/repository/analytics/access_log_stats.go:158.2,158.19 1 0
github.com/Rain-kl/Wavelet/internal/repository/analytics/access_log_writer.go:15.82,16.20 1 2
github.com/Rain-kl/Wavelet/internal/repository/analytics/access_log_writer.go:16.20,18.3 1 1
github.com/Rain-kl/Wavelet/internal/repository/analytics/access_log_writer.go:19.2,19.22 1 1
github.com/Rain-kl/Wavelet/internal/repository/analytics/access_log_writer.go:19.22,21.3 1 0
github.com/Rain-kl/Wavelet/internal/repository/analytics/access_log_writer.go:23.2,24.16 2 1
github.com/Rain-kl/Wavelet/internal/repository/analytics/access_log_writer.go:24.16,26.3 1 0
github.com/Rain-kl/Wavelet/internal/repository/analytics/access_log_writer.go:28.2,28.31 1 1
github.com/Rain-kl/Wavelet/internal/repository/analytics/access_log_writer.go:28.31,40.17 1 1
github.com/Rain-kl/Wavelet/internal/repository/analytics/access_log_writer.go:40.17,42.4 1 0
github.com/Rain-kl/Wavelet/internal/repository/analytics/access_log_writer.go:45.2,45.37 1 1
github.com/Rain-kl/Wavelet/internal/repository/analytics/access_log_writer.go:45.37,47.3 1 0
github.com/Rain-kl/Wavelet/internal/repository/analytics/access_log_writer.go:48.2,48.12 1 1
github.com/Rain-kl/Wavelet/internal/repository/analytics/browser.go:9.41,11.49 2 7
github.com/Rain-kl/Wavelet/internal/repository/analytics/browser.go:11.49,13.3 1 1
github.com/Rain-kl/Wavelet/internal/repository/analytics/browser.go:14.2,14.42 1 6
github.com/Rain-kl/Wavelet/internal/repository/analytics/browser.go:14.42,16.3 1 1
github.com/Rain-kl/Wavelet/internal/repository/analytics/browser.go:17.2,17.76 1 5
github.com/Rain-kl/Wavelet/internal/repository/analytics/browser.go:17.76,19.3 1 1
github.com/Rain-kl/Wavelet/internal/repository/analytics/browser.go:20.2,20.42 1 4
github.com/Rain-kl/Wavelet/internal/repository/analytics/browser.go:20.42,22.3 1 1
github.com/Rain-kl/Wavelet/internal/repository/analytics/browser.go:23.2,23.41 1 3
github.com/Rain-kl/Wavelet/internal/repository/analytics/browser.go:23.41,25.3 1 1
github.com/Rain-kl/Wavelet/internal/repository/analytics/browser.go:26.2,26.41 1 2
github.com/Rain-kl/Wavelet/internal/repository/analytics/browser.go:26.41,28.3 1 1
github.com/Rain-kl/Wavelet/internal/repository/analytics/browser.go:29.2,29.16 1 1
github.com/Rain-kl/Wavelet/internal/cmd/all.go:18.42,20.35 2 0
github.com/Rain-kl/Wavelet/internal/cmd/all.go:20.35,22.4 1 0
github.com/Rain-kl/Wavelet/internal/cmd/api.go:17.42,19.35 2 0
github.com/Rain-kl/Wavelet/internal/cmd/api.go:19.35,21.4 1 0
github.com/Rain-kl/Wavelet/internal/cmd/app.go:35.52,50.85 3 4
github.com/Rain-kl/Wavelet/internal/cmd/app.go:50.85,53.3 2 0
github.com/Rain-kl/Wavelet/internal/cmd/app.go:56.2,62.12 2 4
github.com/Rain-kl/Wavelet/internal/cmd/app.go:72.68,74.2 1 4
github.com/Rain-kl/Wavelet/internal/cmd/app.go:76.43,78.2 1 4
github.com/Rain-kl/Wavelet/internal/cmd/app.go:80.60,82.2 1 0
github.com/Rain-kl/Wavelet/internal/cmd/app.go:84.52,86.2 1 0
github.com/Rain-kl/Wavelet/internal/cmd/app.go:89.62,93.15 3 0
github.com/Rain-kl/Wavelet/internal/cmd/app.go:93.15,95.3 1 0
github.com/Rain-kl/Wavelet/internal/cmd/app.go:97.2,101.16 4 0
github.com/Rain-kl/Wavelet/internal/cmd/app.go:101.16,103.3 1 0
github.com/Rain-kl/Wavelet/internal/cmd/app.go:105.2,112.16 3 0
github.com/Rain-kl/Wavelet/internal/cmd/app.go:112.16,114.3 1 0
github.com/Rain-kl/Wavelet/internal/cmd/app.go:116.2,117.34 2 0
github.com/Rain-kl/Wavelet/internal/cmd/app.go:117.34,119.3 1 0
github.com/Rain-kl/Wavelet/internal/cmd/app.go:120.2,130.17 4 0
github.com/Rain-kl/Wavelet/internal/cmd/app.go:130.17,132.101 2 0
github.com/Rain-kl/Wavelet/internal/cmd/app.go:132.101,134.4 1 0
github.com/Rain-kl/Wavelet/internal/cmd/app.go:137.2,137.12 1 0
github.com/Rain-kl/Wavelet/internal/cmd/app.go:140.61,144.16 3 0
github.com/Rain-kl/Wavelet/internal/cmd/app.go:144.16,146.3 1 0
github.com/Rain-kl/Wavelet/internal/cmd/app.go:147.2,150.21 3 0
github.com/Rain-kl/Wavelet/internal/cmd/app.go:150.21,153.3 2 0
github.com/Rain-kl/Wavelet/internal/cmd/app.go:154.2,156.12 3 0
github.com/Rain-kl/Wavelet/internal/cmd/app.go:166.72,168.2 1 4
github.com/Rain-kl/Wavelet/internal/cmd/app.go:170.45,172.2 1 4
github.com/Rain-kl/Wavelet/internal/cmd/app.go:174.62,176.2 1 0
github.com/Rain-kl/Wavelet/internal/cmd/app.go:178.54,180.2 1 0
github.com/Rain-kl/Wavelet/internal/cmd/app.go:183.62,187.15 3 0
github.com/Rain-kl/Wavelet/internal/cmd/app.go:187.15,189.3 1 0
github.com/Rain-kl/Wavelet/internal/cmd/app.go:191.2,191.34 1 0
github.com/Rain-kl/Wavelet/internal/cmd/app.go:191.34,193.3 1 0
github.com/Rain-kl/Wavelet/internal/cmd/app.go:193.8,195.3 1 0
github.com/Rain-kl/Wavelet/internal/cmd/app.go:196.2,198.37 2 0
github.com/Rain-kl/Wavelet/internal/cmd/app.go:198.37,204.3 1 0
github.com/Rain-kl/Wavelet/internal/cmd/app.go:206.2,206.17 1 0
github.com/Rain-kl/Wavelet/internal/cmd/app.go:206.17,207.62 1 0
github.com/Rain-kl/Wavelet/internal/cmd/app.go:207.62,209.4 1 0
github.com/Rain-kl/Wavelet/internal/cmd/app.go:212.2,214.16 3 0
github.com/Rain-kl/Wavelet/internal/cmd/app.go:214.16,216.3 1 0
github.com/Rain-kl/Wavelet/internal/cmd/app.go:218.2,220.12 3 0
github.com/Rain-kl/Wavelet/internal/cmd/app.go:223.61,227.16 3 0
github.com/Rain-kl/Wavelet/internal/cmd/app.go:227.16,229.3 1 0
github.com/Rain-kl/Wavelet/internal/cmd/app.go:230.2,232.21 2 0
github.com/Rain-kl/Wavelet/internal/cmd/app.go:232.21,236.3 3 0
github.com/Rain-kl/Wavelet/internal/cmd/app.go:237.2,238.12 2 0
github.com/Rain-kl/Wavelet/internal/cmd/app.go:247.78,249.2 1 4
github.com/Rain-kl/Wavelet/internal/cmd/app.go:251.48,253.2 1 4
github.com/Rain-kl/Wavelet/internal/cmd/app.go:255.65,257.2 1 0
github.com/Rain-kl/Wavelet/internal/cmd/app.go:259.57,261.2 1 0
github.com/Rain-kl/Wavelet/internal/cmd/app.go:264.65,268.15 3 0
github.com/Rain-kl/Wavelet/internal/cmd/app.go:268.15,270.3 1 0
github.com/Rain-kl/Wavelet/internal/cmd/app.go:272.2,272.34 1 0
github.com/Rain-kl/Wavelet/internal/cmd/app.go:272.34,274.3 1 0
github.com/Rain-kl/Wavelet/internal/cmd/app.go:274.8,276.3 1 0
github.com/Rain-kl/Wavelet/internal/cmd/app.go:277.2,279.39 2 0
github.com/Rain-kl/Wavelet/internal/cmd/app.go:279.39,285.3 1 0
github.com/Rain-kl/Wavelet/internal/cmd/app.go:287.2,288.52 2 0
github.com/Rain-kl/Wavelet/internal/cmd/app.go:288.52,290.3 1 0
github.com/Rain-kl/Wavelet/internal/cmd/app.go:292.2,293.12 2 0
github.com/Rain-kl/Wavelet/internal/cmd/app.go:296.64,300.16 3 0
github.com/Rain-kl/Wavelet/internal/cmd/app.go:300.16,302.3 1 0
github.com/Rain-kl/Wavelet/internal/cmd/app.go:303.2,307.12 4 0
github.com/Rain-kl/Wavelet/internal/cmd/banner.go:24.45,26.2 1 0
github.com/Rain-kl/Wavelet/internal/cmd/banner.go:28.53,44.26 2 1
github.com/Rain-kl/Wavelet/internal/cmd/banner.go:44.26,46.3 1 1
github.com/Rain-kl/Wavelet/internal/cmd/banner.go:47.2,48.34 2 1
github.com/Rain-kl/Wavelet/internal/cmd/banner.go:51.25,52.31 1 1
github.com/Rain-kl/Wavelet/internal/cmd/banner.go:52.31,54.3 1 0
github.com/Rain-kl/Wavelet/internal/cmd/banner.go:55.2,55.28 1 1
github.com/Rain-kl/Wavelet/internal/cmd/banner.go:58.53,59.21 1 2
github.com/Rain-kl/Wavelet/internal/cmd/banner.go:59.21,61.3 1 1
github.com/Rain-kl/Wavelet/internal/cmd/banner.go:62.2,63.20 2 1
github.com/Rain-kl/Wavelet/internal/cmd/banner.go:63.20,65.3 1 1
github.com/Rain-kl/Wavelet/internal/cmd/banner.go:66.2,66.82 1 1
github.com/Rain-kl/Wavelet/internal/cmd/bootstrap.go:13.43,17.2 3 3
github.com/Rain-kl/Wavelet/internal/cmd/reset_passwd.go:36.57,38.44 2 2
github.com/Rain-kl/Wavelet/internal/cmd/reset_passwd.go:38.44,40.3 1 0
github.com/Rain-kl/Wavelet/internal/cmd/reset_passwd.go:41.2,41.26 1 2
github.com/Rain-kl/Wavelet/internal/cmd/reset_passwd.go:41.26,43.3 1 32
github.com/Rain-kl/Wavelet/internal/cmd/reset_passwd.go:44.2,44.27 1 2
github.com/Rain-kl/Wavelet/internal/cmd/reset_passwd.go:50.45,52.3 1 0
github.com/Rain-kl/Wavelet/internal/cmd/reset_passwd.go:53.42,58.25 4 3
github.com/Rain-kl/Wavelet/internal/cmd/reset_passwd.go:58.25,60.4 1 2
github.com/Rain-kl/Wavelet/internal/cmd/reset_passwd.go:60.9,64.18 4 1
github.com/Rain-kl/Wavelet/internal/cmd/reset_passwd.go:64.18,66.5 1 0
github.com/Rain-kl/Wavelet/internal/cmd/reset_passwd.go:67.4,68.22 2 1
github.com/Rain-kl/Wavelet/internal/cmd/reset_passwd.go:68.22,70.5 1 0
github.com/Rain-kl/Wavelet/internal/cmd/reset_passwd.go:73.3,74.17 2 3
github.com/Rain-kl/Wavelet/internal/cmd/reset_passwd.go:74.17,75.46 1 0
github.com/Rain-kl/Wavelet/internal/cmd/reset_passwd.go:75.46,77.5 1 0
github.com/Rain-kl/Wavelet/internal/cmd/reset_passwd.go:78.4,78.47 1 0
github.com/Rain-kl/Wavelet/internal/cmd/reset_passwd.go:81.3,82.25 2 3
github.com/Rain-kl/Wavelet/internal/cmd/reset_passwd.go:82.25,84.4 1 1
github.com/Rain-kl/Wavelet/internal/cmd/reset_passwd.go:84.9,86.18 2 2
github.com/Rain-kl/Wavelet/internal/cmd/reset_passwd.go:86.18,88.5 1 0
github.com/Rain-kl/Wavelet/internal/cmd/reset_passwd.go:91.3,91.61 1 3
github.com/Rain-kl/Wavelet/internal/cmd/reset_passwd.go:91.61,93.4 1 0
github.com/Rain-kl/Wavelet/internal/cmd/reset_passwd.go:95.3,95.56 1 3
github.com/Rain-kl/Wavelet/internal/cmd/reset_passwd.go:95.56,96.82 1 3
github.com/Rain-kl/Wavelet/internal/cmd/reset_passwd.go:96.82,98.5 1 0
github.com/Rain-kl/Wavelet/internal/cmd/reset_passwd.go:101.4,102.79 2 3
github.com/Rain-kl/Wavelet/internal/cmd/reset_passwd.go:102.79,103.34 1 3
github.com/Rain-kl/Wavelet/internal/cmd/reset_passwd.go:103.34,105.6 1 1
github.com/Rain-kl/Wavelet/internal/cmd/reset_passwd.go:108.4,108.78 1 3
github.com/Rain-kl/Wavelet/internal/cmd/reset_passwd.go:110.3,110.17 1 3
github.com/Rain-kl/Wavelet/internal/cmd/reset_passwd.go:110.17,112.4 1 0
github.com/Rain-kl/Wavelet/internal/cmd/reset_passwd.go:114.3,118.42 4 3
github.com/Rain-kl/Wavelet/internal/cmd/reset_passwd.go:122.13,126.2 3 1
github.com/Rain-kl/Wavelet/internal/cmd/root.go:24.55,40.3 2 3
github.com/Rain-kl/Wavelet/internal/cmd/root.go:41.45,43.3 1 0
github.com/Rain-kl/Wavelet/internal/cmd/root.go:44.56,46.3 1 3
github.com/Rain-kl/Wavelet/internal/cmd/root.go:47.45,50.3 1 0
github.com/Rain-kl/Wavelet/internal/cmd/root.go:58.22,61.2 2 0
github.com/Rain-kl/Wavelet/internal/cmd/root.go:63.30,67.2 3 3
github.com/Rain-kl/Wavelet/internal/cmd/root.go:69.13,74.54 3 1
github.com/Rain-kl/Wavelet/internal/cmd/root.go:74.54,76.3 1 0
github.com/Rain-kl/Wavelet/internal/cmd/root.go:77.2,83.61 5 1
github.com/Rain-kl/Wavelet/internal/cmd/root.go:87.16,88.42 1 0
github.com/Rain-kl/Wavelet/internal/cmd/root.go:88.42,90.3 1 0
github.com/Rain-kl/Wavelet/internal/cmd/scheduler.go:17.42,19.35 2 0
github.com/Rain-kl/Wavelet/internal/cmd/scheduler.go:19.35,21.4 1 0
github.com/Rain-kl/Wavelet/internal/cmd/worker.go:17.42,19.35 2 0
github.com/Rain-kl/Wavelet/internal/cmd/worker.go:19.35,21.4 1 0
github.com/Rain-kl/Wavelet/internal/repository/logstore/cleanup.go:31.66,33.16 2 0
github.com/Rain-kl/Wavelet/internal/repository/logstore/cleanup.go:33.16,35.3 1 0
github.com/Rain-kl/Wavelet/internal/repository/logstore/cleanup.go:36.2,40.16 4 0
github.com/Rain-kl/Wavelet/internal/repository/logstore/cleanup.go:40.16,42.3 1 0
github.com/Rain-kl/Wavelet/internal/repository/logstore/cleanup.go:43.2,44.112 2 0
github.com/Rain-kl/Wavelet/internal/repository/logstore/cleanup.go:44.112,46.3 1 0
github.com/Rain-kl/Wavelet/internal/repository/logstore/cleanup.go:47.2,49.80 2 0
github.com/Rain-kl/Wavelet/internal/repository/logstore/cleanup.go:49.80,51.3 1 0
github.com/Rain-kl/Wavelet/internal/repository/logstore/cleanup.go:52.2,53.16 2 0
github.com/Rain-kl/Wavelet/internal/repository/logstore/cleanup.go:53.16,55.3 1 0
github.com/Rain-kl/Wavelet/internal/repository/logstore/cleanup.go:56.2,57.75 2 0
github.com/Rain-kl/Wavelet/internal/repository/logstore/cleanup.go:57.75,59.3 1 0
github.com/Rain-kl/Wavelet/internal/repository/logstore/cleanup.go:60.2,60.21 1 0
github.com/Rain-kl/Wavelet/internal/repository/logstore/cleanup.go:63.71,65.16 2 0
github.com/Rain-kl/Wavelet/internal/repository/logstore/cleanup.go:66.20,67.46 1 0
github.com/Rain-kl/Wavelet/internal/repository/logstore/cleanup.go:68.24,69.50 1 0
github.com/Rain-kl/Wavelet/internal/repository/logstore/cleanup.go:71.2,72.16 2 0
github.com/Rain-kl/Wavelet/internal/repository/logstore/cleanup.go:72.16,73.47 1 0
github.com/Rain-kl/Wavelet/internal/repository/logstore/cleanup.go:73.47,75.4 1 0
github.com/Rain-kl/Wavelet/internal/repository/logstore/cleanup.go:76.3,76.33 1 0
github.com/Rain-kl/Wavelet/internal/repository/logstore/cleanup.go:78.2,79.30 2 0
github.com/Rain-kl/Wavelet/internal/repository/logstore/cleanup.go:79.30,82.3 2 0
github.com/Rain-kl/Wavelet/internal/repository/logstore/cleanup.go:83.2,83.13 1 0
github.com/Rain-kl/Wavelet/internal/repository/logstore/cleanup.go:86.60,90.58 4 0
github.com/Rain-kl/Wavelet/internal/repository/logstore/cleanup.go:90.58,98.3 5 0
github.com/Rain-kl/Wavelet/internal/repository/logstore/cleanup.go:99.2,99.12 1 0
github.com/Rain-kl/Wavelet/internal/repository/logstore/clickhouse.go:21.70,23.2 1 0
github.com/Rain-kl/Wavelet/internal/repository/logstore/clickhouse.go:30.90,32.2 1 0
github.com/Rain-kl/Wavelet/internal/repository/logstore/clickhouse.go:34.82,35.37 1 0
github.com/Rain-kl/Wavelet/internal/repository/logstore/clickhouse.go:35.37,37.3 1 0
github.com/Rain-kl/Wavelet/internal/repository/logstore/clickhouse.go:38.2,38.12 1 0
github.com/Rain-kl/Wavelet/internal/repository/logstore/clickhouse.go:41.116,42.20 1 0
github.com/Rain-kl/Wavelet/internal/repository/logstore/clickhouse.go:42.20,44.3 1 0
github.com/Rain-kl/Wavelet/internal/repository/logstore/clickhouse.go:45.2,45.46 1 0
github.com/Rain-kl/Wavelet/internal/repository/logstore/clickhouse.go:45.46,47.3 1 0
github.com/Rain-kl/Wavelet/internal/repository/logstore/clickhouse.go:48.2,48.45 1 0
github.com/Rain-kl/Wavelet/internal/repository/logstore/clickhouse.go:51.86,52.46 1 0
github.com/Rain-kl/Wavelet/internal/repository/logstore/clickhouse.go:52.46,54.3 1 0
github.com/Rain-kl/Wavelet/internal/repository/logstore/clickhouse.go:55.2,55.51 1 0
github.com/Rain-kl/Wavelet/internal/repository/logstore/clickhouse.go:58.107,59.46 1 0
github.com/Rain-kl/Wavelet/internal/repository/logstore/clickhouse.go:59.46,61.3 1 0
github.com/Rain-kl/Wavelet/internal/repository/logstore/clickhouse.go:62.2,62.62 1 0
github.com/Rain-kl/Wavelet/internal/repository/logstore/clickhouse.go:65.121,67.2 1 0
github.com/Rain-kl/Wavelet/internal/repository/logstore/clickhouse.go:69.172,71.2 1 0
github.com/Rain-kl/Wavelet/internal/repository/logstore/clickhouse.go:73.121,75.2 1 0
github.com/Rain-kl/Wavelet/internal/repository/logstore/clickhouse.go:77.143,79.2 1 0
github.com/Rain-kl/Wavelet/internal/repository/logstore/clickhouse.go:81.144,83.2 1 0
github.com/Rain-kl/Wavelet/internal/repository/logstore/clickhouse.go:85.98,87.2 1 0
github.com/Rain-kl/Wavelet/internal/repository/logstore/clickhouse.go:89.98,91.2 1 0
github.com/Rain-kl/Wavelet/internal/repository/logstore/clickhouse.go:93.100,95.2 1 0
github.com/Rain-kl/Wavelet/internal/repository/logstore/clickhouse.go:97.106,98.22 1 0
github.com/Rain-kl/Wavelet/internal/repository/logstore/clickhouse.go:98.22,100.3 1 0
github.com/Rain-kl/Wavelet/internal/repository/logstore/clickhouse.go:101.2,103.128 3 0
github.com/Rain-kl/Wavelet/internal/repository/logstore/clickhouse.go:103.128,105.3 1 0
github.com/Rain-kl/Wavelet/internal/repository/logstore/clickhouse.go:106.2,106.38 1 0
github.com/Rain-kl/Wavelet/internal/repository/logstore/clickhouse.go:106.38,108.3 1 0
github.com/Rain-kl/Wavelet/internal/repository/logstore/clickhouse.go:109.2,109.42 1 0
github.com/Rain-kl/Wavelet/internal/repository/logstore/clickhouse.go:112.145,113.22 1 0
github.com/Rain-kl/Wavelet/internal/repository/logstore/clickhouse.go:113.22,115.3 1 0
github.com/Rain-kl/Wavelet/internal/repository/logstore/clickhouse.go:116.2,116.16 1 0
github.com/Rain-kl/Wavelet/internal/repository/logstore/clickhouse.go:116.16,118.3 1 0
github.com/Rain-kl/Wavelet/internal/repository/logstore/clickhouse.go:119.2,125.16 4 0
github.com/Rain-kl/Wavelet/internal/repository/logstore/clickhouse.go:125.16,127.3 1 0
github.com/Rain-kl/Wavelet/internal/repository/logstore/clickhouse.go:128.2,128.15 1 0
github.com/Rain-kl/Wavelet/internal/repository/logstore/clickhouse.go:128.15,128.35 1 0
github.com/Rain-kl/Wavelet/internal/repository/logstore/clickhouse.go:129.2,129.33 1 0
github.com/Rain-kl/Wavelet/internal/repository/logstore/clickhouse.go:132.83,134.18 2 0
github.com/Rain-kl/Wavelet/internal/repository/logstore/clickhouse.go:134.18,147.17 2 0
github.com/Rain-kl/Wavelet/internal/repository/logstore/clickhouse.go:147.17,149.4 1 0
github.com/Rain-kl/Wavelet/internal/repository/logstore/clickhouse.go:150.3,151.32 2 0
github.com/Rain-kl/Wavelet/internal/repository/logstore/clickhouse.go:153.2,153.20 1 0
github.com/Rain-kl/Wavelet/internal/repository/logstore/gorm.go:34.46,34.78 1 3
github.com/Rain-kl/Wavelet/internal/repository/logstore/gorm.go:40.69,42.2 1 3
github.com/Rain-kl/Wavelet/internal/repository/logstore/gorm.go:49.74,50.29 1 0
github.com/Rain-kl/Wavelet/internal/repository/logstore/gorm.go:50.29,52.3 1 0
github.com/Rain-kl/Wavelet/internal/repository/logstore/gorm.go:53.2,53.26 1 0
github.com/Rain-kl/Wavelet/internal/repository/logstore/gorm.go:56.66,57.37 1 3
github.com/Rain-kl/Wavelet/internal/repository/logstore/gorm.go:57.37,59.3 1 1
github.com/Rain-kl/Wavelet/internal/repository/logstore/gorm.go:60.2,60.12 1 2
github.com/Rain-kl/Wavelet/internal/repository/logstore/gorm.go:63.110,64.20 1 3
github.com/Rain-kl/Wavelet/internal/repository/logstore/gorm.go:64.20,66.3 1 0
github.com/Rain-kl/Wavelet/internal/repository/logstore/gorm.go:67.2,67.46 1 3
github.com/Rain-kl/Wavelet/internal/repository/logstore/gorm.go:67.46,69.3 1 1
github.com/Rain-kl/Wavelet/internal/repository/logstore/gorm.go:70.2,70.22 1 2
github.com/Rain-kl/Wavelet/internal/repository/logstore/gorm.go:70.22,71.22 1 4
github.com/Rain-kl/Wavelet/internal/repository/logstore/gorm.go:71.22,73.4 1 4
github.com/Rain-kl/Wavelet/internal/repository/logstore/gorm.go:75.2,75.75 1 2
github.com/Rain-kl/Wavelet/internal/repository/logstore/gorm.go:78.80,79.46 1 0
github.com/Rain-kl/Wavelet/internal/repository/logstore/gorm.go:79.46,81.3 1 0
github.com/Rain-kl/Wavelet/internal/repository/logstore/gorm.go:82.2,83.36 2 0
github.com/Rain-kl/Wavelet/internal/repository/logstore/gorm.go:86.101,87.46 1 0
github.com/Rain-kl/Wavelet/internal/repository/logstore/gorm.go:87.46,89.3 1 0
github.com/Rain-kl/Wavelet/internal/repository/logstore/gorm.go:90.2,91.54 2 0
github.com/Rain-kl/Wavelet/internal/repository/logstore/gorm.go:91.54,93.3 1 0
github.com/Rain-kl/Wavelet/internal/repository/logstore/gorm.go:94.2,94.36 1 0
github.com/Rain-kl/Wavelet/internal/repository/logstore/gorm.go:97.139,103.44 3 0
github.com/Rain-kl/Wavelet/internal/repository/logstore/gorm.go:103.44,105.3 1 0
github.com/Rain-kl/Wavelet/internal/repository/logstore/gorm.go:106.2,106.18 1 0
github.com/Rain-kl/Wavelet/internal/repository/logstore/gorm.go:109.100,110.133 1 0
github.com/Rain-kl/Wavelet/internal/repository/logstore/gorm.go:110.133,112.3 1 0
github.com/Rain-kl/Wavelet/internal/repository/logstore/gorm.go:115.115,117.9 2 2
github.com/Rain-kl/Wavelet/internal/repository/logstore/gorm.go:117.9,119.3 1 0
github.com/Rain-kl/Wavelet/internal/repository/logstore/gorm.go:120.2,121.127 2 2
github.com/Rain-kl/Wavelet/internal/repository/logstore/gorm.go:121.127,123.3 1 0
github.com/Rain-kl/Wavelet/internal/repository/logstore/gorm.go:124.2,124.34 1 2
github.com/Rain-kl/Wavelet/internal/repository/logstore/gorm.go:127.166,129.9 2 1
github.com/Rain-kl/Wavelet/internal/repository/logstore/gorm.go:129.9,131.3 1 0
github.com/Rain-kl/Wavelet/internal/repository/logstore/gorm.go:132.2,133.127 2 1
github.com/Rain-kl/Wavelet/internal/repository/logstore/gorm.go:133.127,135.3 1 0
github.com/Rain-kl/Wavelet/internal/repository/logstore/gorm.go:136.2,136.16 1 1
github.com/Rain-kl/Wavelet/internal/repository/logstore/gorm.go:136.16,138.3 1 0
github.com/Rain-kl/Wavelet/internal/repository/logstore/gorm.go:139.2,141.119 3 1
github.com/Rain-kl/Wavelet/internal/repository/logstore/gorm.go:141.119,143.3 1 0
github.com/Rain-kl/Wavelet/internal/repository/logstore/gorm.go:144.2,144.40 1 1
github.com/Rain-kl/Wavelet/internal/repository/logstore/gorm.go:147.90,148.55 1 3
github.com/Rain-kl/Wavelet/internal/repository/logstore/gorm.go:148.55,150.3 1 0
github.com/Rain-kl/Wavelet/internal/repository/logstore/gorm.go:151.2,153.27 3 3
github.com/Rain-kl/Wavelet/internal/repository/logstore/gorm.go:153.27,156.3 2 2
github.com/Rain-kl/Wavelet/internal/repository/logstore/gorm.go:157.2,157.62 1 3
github.com/Rain-kl/Wavelet/internal/repository/logstore/gorm.go:157.62,160.3 2 2
github.com/Rain-kl/Wavelet/internal/repository/logstore/gorm.go:161.2,161.29 1 3
github.com/Rain-kl/Wavelet/internal/repository/logstore/gorm.go:161.29,164.3 2 0
github.com/Rain-kl/Wavelet/internal/repository/logstore/gorm.go:165.2,165.27 1 3
github.com/Rain-kl/Wavelet/internal/repository/logstore/gorm.go:165.27,168.3 2 0
github.com/Rain-kl/Wavelet/internal/repository/logstore/gorm.go:169.2,169.21 1 3
github.com/Rain-kl/Wavelet/internal/repository/logstore/gorm.go:169.21,171.3 1 1
github.com/Rain-kl/Wavelet/internal/repository/logstore/gorm.go:172.2,172.49 1 2
github.com/Rain-kl/Wavelet/internal/repository/logstore/gorm.go:175.115,176.15 1 0
github.com/Rain-kl/Wavelet/internal/repository/logstore/gorm.go:176.15,178.3 1 0
github.com/Rain-kl/Wavelet/internal/repository/logstore/gorm.go:179.2,189.16 5 0
github.com/Rain-kl/Wavelet/internal/repository/logstore/gorm.go:189.16,191.3 1 0
github.com/Rain-kl/Wavelet/internal/repository/logstore/gorm.go:192.2,193.25 2 0
github.com/Rain-kl/Wavelet/internal/repository/logstore/gorm.go:193.25,195.3 1 0
github.com/Rain-kl/Wavelet/internal/repository/logstore/gorm.go:196.2,197.28 2 0
github.com/Rain-kl/Wavelet/internal/repository/logstore/gorm.go:197.28,200.3 2 0
github.com/Rain-kl/Wavelet/internal/repository/logstore/gorm.go:201.2,201.17 1 0
github.com/Rain-kl/Wavelet/internal/repository/logstore/gorm.go:204.137,214.16 4 0
github.com/Rain-kl/Wavelet/internal/repository/logstore/gorm.go:214.16,216.3 1 0
github.com/Rain-kl/Wavelet/internal/repository/logstore/gorm.go:217.2,218.25 2 0
github.com/Rain-kl/Wavelet/internal/repository/logstore/gorm.go:218.25,220.3 1 0
github.com/Rain-kl/Wavelet/internal/repository/logstore/gorm.go:221.2,222.35 2 0
github.com/Rain-kl/Wavelet/internal/repository/logstore/gorm.go:222.35,224.3 1 0
github.com/Rain-kl/Wavelet/internal/repository/logstore/gorm.go:225.2,225.38 1 0
github.com/Rain-kl/Wavelet/internal/repository/logstore/gorm.go:225.38,225.76 1 0
github.com/Rain-kl/Wavelet/internal/repository/logstore/gorm.go:226.2,226.17 1 0
github.com/Rain-kl/Wavelet/internal/repository/logstore/gorm.go:229.138,239.16 4 0
github.com/Rain-kl/Wavelet/internal/repository/logstore/gorm.go:239.16,241.3 1 0
github.com/Rain-kl/Wavelet/internal/repository/logstore/gorm.go:242.2,243.25 2 0
github.com/Rain-kl/Wavelet/internal/repository/logstore/gorm.go:243.25,245.3 1 0
github.com/Rain-kl/Wavelet/internal/repository/logstore/gorm.go:246.2,246.17 1 0
github.com/Rain-kl/Wavelet/internal/repository/logstore/gorm.go:249.98,250.30 1 0
github.com/Rain-kl/Wavelet/internal/repository/logstore/gorm.go:250.30,252.3 1 0
github.com/Rain-kl/Wavelet/internal/repository/logstore/gorm.go:253.2,253.57 1 0
github.com/Rain-kl/Wavelet/internal/repository/logstore/gorm.go:253.57,254.63 1 0
github.com/Rain-kl/Wavelet/internal/repository/logstore/gorm.go:254.63,256.4 1 0
github.com/Rain-kl/Wavelet/internal/repository/logstore/gorm.go:258.2,258.12 1 0
github.com/Rain-kl/Wavelet/internal/repository/logstore/gorm.go:267.33,270.48 3 0
github.com/Rain-kl/Wavelet/internal/repository/logstore/gorm.go:270.48,272.22 2 0
github.com/Rain-kl/Wavelet/internal/repository/logstore/gorm.go:272.22,274.4 1 0
github.com/Rain-kl/Wavelet/internal/repository/logstore/gorm.go:275.3,276.72 2 0
github.com/Rain-kl/Wavelet/internal/repository/logstore/gorm.go:276.72,278.4 1 0
github.com/Rain-kl/Wavelet/internal/repository/logstore/gorm.go:279.3,279.23 1 0
github.com/Rain-kl/Wavelet/internal/repository/logstore/gorm.go:279.23,281.4 1 0
github.com/Rain-kl/Wavelet/internal/repository/logstore/gorm.go:283.2,283.12 1 0
github.com/Rain-kl/Wavelet/internal/repository/logstore/gorm.go:283.12,285.3 1 0
github.com/Rain-kl/Wavelet/internal/repository/logstore/gorm.go:286.2,286.55 1 0
github.com/Rain-kl/Wavelet/internal/repository/logstore/gorm.go:289.30,290.12 1 2
github.com/Rain-kl/Wavelet/internal/repository/logstore/gorm.go:290.12,292.3 1 0
github.com/Rain-kl/Wavelet/internal/repository/logstore/gorm.go:293.2,293.10 1 2
github.com/Rain-kl/Wavelet/internal/repository/logstore/gorm.go:296.39,297.14 1 1
github.com/Rain-kl/Wavelet/internal/repository/logstore/gorm.go:297.14,299.3 1 0
github.com/Rain-kl/Wavelet/internal/repository/logstore/gorm.go:300.2,300.56 1 1
github.com/Rain-kl/Wavelet/internal/repository/logstore/gorm.go:303.36,304.11 1 3
github.com/Rain-kl/Wavelet/internal/repository/logstore/gorm.go:304.11,306.3 1 0
github.com/Rain-kl/Wavelet/internal/repository/logstore/gorm.go:307.2,307.18 1 3
github.com/Rain-kl/Wavelet/internal/repository/logstore/gorm.go:310.42,312.2 1 2
github.com/Rain-kl/Wavelet/internal/repository/logstore/gorm.go:314.44,315.27 1 0
github.com/Rain-kl/Wavelet/internal/repository/logstore/gorm.go:315.27,317.3 1 0
github.com/Rain-kl/Wavelet/internal/repository/logstore/gorm.go:318.2,318.43 1 0
github.com/Rain-kl/Wavelet/internal/repository/logstore/gorm.go:321.40,322.16 1 0
github.com/Rain-kl/Wavelet/internal/repository/logstore/gorm.go:322.16,324.3 1 0
github.com/Rain-kl/Wavelet/internal/repository/logstore/gorm.go:325.2,326.90 2 0
github.com/Rain-kl/Wavelet/internal/repository/logstore/partition_cleanup.go:16.92,24.61 2 0
github.com/Rain-kl/Wavelet/internal/repository/logstore/partition_cleanup.go:24.61,26.3 1 0
github.com/Rain-kl/Wavelet/internal/repository/logstore/partition_cleanup.go:27.2,27.19 1 0
github.com/Rain-kl/Wavelet/internal/repository/logstore/partition_cleanup.go:31.63,33.29 2 12
github.com/Rain-kl/Wavelet/internal/repository/logstore/partition_cleanup.go:33.29,35.3 1 4
github.com/Rain-kl/Wavelet/internal/repository/logstore/partition_cleanup.go:36.2,37.16 2 8
github.com/Rain-kl/Wavelet/internal/repository/logstore/partition_cleanup.go:37.16,39.3 1 1
github.com/Rain-kl/Wavelet/internal/repository/logstore/partition_cleanup.go:40.2,40.16 1 7
github.com/Rain-kl/Wavelet/internal/repository/logstore/partition_cleanup.go:44.90,47.29 3 2
github.com/Rain-kl/Wavelet/internal/repository/logstore/partition_cleanup.go:47.29,49.40 2 6
github.com/Rain-kl/Wavelet/internal/repository/logstore/partition_cleanup.go:49.40,50.12 1 4
github.com/Rain-kl/Wavelet/internal/repository/logstore/partition_cleanup.go:52.3,52.26 1 2
github.com/Rain-kl/Wavelet/internal/repository/logstore/partition_cleanup.go:54.2,54.12 1 2
github.com/Rain-kl/Wavelet/internal/repository/logstore/partition_cleanup.go:59.89,60.30 1 1
github.com/Rain-kl/Wavelet/internal/repository/logstore/partition_cleanup.go:60.30,62.3 1 1
github.com/Rain-kl/Wavelet/internal/repository/logstore/partition_cleanup.go:63.2,64.16 2 0
github.com/Rain-kl/Wavelet/internal/repository/logstore/partition_cleanup.go:64.16,66.3 1 0
github.com/Rain-kl/Wavelet/internal/repository/logstore/partition_cleanup.go:67.2,67.85 1 0
github.com/Rain-kl/Wavelet/internal/repository/logstore/partition_cleanup.go:67.85,69.106 2 0
github.com/Rain-kl/Wavelet/internal/repository/logstore/partition_cleanup.go:69.106,71.4 1 0
github.com/Rain-kl/Wavelet/internal/repository/logstore/partition_cleanup.go:72.3,72.15 1 0
github.com/Rain-kl/Wavelet/internal/repository/logstore/partition_cleanup.go:72.15,73.12 1 0
github.com/Rain-kl/Wavelet/internal/repository/logstore/partition_cleanup.go:75.3,75.90 1 0
github.com/Rain-kl/Wavelet/internal/repository/logstore/partition_cleanup.go:75.90,77.4 1 0
github.com/Rain-kl/Wavelet/internal/repository/logstore/partition_cleanup.go:79.2,79.12 1 0
github.com/Rain-kl/Wavelet/internal/repository/logstore/partition_cleanup.go:85.91,86.30 1 1
github.com/Rain-kl/Wavelet/internal/repository/logstore/partition_cleanup.go:86.30,88.3 1 1
github.com/Rain-kl/Wavelet/internal/repository/logstore/partition_cleanup.go:89.2,89.46 1 0
github.com/Rain-kl/Wavelet/internal/repository/logstore/partition_cleanup.go:89.46,91.3 1 0
github.com/Rain-kl/Wavelet/internal/repository/logstore/partition_cleanup.go:92.2,93.16 2 0
github.com/Rain-kl/Wavelet/internal/repository/logstore/partition_cleanup.go:93.16,95.3 1 0
github.com/Rain-kl/Wavelet/internal/repository/logstore/partition_cleanup.go:96.2,98.29 3 0
github.com/Rain-kl/Wavelet/internal/repository/logstore/partition_cleanup.go:98.29,100.40 2 0
github.com/Rain-kl/Wavelet/internal/repository/logstore/partition_cleanup.go:100.40,101.12 1 0
github.com/Rain-kl/Wavelet/internal/repository/logstore/partition_cleanup.go:103.3,104.136 2 0
github.com/Rain-kl/Wavelet/internal/repository/logstore/partition_cleanup.go:104.136,106.4 1 0
github.com/Rain-kl/Wavelet/internal/repository/logstore/partition_cleanup.go:107.3,107.23 1 0
github.com/Rain-kl/Wavelet/internal/repository/logstore/partition_cleanup.go:107.23,108.12 1 0
github.com/Rain-kl/Wavelet/internal/repository/logstore/partition_cleanup.go:110.3,110.90 1 0
github.com/Rain-kl/Wavelet/internal/repository/logstore/partition_cleanup.go:110.90,112.4 1 0
github.com/Rain-kl/Wavelet/internal/repository/logstore/partition_cleanup.go:114.2,114.12 1 0
github.com/Rain-kl/Wavelet/internal/repository/logstore/provider.go:48.39,48.60 1 1
github.com/Rain-kl/Wavelet/internal/repository/logstore/provider.go:50.65,51.25 1 3
github.com/Rain-kl/Wavelet/internal/repository/logstore/provider.go:51.25,53.3 1 2
github.com/Rain-kl/Wavelet/internal/repository/logstore/provider.go:54.2,54.31 1 1
github.com/Rain-kl/Wavelet/internal/repository/logstore/provider.go:58.50,60.16 2 0
github.com/Rain-kl/Wavelet/internal/repository/logstore/provider.go:60.16,62.3 1 0
github.com/Rain-kl/Wavelet/internal/repository/logstore/provider.go:63.2,64.42 2 0
github.com/Rain-kl/Wavelet/internal/repository/logstore/provider.go:64.42,68.3 3 0
github.com/Rain-kl/Wavelet/internal/repository/logstore/provider.go:69.2,73.42 4 0
github.com/Rain-kl/Wavelet/internal/repository/logstore/provider.go:73.42,75.3 1 0
github.com/Rain-kl/Wavelet/internal/repository/logstore/provider.go:76.2,77.16 2 0
github.com/Rain-kl/Wavelet/internal/repository/logstore/provider.go:77.16,79.3 1 0
github.com/Rain-kl/Wavelet/internal/repository/logstore/provider.go:80.2,82.15 3 0
github.com/Rain-kl/Wavelet/internal/repository/logstore/provider.go:86.66,88.2 1 0
github.com/Rain-kl/Wavelet/internal/repository/logstore/provider.go:91.78,93.2 1 0
github.com/Rain-kl/Wavelet/internal/repository/logstore/provider.go:95.88,96.18 1 0
github.com/Rain-kl/Wavelet/internal/repository/logstore/provider.go:97.24,100.55 3 0
github.com/Rain-kl/Wavelet/internal/repository/logstore/provider.go:101.36,105.55 4 0
github.com/Rain-kl/Wavelet/internal/repository/logstore/provider.go:106.10,107.67 1 0
github.com/Rain-kl/Wavelet/internal/repository/logstore/provider.go:112.42,114.16 2 3
github.com/Rain-kl/Wavelet/internal/repository/logstore/provider.go:114.16,115.47 1 2
github.com/Rain-kl/Wavelet/internal/repository/logstore/provider.go:115.47,117.4 1 0
github.com/Rain-kl/Wavelet/internal/repository/logstore/provider.go:118.3,118.15 1 2
github.com/Rain-kl/Wavelet/internal/repository/logstore/provider.go:120.2,120.25 1 1
github.com/Rain-kl/Wavelet/internal/repository/logstore/provider.go:124.32,126.16 2 0
github.com/Rain-kl/Wavelet/internal/repository/logstore/provider.go:126.16,128.3 1 0
github.com/Rain-kl/Wavelet/internal/repository/logstore/provider.go:129.2,130.108 2 0
github.com/Rain-kl/Wavelet/internal/repository/logstore/provider.go:130.108,132.3 1 0
github.com/Rain-kl/Wavelet/internal/repository/logstore/provider.go:136.24,141.2 4 0
github.com/Rain-kl/Wavelet/internal/repository/logstore/provider.go:144.21,152.2 7 1
github.com/Rain-kl/Wavelet/internal/repository/logstore/provider.go:155.58,157.2 1 0
github.com/Rain-kl/Wavelet/internal/repository/logstore/provider.go:159.59,161.68 2 0
github.com/Rain-kl/Wavelet/internal/repository/logstore/provider.go:161.68,165.3 3 0
github.com/Rain-kl/Wavelet/internal/repository/logstore/provider.go:166.2,169.60 3 0
github.com/Rain-kl/Wavelet/internal/repository/logstore/provider.go:169.60,171.3 1 0
github.com/Rain-kl/Wavelet/internal/repository/logstore/provider.go:173.2,174.20 2 0
github.com/Rain-kl/Wavelet/internal/repository/logstore/provider.go:174.20,176.37 2 0
github.com/Rain-kl/Wavelet/internal/repository/logstore/provider.go:176.37,178.4 1 0
github.com/Rain-kl/Wavelet/internal/repository/logstore/provider.go:179.3,179.39 1 0
github.com/Rain-kl/Wavelet/internal/repository/logstore/provider.go:179.39,181.4 1 0
github.com/Rain-kl/Wavelet/internal/repository/logstore/provider.go:184.2,188.22 5 0
github.com/Rain-kl/Wavelet/pkg/cap/cap.go:74.39,76.2 1 0
github.com/Rain-kl/Wavelet/pkg/cap/cap.go:78.47,80.2 1 0
github.com/Rain-kl/Wavelet/pkg/cap/cap.go:83.36,85.44 2 0
github.com/Rain-kl/Wavelet/pkg/cap/cap.go:85.44,86.13 1 0
github.com/Rain-kl/Wavelet/pkg/cap/cap.go:88.2,88.34 1 0
github.com/Rain-kl/Wavelet/pkg/cap/cap.go:91.52,100.2 6 0
github.com/Rain-kl/Wavelet/pkg/cap/cap.go:102.61,104.33 2 0
github.com/Rain-kl/Wavelet/pkg/cap/cap.go:104.33,106.3 1 0
github.com/Rain-kl/Wavelet/pkg/cap/cap.go:107.2,107.30 1 0
github.com/Rain-kl/Wavelet/pkg/cap/cap.go:107.30,109.3 1 0
github.com/Rain-kl/Wavelet/pkg/cap/cap.go:111.2,117.16 6 0
github.com/Rain-kl/Wavelet/pkg/cap/cap.go:117.16,119.3 1 0
github.com/Rain-kl/Wavelet/pkg/cap/cap.go:121.2,121.41 1 0
github.com/Rain-kl/Wavelet/pkg/cap/cap.go:121.41,123.3 1 0
github.com/Rain-kl/Wavelet/pkg/cap/cap.go:125.2,126.16 2 0
github.com/Rain-kl/Wavelet/pkg/cap/cap.go:126.16,128.3 1 0
github.com/Rain-kl/Wavelet/pkg/cap/cap.go:130.2,130.21 1 0
github.com/Rain-kl/Wavelet/pkg/cap/cap.go:134.37,136.33 2 0
github.com/Rain-kl/Wavelet/pkg/cap/cap.go:136.33,138.3 1 0
github.com/Rain-kl/Wavelet/pkg/cap/cap.go:139.2,140.16 2 0
github.com/Rain-kl/Wavelet/pkg/cap/cap.go:140.16,142.3 1 0
github.com/Rain-kl/Wavelet/pkg/cap/cap.go:143.2,143.37 1 0
github.com/Rain-kl/Wavelet/pkg/cap/cap.go:147.103,148.21 1 0
github.com/Rain-kl/Wavelet/pkg/cap/cap.go:148.21,150.3 1 0
github.com/Rain-kl/Wavelet/pkg/cap/cap.go:151.2,151.20 1 0
github.com/Rain-kl/Wavelet/pkg/cap/cap.go:151.20,153.3 1 0
github.com/Rain-kl/Wavelet/pkg/cap/cap.go:154.2,154.26 1 0
github.com/Rain-kl/Wavelet/pkg/cap/cap.go:154.26,156.3 1 0
github.com/Rain-kl/Wavelet/pkg/cap/cap.go:157.2,157.23 1 0
github.com/Rain-kl/Wavelet/pkg/cap/cap.go:157.23,159.3 1 0
github.com/Rain-kl/Wavelet/pkg/cap/cap.go:161.2,175.16 5 0
github.com/Rain-kl/Wavelet/pkg/cap/cap.go:175.16,177.3 1 0
github.com/Rain-kl/Wavelet/pkg/cap/cap.go:179.2,189.18 6 0
github.com/Rain-kl/Wavelet/pkg/cap/cap.go:193.126,195.16 2 0
github.com/Rain-kl/Wavelet/pkg/cap/cap.go:195.16,197.3 1 0
github.com/Rain-kl/Wavelet/pkg/cap/cap.go:199.2,200.63 2 0
github.com/Rain-kl/Wavelet/pkg/cap/cap.go:200.63,202.3 1 0
github.com/Rain-kl/Wavelet/pkg/cap/cap.go:204.2,204.59 1 0
github.com/Rain-kl/Wavelet/pkg/cap/cap.go:204.59,206.3 1 0
github.com/Rain-kl/Wavelet/pkg/cap/cap.go:208.2,209.27 2 0
github.com/Rain-kl/Wavelet/pkg/cap/cap.go:209.27,211.3 1 0
github.com/Rain-kl/Wavelet/pkg/cap/cap.go:213.2,213.37 1 0
github.com/Rain-kl/Wavelet/pkg/cap/cap.go:213.37,215.3 1 0
github.com/Rain-kl/Wavelet/pkg/cap/cap.go:217.2,218.37 2 0
github.com/Rain-kl/Wavelet/pkg/cap/cap.go:218.37,229.42 9 0
github.com/Rain-kl/Wavelet/pkg/cap/cap.go:229.42,231.4 1 0
github.com/Rain-kl/Wavelet/pkg/cap/cap.go:234.2,234.22 1 0
github.com/Rain-kl/Wavelet/pkg/cap/cap.go:238.61,241.29 3 0
github.com/Rain-kl/Wavelet/pkg/cap/cap.go:241.29,248.44 6 0
github.com/Rain-kl/Wavelet/pkg/cap/cap.go:248.44,252.42 4 0
github.com/Rain-kl/Wavelet/pkg/cap/cap.go:252.42,254.10 2 0
github.com/Rain-kl/Wavelet/pkg/cap/cap.go:258.2,258.18 1 0
github.com/Rain-kl/Wavelet/pkg/cap/prng.go:14.31,16.32 2 0
github.com/Rain-kl/Wavelet/pkg/cap/prng.go:16.32,19.3 2 0
github.com/Rain-kl/Wavelet/pkg/cap/prng.go:20.2,20.13 1 0
github.com/Rain-kl/Wavelet/pkg/cap/prng.go:26.51,28.32 2 0
github.com/Rain-kl/Wavelet/pkg/cap/prng.go:28.32,31.3 2 0
github.com/Rain-kl/Wavelet/pkg/cap/prng.go:32.2,32.10 1 0
github.com/Rain-kl/Wavelet/pkg/cap/prng.go:38.58,41.28 3 0
github.com/Rain-kl/Wavelet/pkg/cap/prng.go:41.28,47.3 5 0
github.com/Rain-kl/Wavelet/pkg/cap/prng.go:48.2,48.33 1 0
github.com/Rain-kl/Wavelet/pkg/cap/store.go:40.65,44.25 2 0
github.com/Rain-kl/Wavelet/pkg/cap/store.go:44.25,46.3 1 0
github.com/Rain-kl/Wavelet/pkg/cap/store.go:47.2,47.14 1 0
github.com/Rain-kl/Wavelet/pkg/cap/store.go:51.80,55.2 3 0
github.com/Rain-kl/Wavelet/pkg/cap/store.go:58.67,60.12 2 0
github.com/Rain-kl/Wavelet/pkg/cap/store.go:60.12,62.3 1 0
github.com/Rain-kl/Wavelet/pkg/cap/store.go:63.2,63.38 1 0
github.com/Rain-kl/Wavelet/pkg/cap/store.go:63.38,66.3 2 0
github.com/Rain-kl/Wavelet/pkg/cap/store.go:67.2,67.30 1 0
github.com/Rain-kl/Wavelet/pkg/cap/store.go:71.95,79.2 4 0
github.com/Rain-kl/Wavelet/pkg/cap/store.go:82.67,87.2 4 0
github.com/Rain-kl/Wavelet/pkg/cap/store.go:91.105,96.12 4 0
github.com/Rain-kl/Wavelet/pkg/cap/store.go:96.12,98.3 1 0
github.com/Rain-kl/Wavelet/pkg/cap/store.go:99.2,103.18 2 0
github.com/Rain-kl/Wavelet/pkg/cap/store.go:107.89,112.27 4 0
github.com/Rain-kl/Wavelet/pkg/cap/store.go:112.27,114.3 1 0
github.com/Rain-kl/Wavelet/pkg/cap/store.go:115.2,116.23 2 0
github.com/Rain-kl/Wavelet/pkg/cap/store.go:119.64,121.21 2 0
github.com/Rain-kl/Wavelet/pkg/cap/store.go:121.21,123.3 1 0
github.com/Rain-kl/Wavelet/pkg/cap/store.go:126.40,130.28 4 0
github.com/Rain-kl/Wavelet/pkg/cap/store.go:130.28,131.29 1 0
github.com/Rain-kl/Wavelet/pkg/cap/store.go:131.29,133.4 1 0
github.com/Rain-kl/Wavelet/pkg/cap/store.go:143.62,147.2 1 0
github.com/Rain-kl/Wavelet/pkg/cap/store.go:150.81,152.22 2 0
github.com/Rain-kl/Wavelet/pkg/cap/store.go:152.22,154.3 1 0
github.com/Rain-kl/Wavelet/pkg/cap/store.go:155.2,155.16 1 0
github.com/Rain-kl/Wavelet/pkg/cap/store.go:155.16,157.3 1 0
github.com/Rain-kl/Wavelet/pkg/cap/store.go:158.2,158.23 1 0
github.com/Rain-kl/Wavelet/pkg/cap/store.go:162.96,164.2 1 0
github.com/Rain-kl/Wavelet/pkg/cap/store.go:167.68,169.2 1 0
github.com/Rain-kl/Wavelet/pkg/cap/store.go:172.106,174.2 1 0
github.com/Rain-kl/Wavelet/pkg/cap/store.go:177.90,179.22 2 0
github.com/Rain-kl/Wavelet/pkg/cap/store.go:179.22,181.3 1 0
github.com/Rain-kl/Wavelet/pkg/cap/store.go:182.2,182.16 1 0
github.com/Rain-kl/Wavelet/pkg/cap/store.go:182.16,184.3 1 0
github.com/Rain-kl/Wavelet/pkg/cap/store.go:185.2,185.23 1 0
github.com/Rain-kl/Wavelet/internal/router/middlewares.go:26.41,27.30 1 0
github.com/Rain-kl/Wavelet/internal/router/middlewares.go:27.30,38.16 6 0
github.com/Rain-kl/Wavelet/internal/router/middlewares.go:38.16,40.4 1 0
github.com/Rain-kl/Wavelet/internal/router/middlewares.go:43.3,52.39 5 0
github.com/Rain-kl/Wavelet/internal/router/middlewares.go:52.39,65.4 1 0
github.com/Rain-kl/Wavelet/internal/router/middlewares.go:68.3,68.49 1 0
github.com/Rain-kl/Wavelet/internal/router/middlewares.go:68.49,71.4 2 0
github.com/Rain-kl/Wavelet/internal/router/middlewares.go:75.63,77.34 2 4
github.com/Rain-kl/Wavelet/internal/router/middlewares.go:77.34,79.3 1 1
github.com/Rain-kl/Wavelet/internal/router/middlewares.go:80.2,81.41 2 3
github.com/Rain-kl/Wavelet/internal/router/middlewares.go:81.41,83.58 2 4
github.com/Rain-kl/Wavelet/internal/router/middlewares.go:83.58,85.4 1 2
github.com/Rain-kl/Wavelet/internal/router/middlewares.go:87.2,87.14 1 1
github.com/Rain-kl/Wavelet/internal/router/middlewares.go:90.39,91.30 1 3
github.com/Rain-kl/Wavelet/internal/router/middlewares.go:91.30,93.67 2 4
github.com/Rain-kl/Wavelet/internal/router/middlewares.go:93.67,98.4 4 2
github.com/Rain-kl/Wavelet/internal/router/middlewares.go:100.3,100.36 1 4
github.com/Rain-kl/Wavelet/internal/router/middlewares.go:100.36,103.4 2 0
github.com/Rain-kl/Wavelet/internal/router/middlewares.go:105.3,105.11 1 4
github.com/Rain-kl/Wavelet/internal/router/middlewares.go:110.47,112.2 1 0
github.com/Rain-kl/Wavelet/internal/router/router.go:35.41,37.38 1 0
github.com/Rain-kl/Wavelet/internal/router/router.go:37.38,39.3 1 0
github.com/Rain-kl/Wavelet/internal/router/router.go:42.2,49.20 7 0
github.com/Rain-kl/Wavelet/internal/router/router.go:49.20,51.3 1 0
github.com/Rain-kl/Wavelet/internal/router/router.go:53.2,62.16 2 0
github.com/Rain-kl/Wavelet/internal/router/router.go:62.16,64.3 1 0
github.com/Rain-kl/Wavelet/internal/router/router.go:67.2,67.25 1 0
github.com/Rain-kl/Wavelet/internal/router/router.go:67.25,68.84 1 0
github.com/Rain-kl/Wavelet/internal/router/router.go:68.84,70.4 1 0
github.com/Rain-kl/Wavelet/internal/router/router.go:73.2,81.15 5 0
github.com/Rain-kl/Wavelet/internal/router/router.go:85.30,87.16 2 0
github.com/Rain-kl/Wavelet/internal/router/router.go:87.16,89.3 1 0
github.com/Rain-kl/Wavelet/internal/router/router.go:91.2,98.16 3 0
github.com/Rain-kl/Wavelet/internal/router/router.go:98.16,100.3 1 0
github.com/Rain-kl/Wavelet/internal/router/router.go:101.2,101.22 1 0
github.com/Rain-kl/Wavelet/internal/router/router.go:101.22,103.3 1 0
github.com/Rain-kl/Wavelet/internal/router/router.go:105.2,105.17 1 0
github.com/Rain-kl/Wavelet/internal/router/router.go:105.17,107.86 2 0
github.com/Rain-kl/Wavelet/internal/router/router.go:107.86,109.4 1 0
github.com/Rain-kl/Wavelet/internal/router/router.go:112.2,120.50 6 0
github.com/Rain-kl/Wavelet/internal/router/router.go:120.50,125.3 4 0
github.com/Rain-kl/Wavelet/internal/router/router.go:126.2,129.36 3 0
github.com/Rain-kl/Wavelet/internal/router/router.go:132.36,137.2 3 0
github.com/Rain-kl/Wavelet/internal/router/router.go:137.2,140.3 2 0
github.com/Rain-kl/Wavelet/internal/router/router.go:140.3,142.4 1 0
github.com/Rain-kl/Wavelet/internal/repository/access_token.go:14.96,16.109 2 0
github.com/Rain-kl/Wavelet/internal/repository/access_token.go:16.109,18.3 1 0
github.com/Rain-kl/Wavelet/internal/repository/access_token.go:19.2,19.20 1 0
github.com/Rain-kl/Wavelet/internal/repository/access_token.go:23.83,25.112 2 0
github.com/Rain-kl/Wavelet/internal/repository/access_token.go:25.112,27.3 1 0
github.com/Rain-kl/Wavelet/internal/repository/access_token.go:28.2,28.19 1 0
github.com/Rain-kl/Wavelet/internal/repository/access_token.go:32.78,34.2 1 0
github.com/Rain-kl/Wavelet/internal/repository/access_token.go:37.101,39.99 2 0
github.com/Rain-kl/Wavelet/internal/repository/access_token.go:39.99,41.3 1 0
github.com/Rain-kl/Wavelet/internal/repository/access_token.go:42.2,42.19 1 0
github.com/Rain-kl/Wavelet/internal/repository/access_token.go:47.86,50.2 2 0
github.com/Rain-kl/Wavelet/internal/repository/access_token.go:53.93,55.90 2 0
github.com/Rain-kl/Wavelet/internal/repository/access_token.go:55.90,57.3 1 0
github.com/Rain-kl/Wavelet/internal/repository/access_token.go:58.2,58.19 1 0
github.com/Rain-kl/Wavelet/internal/repository/access_token.go:62.76,64.2 1 0
github.com/Rain-kl/Wavelet/internal/repository/access_token.go:67.75,69.2 1 0
github.com/Rain-kl/Wavelet/internal/repository/auth_source.go:18.70,20.72 2 0
github.com/Rain-kl/Wavelet/internal/repository/auth_source.go:20.72,22.3 1 0
github.com/Rain-kl/Wavelet/internal/repository/auth_source.go:23.2,23.25 1 0
github.com/Rain-kl/Wavelet/internal/repository/auth_source.go:23.25,25.3 1 0
github.com/Rain-kl/Wavelet/internal/repository/auth_source.go:26.2,26.21 1 0
github.com/Rain-kl/Wavelet/internal/repository/auth_source.go:30.76,32.101 2 3
github.com/Rain-kl/Wavelet/internal/repository/auth_source.go:32.101,34.3 1 0
github.com/Rain-kl/Wavelet/internal/repository/auth_source.go:35.2,35.25 1 3
github.com/Rain-kl/Wavelet/internal/repository/auth_source.go:35.25,37.3 1 3
github.com/Rain-kl/Wavelet/internal/repository/auth_source.go:38.2,38.21 1 3
github.com/Rain-kl/Wavelet/internal/repository/auth_source.go:42.83,43.13 1 0
github.com/Rain-kl/Wavelet/internal/repository/auth_source.go:43.13,45.3 1 0
github.com/Rain-kl/Wavelet/internal/repository/auth_source.go:46.2,47.70 2 0
github.com/Rain-kl/Wavelet/internal/repository/auth_source.go:47.70,49.3 1 0
github.com/Rain-kl/Wavelet/internal/repository/auth_source.go:50.2,51.21 2 0
github.com/Rain-kl/Wavelet/internal/repository/auth_source.go:55.87,57.16 2 2
github.com/Rain-kl/Wavelet/internal/repository/auth_source.go:57.16,59.3 1 0
github.com/Rain-kl/Wavelet/internal/repository/auth_source.go:60.2,61.88 2 2
github.com/Rain-kl/Wavelet/internal/repository/auth_source.go:61.88,63.3 1 0
github.com/Rain-kl/Wavelet/internal/repository/auth_source.go:64.2,65.21 2 2
github.com/Rain-kl/Wavelet/internal/repository/auth_source.go:69.76,70.42 1 4
github.com/Rain-kl/Wavelet/internal/repository/auth_source.go:70.42,72.3 1 0
github.com/Rain-kl/Wavelet/internal/repository/auth_source.go:73.2,73.40 1 4
github.com/Rain-kl/Wavelet/internal/repository/auth_source.go:77.93,78.20 1 0
github.com/Rain-kl/Wavelet/internal/repository/auth_source.go:78.20,80.3 1 0
github.com/Rain-kl/Wavelet/internal/repository/auth_source.go:81.2,82.78 2 0
github.com/Rain-kl/Wavelet/internal/repository/auth_source.go:82.78,84.3 1 0
github.com/Rain-kl/Wavelet/internal/repository/auth_source.go:85.2,85.16 1 0
github.com/Rain-kl/Wavelet/internal/repository/auth_source.go:85.16,87.3 1 0
github.com/Rain-kl/Wavelet/internal/repository/auth_source.go:88.2,88.42 1 0
github.com/Rain-kl/Wavelet/internal/repository/auth_source.go:88.42,90.3 1 0
github.com/Rain-kl/Wavelet/internal/repository/auth_source.go:91.2,101.10 1 0
github.com/Rain-kl/Wavelet/internal/repository/auth_source.go:105.76,107.16 2 0
github.com/Rain-kl/Wavelet/internal/repository/auth_source.go:107.16,109.3 1 0
github.com/Rain-kl/Wavelet/internal/repository/auth_source.go:110.2,111.42 2 0
github.com/Rain-kl/Wavelet/internal/repository/auth_source.go:111.42,113.3 1 0
github.com/Rain-kl/Wavelet/internal/repository/auth_source.go:114.2,114.102 1 0
github.com/Rain-kl/Wavelet/internal/repository/auth_source.go:118.61,119.13 1 0
github.com/Rain-kl/Wavelet/internal/repository/auth_source.go:119.13,121.3 1 0
github.com/Rain-kl/Wavelet/internal/repository/auth_source.go:122.2,122.56 1 0
github.com/Rain-kl/Wavelet/internal/repository/auth_source.go:122.56,123.99 1 0
github.com/Rain-kl/Wavelet/internal/repository/auth_source.go:123.99,125.4 1 0
github.com/Rain-kl/Wavelet/internal/repository/auth_source.go:126.3,126.60 1 0
github.com/Rain-kl/Wavelet/internal/repository/auth_source.go:131.115,133.127 2 0
github.com/Rain-kl/Wavelet/internal/repository/auth_source.go:133.127,135.3 1 0
github.com/Rain-kl/Wavelet/internal/repository/auth_source.go:136.2,136.22 1 0
github.com/Rain-kl/Wavelet/internal/repository/auth_source.go:140.85,141.72 1 0
github.com/Rain-kl/Wavelet/internal/repository/auth_source.go:141.72,143.3 1 0
github.com/Rain-kl/Wavelet/internal/repository/auth_source.go:144.2,148.56 4 0
github.com/Rain-kl/Wavelet/internal/repository/auth_source.go:148.56,151.17 3 0
github.com/Rain-kl/Wavelet/internal/repository/auth_source.go:151.17,152.40 1 0
github.com/Rain-kl/Wavelet/internal/repository/auth_source.go:152.40,154.5 1 0
github.com/Rain-kl/Wavelet/internal/repository/auth_source.go:155.4,158.12 1 0
github.com/Rain-kl/Wavelet/internal/repository/auth_source.go:160.3,160.46 1 0
github.com/Rain-kl/Wavelet/internal/repository/auth_source.go:160.46,162.4 1 0
github.com/Rain-kl/Wavelet/internal/repository/auth_source.go:163.3,163.34 1 0
github.com/Rain-kl/Wavelet/internal/repository/auth_source.go:168.108,169.17 1 0
github.com/Rain-kl/Wavelet/internal/repository/auth_source.go:169.17,171.3 1 0
github.com/Rain-kl/Wavelet/internal/repository/auth_source.go:172.2,173.102 2 0
github.com/Rain-kl/Wavelet/internal/repository/auth_source.go:173.102,175.3 1 0
github.com/Rain-kl/Wavelet/internal/repository/auth_source.go:176.2,177.35 2 0
github.com/Rain-kl/Wavelet/internal/repository/auth_source.go:177.35,179.32 2 0
github.com/Rain-kl/Wavelet/internal/repository/auth_source.go:179.32,183.4 3 0
github.com/Rain-kl/Wavelet/internal/repository/auth_source.go:183.9,185.18 2 0
github.com/Rain-kl/Wavelet/internal/repository/auth_source.go:185.18,186.13 1 0
github.com/Rain-kl/Wavelet/internal/repository/auth_source.go:188.4,191.19 4 0
github.com/Rain-kl/Wavelet/internal/repository/auth_source.go:191.19,193.5 1 0
github.com/Rain-kl/Wavelet/internal/repository/auth_source.go:195.3,204.5 1 0
github.com/Rain-kl/Wavelet/internal/repository/auth_source.go:206.2,206.19 1 0
github.com/Rain-kl/Wavelet/internal/repository/auth_source.go:210.88,211.28 1 0
github.com/Rain-kl/Wavelet/internal/repository/auth_source.go:211.28,213.3 1 0
github.com/Rain-kl/Wavelet/internal/repository/auth_source.go:214.2,214.102 1 0
github.com/Rain-kl/Wavelet/internal/repository/auth_source_cache.go:55.70,56.23 1 9
github.com/Rain-kl/Wavelet/internal/repository/auth_source_cache.go:56.23,58.3 1 0
github.com/Rain-kl/Wavelet/internal/repository/auth_source_cache.go:59.2,61.15 3 9
github.com/Rain-kl/Wavelet/internal/repository/auth_source_cache.go:64.64,66.2 1 6
github.com/Rain-kl/Wavelet/internal/repository/auth_source_cache.go:68.50,70.2 1 13
github.com/Rain-kl/Wavelet/internal/repository/auth_source_cache.go:72.51,74.2 1 7
github.com/Rain-kl/Wavelet/internal/repository/auth_source_cache.go:76.77,92.2 1 3
github.com/Rain-kl/Wavelet/internal/repository/auth_source_cache.go:94.77,110.2 1 1
github.com/Rain-kl/Wavelet/internal/repository/auth_source_cache.go:112.38,113.21 1 12
github.com/Rain-kl/Wavelet/internal/repository/auth_source_cache.go:113.21,115.3 1 0
github.com/Rain-kl/Wavelet/internal/repository/auth_source_cache.go:116.2,116.69 1 12
github.com/Rain-kl/Wavelet/internal/repository/auth_source_cache.go:119.49,124.17 4 4
github.com/Rain-kl/Wavelet/internal/repository/auth_source_cache.go:124.17,129.16 4 4
github.com/Rain-kl/Wavelet/internal/repository/auth_source_cache.go:129.16,131.4 1 4
github.com/Rain-kl/Wavelet/internal/repository/auth_source_cache.go:133.3,133.18 1 4
github.com/Rain-kl/Wavelet/internal/repository/auth_source_cache.go:133.18,136.4 2 4
github.com/Rain-kl/Wavelet/internal/repository/auth_source_cache.go:138.3,138.30 1 4
github.com/Rain-kl/Wavelet/internal/repository/auth_source_cache.go:138.30,141.4 2 5
github.com/Rain-kl/Wavelet/internal/repository/auth_source_cache.go:145.60,146.21 1 4
github.com/Rain-kl/Wavelet/internal/repository/auth_source_cache.go:146.21,148.3 1 0
github.com/Rain-kl/Wavelet/internal/repository/auth_source_cache.go:149.2,149.73 1 4
github.com/Rain-kl/Wavelet/internal/repository/auth_source_cache.go:152.85,155.21 3 4
github.com/Rain-kl/Wavelet/internal/repository/auth_source_cache.go:155.21,157.3 1 4
github.com/Rain-kl/Wavelet/internal/repository/auth_source_cache.go:160.96,161.19 1 3
github.com/Rain-kl/Wavelet/internal/repository/auth_source_cache.go:161.19,163.3 1 0
github.com/Rain-kl/Wavelet/internal/repository/auth_source_cache.go:164.2,166.21 3 3
github.com/Rain-kl/Wavelet/internal/repository/auth_source_cache.go:166.21,169.3 2 3
github.com/Rain-kl/Wavelet/internal/repository/auth_source_cache.go:173.82,176.81 2 5
github.com/Rain-kl/Wavelet/internal/repository/auth_source_cache.go:176.81,178.3 1 1
github.com/Rain-kl/Wavelet/internal/repository/auth_source_cache.go:180.2,180.21 1 4
github.com/Rain-kl/Wavelet/internal/repository/auth_source_cache.go:180.21,182.77 2 4
github.com/Rain-kl/Wavelet/internal/repository/auth_source_cache.go:182.77,185.4 2 1
github.com/Rain-kl/Wavelet/internal/repository/auth_source_cache.go:188.2,189.16 2 3
github.com/Rain-kl/Wavelet/internal/repository/auth_source_cache.go:189.16,191.3 1 0
github.com/Rain-kl/Wavelet/internal/repository/auth_source_cache.go:192.2,193.39 2 3
github.com/Rain-kl/Wavelet/internal/repository/auth_source_cache.go:197.93,201.22 3 3
github.com/Rain-kl/Wavelet/internal/repository/auth_source_cache.go:201.22,203.3 1 0
github.com/Rain-kl/Wavelet/internal/repository/auth_source_cache.go:205.2,205.68 1 3
github.com/Rain-kl/Wavelet/internal/repository/auth_source_cache.go:205.68,208.3 2 0
github.com/Rain-kl/Wavelet/internal/repository/auth_source_cache.go:210.2,210.21 1 3
github.com/Rain-kl/Wavelet/internal/repository/auth_source_cache.go:210.21,212.82 2 3
github.com/Rain-kl/Wavelet/internal/repository/auth_source_cache.go:212.82,217.4 4 1
github.com/Rain-kl/Wavelet/internal/repository/auth_source_cache.go:220.2,221.16 2 2
github.com/Rain-kl/Wavelet/internal/repository/auth_source_cache.go:221.16,223.3 1 0
github.com/Rain-kl/Wavelet/internal/repository/auth_source_cache.go:224.2,226.21 3 2
github.com/Rain-kl/Wavelet/internal/repository/auth_source_cache.go:230.59,236.21 4 4
github.com/Rain-kl/Wavelet/internal/repository/auth_source_cache.go:236.21,238.3 1 0
github.com/Rain-kl/Wavelet/internal/repository/auth_source_cache.go:240.2,240.90 1 4
github.com/Rain-kl/Wavelet/internal/repository/auth_source_cache.go:240.90,242.3 1 0
github.com/Rain-kl/Wavelet/internal/repository/auth_source_cache.go:244.2,247.21 4 4
github.com/Rain-kl/Wavelet/internal/repository/auth_source_cache.go:247.21,249.3 1 1
github.com/Rain-kl/Wavelet/internal/repository/auth_source_cache.go:250.2,250.35 1 4
github.com/Rain-kl/Wavelet/internal/repository/auth_source_cache.go:250.35,252.3 1 0
github.com/Rain-kl/Wavelet/internal/repository/auth_source_cache.go:253.2,253.19 1 4
github.com/Rain-kl/Wavelet/internal/repository/auth_source_cache.go:253.19,254.58 1 1
github.com/Rain-kl/Wavelet/internal/repository/auth_source_cache.go:254.58,256.4 1 0
github.com/Rain-kl/Wavelet/internal/repository/auth_source_cache.go:259.2,260.12 2 4
github.com/Rain-kl/Wavelet/internal/repository/auth_source_cache.go:264.36,265.37 1 5
github.com/Rain-kl/Wavelet/internal/repository/auth_source_cache.go:265.37,267.36 2 4
github.com/Rain-kl/Wavelet/internal/repository/auth_source_cache.go:267.36,269.4 1 4
github.com/Rain-kl/Wavelet/internal/repository/auth_source_cache.go:270.3,271.31 2 4
github.com/Rain-kl/Wavelet/internal/repository/auth_source_cache.go:273.2,273.38 1 5
github.com/Rain-kl/Wavelet/internal/repository/auth_source_cache.go:277.39,280.2 2 10
github.com/Rain-kl/Wavelet/internal/repository/message_gateway.go:18.80,19.16 1 0
github.com/Rain-kl/Wavelet/internal/repository/message_gateway.go:19.16,21.3 1 0
github.com/Rain-kl/Wavelet/internal/repository/message_gateway.go:22.2,22.36 1 0
github.com/Rain-kl/Wavelet/internal/repository/message_gateway.go:26.80,28.2 1 0
github.com/Rain-kl/Wavelet/internal/repository/message_gateway.go:31.87,33.72 2 0
github.com/Rain-kl/Wavelet/internal/repository/message_gateway.go:33.72,35.3 1 0
github.com/Rain-kl/Wavelet/internal/repository/message_gateway.go:36.2,36.17 1 0
github.com/Rain-kl/Wavelet/internal/repository/message_gateway.go:40.79,42.70 2 0
github.com/Rain-kl/Wavelet/internal/repository/message_gateway.go:42.70,44.3 1 0
github.com/Rain-kl/Wavelet/internal/repository/message_gateway.go:45.2,45.18 1 0
github.com/Rain-kl/Wavelet/internal/repository/message_gateway.go:49.65,50.56 1 0
github.com/Rain-kl/Wavelet/internal/repository/message_gateway.go:50.56,51.98 1 0
github.com/Rain-kl/Wavelet/internal/repository/message_gateway.go:51.98,53.4 1 0
github.com/Rain-kl/Wavelet/internal/repository/message_gateway.go:54.3,54.94 1 0
github.com/Rain-kl/Wavelet/internal/repository/message_gateway.go:54.94,56.4 1 0
github.com/Rain-kl/Wavelet/internal/repository/message_gateway.go:57.3,57.54 1 0
github.com/Rain-kl/Wavelet/internal/repository/message_gateway.go:62.79,63.15 1 0
github.com/Rain-kl/Wavelet/internal/repository/message_gateway.go:63.15,65.3 1 0
github.com/Rain-kl/Wavelet/internal/repository/message_gateway.go:66.2,66.35 1 0
github.com/Rain-kl/Wavelet/internal/repository/message_gateway.go:70.127,73.16 3 0
github.com/Rain-kl/Wavelet/internal/repository/message_gateway.go:73.16,75.3 1 0
github.com/Rain-kl/Wavelet/internal/repository/message_gateway.go:76.2,76.16 1 0
github.com/Rain-kl/Wavelet/internal/repository/message_gateway.go:80.93,82.99 2 0
github.com/Rain-kl/Wavelet/internal/repository/message_gateway.go:82.99,84.3 1 0
github.com/Rain-kl/Wavelet/internal/repository/message_gateway.go:85.2,85.18 1 0
github.com/Rain-kl/Wavelet/internal/repository/message_gateway.go:89.87,91.71 2 0
github.com/Rain-kl/Wavelet/internal/repository/message_gateway.go:91.71,93.3 1 0
github.com/Rain-kl/Wavelet/internal/repository/message_gateway.go:94.2,94.16 1 0
github.com/Rain-kl/Wavelet/internal/repository/message_gateway.go:98.65,100.2 1 0
github.com/Rain-kl/Wavelet/internal/repository/message_gateway.go:103.148,108.16 3 2
github.com/Rain-kl/Wavelet/internal/repository/message_gateway.go:108.16,110.3 1 1
github.com/Rain-kl/Wavelet/internal/repository/message_gateway.go:111.2,111.45 1 1
github.com/Rain-kl/Wavelet/internal/repository/message_gateway.go:111.45,113.3 1 0
github.com/Rain-kl/Wavelet/internal/repository/message_gateway.go:114.2,120.53 2 1
github.com/Rain-kl/Wavelet/internal/repository/message_gateway.go:120.53,122.3 1 0
github.com/Rain-kl/Wavelet/internal/repository/message_gateway.go:123.2,123.17 1 1
github.com/Rain-kl/Wavelet/internal/repository/message_gateway.go:127.90,129.77 2 0
github.com/Rain-kl/Wavelet/internal/repository/message_gateway.go:129.77,131.3 1 0
github.com/Rain-kl/Wavelet/internal/repository/message_gateway.go:132.2,132.18 1 0
github.com/Rain-kl/Wavelet/internal/repository/message_gateway.go:136.64,138.2 1 0
github.com/Rain-kl/Wavelet/internal/repository/message_gateway.go:141.59,143.2 1 0
github.com/Rain-kl/Wavelet/internal/repository/message_gateway.go:146.86,148.80 2 0
github.com/Rain-kl/Wavelet/internal/repository/message_gateway.go:148.80,150.3 1 0
github.com/Rain-kl/Wavelet/internal/repository/message_gateway.go:151.2,151.18 1 0
github.com/Rain-kl/Wavelet/internal/repository/push_channel.go:17.73,19.82 2 0
github.com/Rain-kl/Wavelet/internal/repository/push_channel.go:19.82,21.3 1 0
github.com/Rain-kl/Wavelet/internal/repository/push_channel.go:22.2,22.22 1 0
github.com/Rain-kl/Wavelet/internal/repository/push_channel.go:26.84,28.77 2 0
github.com/Rain-kl/Wavelet/internal/repository/push_channel.go:28.77,30.3 1 0
github.com/Rain-kl/Wavelet/internal/repository/push_channel.go:31.2,31.21 1 0
github.com/Rain-kl/Wavelet/internal/repository/push_channel.go:35.89,37.81 2 0
github.com/Rain-kl/Wavelet/internal/repository/push_channel.go:37.81,39.3 1 0
github.com/Rain-kl/Wavelet/internal/repository/push_channel.go:40.2,40.22 1 0
github.com/Rain-kl/Wavelet/internal/repository/push_channel.go:44.79,46.107 2 0
github.com/Rain-kl/Wavelet/internal/repository/push_channel.go:46.107,48.3 1 0
github.com/Rain-kl/Wavelet/internal/repository/push_channel.go:49.2,49.19 1 0
github.com/Rain-kl/Wavelet/internal/repository/push_channel.go:53.79,54.57 1 0
github.com/Rain-kl/Wavelet/internal/repository/push_channel.go:54.57,56.3 1 0
github.com/Rain-kl/Wavelet/internal/repository/push_channel.go:57.2,58.12 2 0
github.com/Rain-kl/Wavelet/internal/repository/push_channel.go:62.77,63.55 1 0
github.com/Rain-kl/Wavelet/internal/repository/push_channel.go:63.55,65.3 1 0
github.com/Rain-kl/Wavelet/internal/repository/push_channel.go:66.2,67.12 2 0
github.com/Rain-kl/Wavelet/internal/repository/push_channel.go:71.79,72.57 1 0
github.com/Rain-kl/Wavelet/internal/repository/push_channel.go:72.57,74.3 1 0
github.com/Rain-kl/Wavelet/internal/repository/push_channel.go:75.2,76.12 2 0
github.com/Rain-kl/Wavelet/internal/repository/push_channel.go:80.95,83.21 3 0
github.com/Rain-kl/Wavelet/internal/repository/push_channel.go:83.21,84.61 1 0
github.com/Rain-kl/Wavelet/internal/repository/push_channel.go:84.61,86.4 1 0
github.com/Rain-kl/Wavelet/internal/repository/push_channel.go:89.2,89.103 1 0
github.com/Rain-kl/Wavelet/internal/repository/push_channel.go:89.103,91.3 1 0
github.com/Rain-kl/Wavelet/internal/repository/push_channel.go:93.2,93.21 1 0
github.com/Rain-kl/Wavelet/internal/repository/push_channel.go:93.21,95.3 1 0
github.com/Rain-kl/Wavelet/internal/repository/push_channel.go:97.2,97.22 1 0
github.com/Rain-kl/Wavelet/internal/repository/push_channel.go:101.69,102.21 1 0
github.com/Rain-kl/Wavelet/internal/repository/push_channel.go:102.21,104.3 1 0
github.com/Rain-kl/Wavelet/internal/repository/push_event.go:17.69,19.80 2 0
github.com/Rain-kl/Wavelet/internal/repository/push_event.go:19.80,21.3 1 0
github.com/Rain-kl/Wavelet/internal/repository/push_event.go:22.2,22.20 1 0
github.com/Rain-kl/Wavelet/internal/repository/push_event.go:26.80,28.59 2 0
github.com/Rain-kl/Wavelet/internal/repository/push_event.go:28.59,30.3 1 0
github.com/Rain-kl/Wavelet/internal/repository/push_event.go:31.2,31.19 1 0
github.com/Rain-kl/Wavelet/internal/repository/push_event.go:35.82,37.83 2 0
github.com/Rain-kl/Wavelet/internal/repository/push_event.go:37.83,39.3 1 0
github.com/Rain-kl/Wavelet/internal/repository/push_event.go:40.2,40.19 1 0
github.com/Rain-kl/Wavelet/internal/repository/push_event.go:44.75,46.109 2 0
github.com/Rain-kl/Wavelet/internal/repository/push_event.go:46.109,48.3 1 0
github.com/Rain-kl/Wavelet/internal/repository/push_event.go:49.2,49.19 1 0
github.com/Rain-kl/Wavelet/internal/repository/push_event.go:53.73,54.55 1 0
github.com/Rain-kl/Wavelet/internal/repository/push_event.go:54.55,56.3 1 0
github.com/Rain-kl/Wavelet/internal/repository/push_event.go:57.2,58.12 2 0
github.com/Rain-kl/Wavelet/internal/repository/push_event.go:62.71,63.53 1 0
github.com/Rain-kl/Wavelet/internal/repository/push_event.go:63.53,65.3 1 0
github.com/Rain-kl/Wavelet/internal/repository/push_event.go:66.2,67.12 2 0
github.com/Rain-kl/Wavelet/internal/repository/push_event.go:71.94,73.81 2 0
github.com/Rain-kl/Wavelet/internal/repository/push_event.go:73.81,75.3 1 0
github.com/Rain-kl/Wavelet/internal/repository/push_event.go:76.2,77.12 2 0
github.com/Rain-kl/Wavelet/internal/repository/push_event.go:81.73,82.55 1 0
github.com/Rain-kl/Wavelet/internal/repository/push_event.go:82.55,84.3 1 0
github.com/Rain-kl/Wavelet/internal/repository/push_event.go:85.2,86.12 2 0
github.com/Rain-kl/Wavelet/internal/repository/push_event.go:90.102,92.110 2 0
github.com/Rain-kl/Wavelet/internal/repository/push_event.go:92.110,94.3 1 0
github.com/Rain-kl/Wavelet/internal/repository/push_event.go:95.2,95.20 1 0
github.com/Rain-kl/Wavelet/internal/repository/push_event.go:99.89,102.21 3 0
github.com/Rain-kl/Wavelet/internal/repository/push_event.go:102.21,103.59 1 0
github.com/Rain-kl/Wavelet/internal/repository/push_event.go:103.59,105.4 1 0
github.com/Rain-kl/Wavelet/internal/repository/push_event.go:108.2,108.105 1 0
github.com/Rain-kl/Wavelet/internal/repository/push_event.go:108.105,110.3 1 0
github.com/Rain-kl/Wavelet/internal/repository/push_event.go:112.2,112.21 1 0
github.com/Rain-kl/Wavelet/internal/repository/push_event.go:112.21,114.3 1 0
github.com/Rain-kl/Wavelet/internal/repository/push_event.go:116.2,116.20 1 0
github.com/Rain-kl/Wavelet/internal/repository/push_event.go:120.66,121.21 1 0
github.com/Rain-kl/Wavelet/internal/repository/push_event.go:121.21,123.3 1 0
github.com/Rain-kl/Wavelet/internal/repository/push_history.go:23.111,25.27 2 0
github.com/Rain-kl/Wavelet/internal/repository/push_history.go:25.27,27.3 1 0
github.com/Rain-kl/Wavelet/internal/repository/push_history.go:28.2,28.25 1 0
github.com/Rain-kl/Wavelet/internal/repository/push_history.go:28.25,30.3 1 0
github.com/Rain-kl/Wavelet/internal/repository/push_history.go:32.2,33.50 2 0
github.com/Rain-kl/Wavelet/internal/repository/push_history.go:33.50,35.3 1 0
github.com/Rain-kl/Wavelet/internal/repository/push_history.go:37.2,39.89 3 0
github.com/Rain-kl/Wavelet/internal/repository/push_history.go:39.89,41.3 1 0
github.com/Rain-kl/Wavelet/internal/repository/push_history.go:43.2,43.28 1 0
github.com/Rain-kl/Wavelet/internal/repository/push_history.go:47.79,49.2 1 0
github.com/Rain-kl/Wavelet/internal/repository/push_history.go:52.53,54.2 1 0
github.com/Rain-kl/Wavelet/internal/repository/schedule.go:14.74,16.2 1 0
github.com/Rain-kl/Wavelet/internal/repository/schedule.go:19.74,21.2 1 0
github.com/Rain-kl/Wavelet/internal/repository/schedule.go:24.59,26.2 1 0
github.com/Rain-kl/Wavelet/internal/repository/schedule.go:29.79,31.78 2 0
github.com/Rain-kl/Wavelet/internal/repository/schedule.go:31.78,33.3 1 0
github.com/Rain-kl/Wavelet/internal/repository/schedule.go:34.2,34.23 1 0
github.com/Rain-kl/Wavelet/internal/repository/schedule.go:38.67,40.75 2 0
github.com/Rain-kl/Wavelet/internal/repository/schedule.go:40.75,42.3 1 0
github.com/Rain-kl/Wavelet/internal/repository/schedule.go:43.2,43.23 1 0
github.com/Rain-kl/Wavelet/internal/repository/schedule.go:47.73,49.87 2 0
github.com/Rain-kl/Wavelet/internal/repository/schedule.go:49.87,51.3 1 0
github.com/Rain-kl/Wavelet/internal/repository/schedule.go:52.2,52.23 1 0
github.com/Rain-kl/Wavelet/internal/repository/system_config.go:25.78,27.21 2 0
github.com/Rain-kl/Wavelet/internal/repository/system_config.go:27.21,29.3 1 0
github.com/Rain-kl/Wavelet/internal/repository/system_config.go:31.2,32.54 2 0
github.com/Rain-kl/Wavelet/internal/repository/system_config.go:32.54,34.3 1 0
github.com/Rain-kl/Wavelet/internal/repository/system_config.go:35.2,35.21 1 0
github.com/Rain-kl/Wavelet/internal/repository/system_config.go:40.92,42.21 2 0
github.com/Rain-kl/Wavelet/internal/repository/system_config.go:42.21,44.3 1 0
github.com/Rain-kl/Wavelet/internal/repository/system_config.go:46.2,47.72 2 0
github.com/Rain-kl/Wavelet/internal/repository/system_config.go:47.72,49.3 1 0
github.com/Rain-kl/Wavelet/internal/repository/system_config.go:50.2,50.16 1 0
github.com/Rain-kl/Wavelet/internal/repository/system_config.go:54.109,57.46 2 3
github.com/Rain-kl/Wavelet/internal/repository/system_config.go:57.46,59.65 2 0
github.com/Rain-kl/Wavelet/internal/repository/system_config.go:59.65,61.4 1 0
github.com/Rain-kl/Wavelet/internal/repository/system_config.go:64.2,65.21 2 3
github.com/Rain-kl/Wavelet/internal/repository/system_config.go:65.21,67.3 1 0
github.com/Rain-kl/Wavelet/internal/repository/system_config.go:69.2,70.72 2 3
github.com/Rain-kl/Wavelet/internal/repository/system_config.go:70.72,72.3 1 0
github.com/Rain-kl/Wavelet/internal/repository/system_config.go:75.2,76.16 2 3
github.com/Rain-kl/Wavelet/internal/repository/system_config.go:76.16,83.3 1 3
github.com/Rain-kl/Wavelet/internal/repository/system_config.go:85.2,85.16 1 3
github.com/Rain-kl/Wavelet/internal/repository/system_config.go:89.88,91.2 1 2
github.com/Rain-kl/Wavelet/internal/repository/system_config.go:94.105,95.20 1 2
github.com/Rain-kl/Wavelet/internal/repository/system_config.go:95.20,97.3 1 1
github.com/Rain-kl/Wavelet/internal/repository/system_config.go:99.2,104.27 4 1
github.com/Rain-kl/Wavelet/internal/repository/system_config.go:104.27,105.52 1 1
github.com/Rain-kl/Wavelet/internal/repository/system_config.go:105.52,107.66 2 1
github.com/Rain-kl/Wavelet/internal/repository/system_config.go:107.66,109.13 2 1
github.com/Rain-kl/Wavelet/internal/repository/system_config.go:112.3,112.33 1 0
github.com/Rain-kl/Wavelet/internal/repository/system_config.go:115.2,115.23 1 1
github.com/Rain-kl/Wavelet/internal/repository/system_config.go:115.23,117.3 1 1
github.com/Rain-kl/Wavelet/internal/repository/system_config.go:119.2,120.21 2 0
github.com/Rain-kl/Wavelet/internal/repository/system_config.go:120.21,122.3 1 0
github.com/Rain-kl/Wavelet/internal/repository/system_config.go:124.2,125.81 2 0
github.com/Rain-kl/Wavelet/internal/repository/system_config.go:125.81,127.3 1 0
github.com/Rain-kl/Wavelet/internal/repository/system_config.go:129.2,129.25 1 0
github.com/Rain-kl/Wavelet/internal/repository/system_config.go:129.25,131.17 2 0
github.com/Rain-kl/Wavelet/internal/repository/system_config.go:131.17,138.4 1 0
github.com/Rain-kl/Wavelet/internal/repository/system_config.go:139.3,139.38 1 0
github.com/Rain-kl/Wavelet/internal/repository/system_config.go:142.2,142.20 1 0
github.com/Rain-kl/Wavelet/internal/repository/system_config.go:146.69,148.2 1 0
github.com/Rain-kl/Wavelet/internal/repository/system_config.go:151.82,155.20 3 0
github.com/Rain-kl/Wavelet/internal/repository/system_config.go:155.20,157.30 2 0
github.com/Rain-kl/Wavelet/internal/repository/system_config.go:157.30,159.66 2 0
github.com/Rain-kl/Wavelet/internal/repository/system_config.go:159.66,160.55 1 0
github.com/Rain-kl/Wavelet/internal/repository/system_config.go:160.55,162.6 1 0
github.com/Rain-kl/Wavelet/internal/repository/system_config.go:165.3,165.19 1 0
github.com/Rain-kl/Wavelet/internal/repository/system_config.go:168.2,169.21 2 0
github.com/Rain-kl/Wavelet/internal/repository/system_config.go:169.21,171.3 1 0
github.com/Rain-kl/Wavelet/internal/repository/system_config.go:173.2,174.109 2 0
github.com/Rain-kl/Wavelet/internal/repository/system_config.go:174.109,176.3 1 0
github.com/Rain-kl/Wavelet/internal/repository/system_config.go:179.2,179.30 1 0
github.com/Rain-kl/Wavelet/internal/repository/system_config.go:179.30,181.17 2 0
github.com/Rain-kl/Wavelet/internal/repository/system_config.go:181.17,188.4 1 0
github.com/Rain-kl/Wavelet/internal/repository/system_config.go:191.2,191.21 1 0
github.com/Rain-kl/Wavelet/internal/repository/system_config.go:195.64,197.16 2 0
github.com/Rain-kl/Wavelet/internal/repository/system_config.go:197.16,199.3 1 0
github.com/Rain-kl/Wavelet/internal/repository/system_config.go:201.2,202.16 2 0
github.com/Rain-kl/Wavelet/internal/repository/system_config.go:202.16,204.3 1 0
github.com/Rain-kl/Wavelet/internal/repository/system_config.go:206.2,206.19 1 0
github.com/Rain-kl/Wavelet/internal/repository/system_config.go:210.97,212.16 2 0
github.com/Rain-kl/Wavelet/internal/repository/system_config.go:212.16,214.3 1 0
github.com/Rain-kl/Wavelet/internal/repository/system_config.go:216.2,217.16 2 0
github.com/Rain-kl/Wavelet/internal/repository/system_config.go:217.16,219.3 1 0
github.com/Rain-kl/Wavelet/internal/repository/system_config.go:221.2,221.39 1 0
github.com/Rain-kl/Wavelet/internal/repository/system_config.go:225.66,227.16 2 0
github.com/Rain-kl/Wavelet/internal/repository/system_config.go:227.16,229.3 1 0
github.com/Rain-kl/Wavelet/internal/repository/system_config.go:231.2,232.16 2 0
github.com/Rain-kl/Wavelet/internal/repository/system_config.go:232.16,234.3 1 0
github.com/Rain-kl/Wavelet/internal/repository/system_config.go:236.2,236.19 1 0
github.com/Rain-kl/Wavelet/internal/repository/system_config.go:240.73,242.16 2 0
github.com/Rain-kl/Wavelet/internal/repository/system_config.go:242.16,244.3 1 0
github.com/Rain-kl/Wavelet/internal/repository/system_config.go:246.2,247.40 2 0
github.com/Rain-kl/Wavelet/internal/repository/system_config.go:247.40,249.3 1 0
github.com/Rain-kl/Wavelet/internal/repository/system_config.go:251.2,251.66 1 0
github.com/Rain-kl/Wavelet/internal/repository/system_config.go:251.66,253.3 1 0
github.com/Rain-kl/Wavelet/internal/repository/system_config.go:255.2,255.20 1 0
github.com/Rain-kl/Wavelet/internal/repository/system_config_admin.go:16.99,18.22 2 0
github.com/Rain-kl/Wavelet/internal/repository/system_config_admin.go:18.22,20.3 1 0
github.com/Rain-kl/Wavelet/internal/repository/system_config_admin.go:21.2,22.51 2 0
github.com/Rain-kl/Wavelet/internal/repository/system_config_admin.go:22.51,24.3 1 0
github.com/Rain-kl/Wavelet/internal/repository/system_config_admin.go:25.2,25.21 1 0
github.com/Rain-kl/Wavelet/internal/repository/system_config_admin.go:29.93,31.78 2 0
github.com/Rain-kl/Wavelet/internal/repository/system_config_admin.go:31.78,33.3 1 0
github.com/Rain-kl/Wavelet/internal/repository/system_config_admin.go:34.2,34.20 1 0
github.com/Rain-kl/Wavelet/internal/repository/system_config_admin.go:38.72,41.44 3 0
github.com/Rain-kl/Wavelet/internal/repository/system_config_admin.go:41.44,43.3 1 0
github.com/Rain-kl/Wavelet/internal/repository/system_config_admin.go:44.2,44.16 1 0
github.com/Rain-kl/Wavelet/internal/repository/system_config_admin.go:44.16,46.3 1 0
github.com/Rain-kl/Wavelet/internal/repository/system_config_admin.go:47.2,47.18 1 0
github.com/Rain-kl/Wavelet/internal/repository/system_config_admin.go:51.80,53.2 1 0
github.com/Rain-kl/Wavelet/internal/repository/system_config_admin.go:56.110,58.2 1 0
github.com/Rain-kl/Wavelet/internal/repository/system_config_admin.go:61.77,64.59 3 0
github.com/Rain-kl/Wavelet/internal/repository/system_config_admin.go:64.59,66.3 1 0
github.com/Rain-kl/Wavelet/internal/repository/system_config_admin.go:68.2,68.44 1 0
github.com/Rain-kl/Wavelet/internal/repository/system_config_admin.go:68.44,75.54 2 0
github.com/Rain-kl/Wavelet/internal/repository/system_config_admin.go:75.54,77.4 1 0
github.com/Rain-kl/Wavelet/internal/repository/system_config_admin.go:78.8,80.52 2 0
github.com/Rain-kl/Wavelet/internal/repository/system_config_admin.go:80.52,82.4 1 0
github.com/Rain-kl/Wavelet/internal/repository/system_config_admin.go:84.2,84.46 1 0
github.com/Rain-kl/Wavelet/internal/repository/system_config_cache.go:45.94,47.16 2 0
github.com/Rain-kl/Wavelet/internal/repository/system_config_cache.go:47.16,49.3 1 0
github.com/Rain-kl/Wavelet/internal/repository/system_config_cache.go:51.2,52.30 2 0
github.com/Rain-kl/Wavelet/internal/repository/system_config_cache.go:52.30,54.17 2 0
github.com/Rain-kl/Wavelet/internal/repository/system_config_cache.go:54.17,56.4 1 0
github.com/Rain-kl/Wavelet/internal/repository/system_config_cache.go:57.3,62.4 1 0
github.com/Rain-kl/Wavelet/internal/repository/system_config_cache.go:64.2,64.19 1 0
github.com/Rain-kl/Wavelet/internal/repository/system_config_cache.go:68.104,70.16 2 0
github.com/Rain-kl/Wavelet/internal/repository/system_config_cache.go:70.16,71.45 1 0
github.com/Rain-kl/Wavelet/internal/repository/system_config_cache.go:71.45,73.4 1 0
github.com/Rain-kl/Wavelet/internal/repository/system_config_cache.go:74.3,74.30 1 0
github.com/Rain-kl/Wavelet/internal/repository/system_config_cache.go:77.2,78.16 2 0
github.com/Rain-kl/Wavelet/internal/repository/system_config_cache.go:78.16,80.3 1 0
github.com/Rain-kl/Wavelet/internal/repository/system_config_cache.go:82.2,87.8 1 0
github.com/Rain-kl/Wavelet/internal/repository/system_config_cache.go:91.54,93.2 1 0
github.com/Rain-kl/Wavelet/internal/repository/system_config_cache.go:102.40,104.2 1 5
github.com/Rain-kl/Wavelet/internal/repository/system_config_cache.go:106.51,107.21 1 2
github.com/Rain-kl/Wavelet/internal/repository/system_config_cache.go:107.21,109.3 1 0
github.com/Rain-kl/Wavelet/internal/repository/system_config_cache.go:111.2,115.17 4 2
github.com/Rain-kl/Wavelet/internal/repository/system_config_cache.go:115.17,120.16 4 2
github.com/Rain-kl/Wavelet/internal/repository/system_config_cache.go:120.16,122.4 1 2
github.com/Rain-kl/Wavelet/internal/repository/system_config_cache.go:124.3,124.18 1 2
github.com/Rain-kl/Wavelet/internal/repository/system_config_cache.go:124.18,127.4 2 2
github.com/Rain-kl/Wavelet/internal/repository/system_config_cache.go:129.3,129.37 1 2
github.com/Rain-kl/Wavelet/internal/repository/system_config_cache.go:129.37,131.72 2 1
github.com/Rain-kl/Wavelet/internal/repository/system_config_cache.go:131.72,133.13 2 0
github.com/Rain-kl/Wavelet/internal/repository/system_config_cache.go:136.4,137.31 2 1
github.com/Rain-kl/Wavelet/internal/repository/system_config_cache.go:137.31,139.5 1 0
github.com/Rain-kl/Wavelet/internal/repository/system_config_cache.go:139.10,141.5 1 1
github.com/Rain-kl/Wavelet/internal/repository/system_config_cache.go:147.38,148.39 1 3
github.com/Rain-kl/Wavelet/internal/repository/system_config_cache.go:148.39,150.38 2 2
github.com/Rain-kl/Wavelet/internal/repository/system_config_cache.go:150.38,152.4 1 2
github.com/Rain-kl/Wavelet/internal/repository/system_config_cache.go:153.3,154.33 2 2
github.com/Rain-kl/Wavelet/internal/repository/system_config_cache.go:156.2,156.40 1 3
github.com/Rain-kl/Wavelet/internal/repository/system_config_cache.go:159.43,162.2 1 3
github.com/Rain-kl/Wavelet/internal/repository/system_config_cache.go:165.73,172.21 3 1
github.com/Rain-kl/Wavelet/internal/repository/system_config_cache.go:172.21,175.3 2 1
github.com/Rain-kl/Wavelet/internal/repository/system_config_cache.go:176.2,176.12 1 1
github.com/Rain-kl/Wavelet/internal/repository/system_config_cache.go:180.65,187.21 3 0
github.com/Rain-kl/Wavelet/internal/repository/system_config_cache.go:187.21,190.3 2 0
github.com/Rain-kl/Wavelet/internal/repository/system_config_cache.go:191.2,191.12 1 0
github.com/Rain-kl/Wavelet/internal/repository/system_config_cache.go:194.87,195.21 1 1
github.com/Rain-kl/Wavelet/internal/repository/system_config_cache.go:195.21,197.3 1 0
github.com/Rain-kl/Wavelet/internal/repository/system_config_cache.go:198.2,199.16 2 1
github.com/Rain-kl/Wavelet/internal/repository/system_config_cache.go:199.16,201.3 1 0
github.com/Rain-kl/Wavelet/internal/repository/system_config_cache.go:202.2,202.72 1 1
github.com/Rain-kl/Wavelet/internal/repository/system_config_cache.go:206.41,208.2 1 5
github.com/Rain-kl/Wavelet/internal/repository/task_execution.go:30.85,33.2 2 50
github.com/Rain-kl/Wavelet/internal/repository/task_execution.go:36.85,38.2 1 4
github.com/Rain-kl/Wavelet/internal/repository/task_execution.go:41.97,43.88 2 7
github.com/Rain-kl/Wavelet/internal/repository/task_execution.go:43.88,45.3 1 1
github.com/Rain-kl/Wavelet/internal/repository/task_execution.go:46.2,46.62 1 6
github.com/Rain-kl/Wavelet/internal/repository/task_execution.go:46.62,48.3 1 0
github.com/Rain-kl/Wavelet/internal/repository/task_execution.go:49.2,49.24 1 6
github.com/Rain-kl/Wavelet/internal/repository/task_execution.go:53.89,55.79 2 2
github.com/Rain-kl/Wavelet/internal/repository/task_execution.go:55.79,57.3 1 0
github.com/Rain-kl/Wavelet/internal/repository/task_execution.go:58.2,58.62 1 2
github.com/Rain-kl/Wavelet/internal/repository/task_execution.go:58.62,60.3 1 0
github.com/Rain-kl/Wavelet/internal/repository/task_execution.go:61.2,61.24 1 2
github.com/Rain-kl/Wavelet/internal/repository/task_execution.go:66.113,72.16 3 0
github.com/Rain-kl/Wavelet/internal/repository/task_execution.go:72.16,73.71 1 0
github.com/Rain-kl/Wavelet/internal/repository/task_execution.go:73.71,75.4 1 0
github.com/Rain-kl/Wavelet/internal/repository/task_execution.go:76.3,76.31 1 0
github.com/Rain-kl/Wavelet/internal/repository/task_execution.go:78.2,78.44 1 0
github.com/Rain-kl/Wavelet/internal/repository/task_execution.go:78.44,80.3 1 0
github.com/Rain-kl/Wavelet/internal/repository/task_execution.go:81.2,81.24 1 0
github.com/Rain-kl/Wavelet/internal/repository/task_execution.go:85.87,86.21 1 1012
github.com/Rain-kl/Wavelet/internal/repository/task_execution.go:86.21,88.3 1 0
github.com/Rain-kl/Wavelet/internal/repository/task_execution.go:90.2,94.71 4 1012
github.com/Rain-kl/Wavelet/internal/repository/task_execution.go:94.71,99.3 4 1012
github.com/Rain-kl/Wavelet/internal/repository/task_execution.go:100.2,100.16 1 1012
github.com/Rain-kl/Wavelet/internal/repository/task_execution.go:100.16,102.3 1 0
github.com/Rain-kl/Wavelet/internal/repository/task_execution.go:103.2,103.12 1 1012
github.com/Rain-kl/Wavelet/internal/repository/task_execution.go:107.70,108.21 1 2
github.com/Rain-kl/Wavelet/internal/repository/task_execution.go:108.21,110.3 1 0
github.com/Rain-kl/Wavelet/internal/repository/task_execution.go:112.2,114.16 3 2
github.com/Rain-kl/Wavelet/internal/repository/task_execution.go:114.16,116.3 1 0
github.com/Rain-kl/Wavelet/internal/repository/task_execution.go:117.2,117.24 1 2
github.com/Rain-kl/Wavelet/internal/repository/task_execution.go:117.24,119.3 1 0
github.com/Rain-kl/Wavelet/internal/repository/task_execution.go:120.2,125.25 3 2
github.com/Rain-kl/Wavelet/internal/repository/task_execution.go:125.25,127.3 1 0
github.com/Rain-kl/Wavelet/internal/repository/task_execution.go:128.2,128.30 1 2
github.com/Rain-kl/Wavelet/internal/repository/task_execution.go:128.30,130.3 1 1
github.com/Rain-kl/Wavelet/internal/repository/task_execution.go:132.2,132.53 1 1
github.com/Rain-kl/Wavelet/internal/repository/task_execution.go:132.53,134.3 1 0
github.com/Rain-kl/Wavelet/internal/repository/task_execution.go:135.2,135.12 1 1
github.com/Rain-kl/Wavelet/internal/repository/task_execution.go:139.121,140.19 1 10
github.com/Rain-kl/Wavelet/internal/repository/task_execution.go:140.19,142.3 1 1
github.com/Rain-kl/Wavelet/internal/repository/task_execution.go:143.2,143.23 1 10
github.com/Rain-kl/Wavelet/internal/repository/task_execution.go:143.23,145.3 1 1
github.com/Rain-kl/Wavelet/internal/repository/task_execution.go:147.2,149.22 2 10
github.com/Rain-kl/Wavelet/internal/repository/task_execution.go:149.22,151.3 1 2
github.com/Rain-kl/Wavelet/internal/repository/task_execution.go:152.2,152.24 1 10
github.com/Rain-kl/Wavelet/internal/repository/task_execution.go:152.24,154.3 1 3
github.com/Rain-kl/Wavelet/internal/repository/task_execution.go:154.8,154.73 1 7
github.com/Rain-kl/Wavelet/internal/repository/task_execution.go:154.73,156.3 1 1
github.com/Rain-kl/Wavelet/internal/repository/task_execution.go:156.8,156.37 1 6
github.com/Rain-kl/Wavelet/internal/repository/task_execution.go:156.37,158.3 1 1
github.com/Rain-kl/Wavelet/internal/repository/task_execution.go:160.2,161.50 2 10
github.com/Rain-kl/Wavelet/internal/repository/task_execution.go:161.50,163.3 1 0
github.com/Rain-kl/Wavelet/internal/repository/task_execution.go:165.2,167.106 3 10
github.com/Rain-kl/Wavelet/internal/repository/task_execution.go:167.106,169.3 1 0
github.com/Rain-kl/Wavelet/internal/repository/task_execution.go:170.2,170.63 1 10
github.com/Rain-kl/Wavelet/internal/repository/task_execution.go:170.63,172.3 1 0
github.com/Rain-kl/Wavelet/internal/repository/task_execution.go:174.2,174.31 1 10
github.com/Rain-kl/Wavelet/internal/repository/task_execution.go:177.48,178.34 1 7
github.com/Rain-kl/Wavelet/internal/repository/task_execution.go:178.34,180.3 1 6
github.com/Rain-kl/Wavelet/internal/repository/task_execution.go:181.2,183.29 3 1
github.com/Rain-kl/Wavelet/internal/repository/task_execution.go:183.29,185.17 2 2
github.com/Rain-kl/Wavelet/internal/repository/task_execution.go:185.17,187.4 1 2
github.com/Rain-kl/Wavelet/internal/repository/task_execution.go:189.2,189.12 1 1
github.com/Rain-kl/Wavelet/internal/repository/task_execution.go:198.9,206.2 1 0
github.com/Rain-kl/Wavelet/internal/repository/task_execution.go:209.108,227.65 7 1
github.com/Rain-kl/Wavelet/internal/repository/task_execution.go:227.65,229.3 1 0
github.com/Rain-kl/Wavelet/internal/repository/task_execution.go:231.2,232.37 2 1
github.com/Rain-kl/Wavelet/internal/repository/task_execution.go:232.37,238.39 2 1
github.com/Rain-kl/Wavelet/internal/repository/task_execution.go:238.39,240.4 1 0
github.com/Rain-kl/Wavelet/internal/repository/task_execution.go:241.3,241.58 1 1
github.com/Rain-kl/Wavelet/internal/repository/task_execution.go:244.2,247.37 2 1
github.com/Rain-kl/Wavelet/internal/repository/task_execution.go:247.37,249.3 1 1
github.com/Rain-kl/Wavelet/internal/repository/task_execution.go:250.2,251.37 2 1
github.com/Rain-kl/Wavelet/internal/repository/task_execution.go:251.37,253.3 1 0
github.com/Rain-kl/Wavelet/internal/repository/task_execution.go:255.2,258.8 1 1
github.com/Rain-kl/Wavelet/internal/repository/task_execution.go:261.53,263.2 1 1047
github.com/Rain-kl/Wavelet/internal/repository/task_execution.go:265.86,266.21 1 8
github.com/Rain-kl/Wavelet/internal/repository/task_execution.go:266.21,268.3 1 0
github.com/Rain-kl/Wavelet/internal/repository/task_execution.go:270.2,271.16 2 8
github.com/Rain-kl/Wavelet/internal/repository/task_execution.go:271.16,273.3 1 0
github.com/Rain-kl/Wavelet/internal/repository/task_execution.go:274.2,274.24 1 8
github.com/Rain-kl/Wavelet/internal/repository/task_execution.go:274.24,276.3 1 5
github.com/Rain-kl/Wavelet/internal/repository/task_execution.go:278.2,279.12 2 3
github.com/Rain-kl/Wavelet/internal/repository/task_execution.go:282.89,283.45 1 10
github.com/Rain-kl/Wavelet/internal/repository/task_execution.go:283.45,285.3 1 1
github.com/Rain-kl/Wavelet/internal/repository/task_execution.go:287.2,288.69 2 9
github.com/Rain-kl/Wavelet/internal/repository/task_execution.go:288.69,289.29 1 9
github.com/Rain-kl/Wavelet/internal/repository/task_execution.go:289.29,291.4 1 23
github.com/Rain-kl/Wavelet/internal/repository/task_execution.go:292.3,292.13 1 9
github.com/Rain-kl/Wavelet/internal/repository/task_execution.go:294.2,294.16 1 9
github.com/Rain-kl/Wavelet/internal/repository/task_execution.go:294.16,296.3 1 0
github.com/Rain-kl/Wavelet/internal/repository/task_execution.go:298.2,298.28 1 9
github.com/Rain-kl/Wavelet/internal/repository/task_execution.go:298.28,300.24 2 23
github.com/Rain-kl/Wavelet/internal/repository/task_execution.go:300.24,302.4 1 4
github.com/Rain-kl/Wavelet/internal/repository/task_execution.go:304.2,304.12 1 9
github.com/Rain-kl/Wavelet/internal/repository/template.go:16.67,18.99 2 0
github.com/Rain-kl/Wavelet/internal/repository/template.go:18.99,20.3 1 0
github.com/Rain-kl/Wavelet/internal/repository/template.go:21.2,21.23 1 0
github.com/Rain-kl/Wavelet/internal/repository/template.go:25.80,27.76 2 0
github.com/Rain-kl/Wavelet/internal/repository/template.go:27.76,29.3 1 0
github.com/Rain-kl/Wavelet/internal/repository/template.go:30.2,30.18 1 0
github.com/Rain-kl/Wavelet/internal/repository/template.go:34.73,37.44 3 0
github.com/Rain-kl/Wavelet/internal/repository/template.go:37.44,39.3 1 0
github.com/Rain-kl/Wavelet/internal/repository/template.go:40.2,40.16 1 0
github.com/Rain-kl/Wavelet/internal/repository/template.go:40.16,42.3 1 0
github.com/Rain-kl/Wavelet/internal/repository/template.go:43.2,43.18 1 0
github.com/Rain-kl/Wavelet/internal/repository/template.go:47.70,49.2 1 0
github.com/Rain-kl/Wavelet/internal/repository/template.go:52.68,54.2 1 0
github.com/Rain-kl/Wavelet/internal/repository/template.go:57.70,59.2 1 0
github.com/Rain-kl/Wavelet/internal/repository/upload.go:27.95,31.24 2 0
github.com/Rain-kl/Wavelet/internal/repository/upload.go:31.24,33.3 1 0
github.com/Rain-kl/Wavelet/internal/repository/upload.go:34.2,34.26 1 0
github.com/Rain-kl/Wavelet/internal/repository/upload.go:34.26,36.3 1 0
github.com/Rain-kl/Wavelet/internal/repository/upload.go:37.2,37.23 1 0
github.com/Rain-kl/Wavelet/internal/repository/upload.go:37.23,39.3 1 0
github.com/Rain-kl/Wavelet/internal/repository/upload.go:40.2,40.28 1 0
github.com/Rain-kl/Wavelet/internal/repository/upload.go:40.28,42.3 1 0
github.com/Rain-kl/Wavelet/internal/repository/upload.go:44.2,45.50 2 0
github.com/Rain-kl/Wavelet/internal/repository/upload.go:45.50,47.3 1 0
github.com/Rain-kl/Wavelet/internal/repository/upload.go:49.2,51.112 3 0
github.com/Rain-kl/Wavelet/internal/repository/upload.go:51.112,53.3 1 0
github.com/Rain-kl/Wavelet/internal/repository/upload.go:54.2,54.26 1 0
github.com/Rain-kl/Wavelet/internal/repository/upload.go:58.80,60.119 2 0
github.com/Rain-kl/Wavelet/internal/repository/upload.go:60.119,62.3 1 0
github.com/Rain-kl/Wavelet/internal/repository/upload.go:63.2,63.20 1 0
github.com/Rain-kl/Wavelet/internal/repository/upload.go:68.72,70.2 1 0
github.com/Rain-kl/Wavelet/internal/repository/upload.go:73.66,75.2 1 0
github.com/Rain-kl/Wavelet/internal/repository/upload.go:78.92,79.23 1 0
github.com/Rain-kl/Wavelet/internal/repository/upload.go:79.23,81.3 1 0
github.com/Rain-kl/Wavelet/internal/repository/upload.go:82.2,82.56 1 0
github.com/Rain-kl/Wavelet/internal/repository/upload.go:86.69,91.43 2 0
github.com/Rain-kl/Wavelet/internal/repository/upload.go:91.43,93.3 1 0
github.com/Rain-kl/Wavelet/internal/repository/upload.go:94.2,94.19 1 0
github.com/Rain-kl/Wavelet/internal/repository/upload.go:98.99,104.2 3 0
github.com/Rain-kl/Wavelet/internal/repository/upload.go:108.68,110.2 1 0
github.com/Rain-kl/Wavelet/internal/repository/upload.go:113.62,115.2 1 0
github.com/Rain-kl/Wavelet/internal/repository/upload.go:118.82,122.36 2 0
github.com/Rain-kl/Wavelet/internal/repository/upload.go:122.36,124.3 1 0
github.com/Rain-kl/Wavelet/internal/repository/upload.go:125.2,125.21 1 0
github.com/Rain-kl/Wavelet/internal/repository/upload.go:129.48,131.2 1 0
github.com/Rain-kl/Wavelet/internal/repository/upload_stat.go:14.71,16.54 2 0
github.com/Rain-kl/Wavelet/internal/repository/upload_stat.go:16.54,18.3 1 0
github.com/Rain-kl/Wavelet/internal/repository/upload_stat.go:19.2,19.19 1 0
github.com/Rain-kl/Wavelet/internal/repository/user.go:19.70,21.74 2 0
github.com/Rain-kl/Wavelet/internal/repository/user.go:21.74,23.3 1 0
github.com/Rain-kl/Wavelet/internal/repository/user.go:24.2,24.18 1 0
github.com/Rain-kl/Wavelet/internal/repository/user.go:28.82,30.86 2 0
github.com/Rain-kl/Wavelet/internal/repository/user.go:30.86,32.3 1 0
github.com/Rain-kl/Wavelet/internal/repository/user.go:33.2,33.18 1 0
github.com/Rain-kl/Wavelet/internal/repository/user.go:37.52,39.94 2 0
github.com/Rain-kl/Wavelet/internal/repository/user.go:39.94,41.3 1 0
github.com/Rain-kl/Wavelet/internal/repository/user.go:42.2,46.3 1 0
github.com/Rain-kl/Wavelet/internal/repository/user.go:50.65,52.98 2 0
github.com/Rain-kl/Wavelet/internal/repository/user.go:52.98,54.3 1 0
github.com/Rain-kl/Wavelet/internal/repository/user.go:55.2,55.18 1 0
github.com/Rain-kl/Wavelet/internal/repository/user.go:68.99,70.26 2 0
github.com/Rain-kl/Wavelet/internal/repository/user.go:70.26,72.3 1 0
github.com/Rain-kl/Wavelet/internal/repository/user.go:73.2,73.27 1 0
github.com/Rain-kl/Wavelet/internal/repository/user.go:73.27,75.3 1 0
github.com/Rain-kl/Wavelet/internal/repository/user.go:76.2,76.24 1 0
github.com/Rain-kl/Wavelet/internal/repository/user.go:76.24,78.3 1 0
github.com/Rain-kl/Wavelet/internal/repository/user.go:80.2,81.50 2 0
github.com/Rain-kl/Wavelet/internal/repository/user.go:81.50,83.3 1 0
github.com/Rain-kl/Wavelet/internal/repository/user.go:85.2,92.34 3 0
github.com/Rain-kl/Wavelet/internal/repository/user.go:92.34,94.3 1 0
github.com/Rain-kl/Wavelet/internal/repository/user.go:95.2,95.26 1 0
github.com/Rain-kl/Wavelet/internal/repository/user.go:99.77,104.34 2 0
github.com/Rain-kl/Wavelet/internal/repository/user.go:104.34,106.3 1 0
github.com/Rain-kl/Wavelet/internal/repository/user.go:107.2,107.18 1 0
github.com/Rain-kl/Wavelet/internal/repository/user.go:117.80,123.35 2 0
github.com/Rain-kl/Wavelet/internal/repository/user.go:123.35,125.3 1 0
github.com/Rain-kl/Wavelet/internal/repository/user.go:126.2,126.19 1 0
github.com/Rain-kl/Wavelet/internal/repository/user.go:130.74,132.2 1 0
github.com/Rain-kl/Wavelet/internal/repository/user.go:135.68,136.56 1 0
github.com/Rain-kl/Wavelet/internal/repository/user.go:136.56,137.88 1 0
github.com/Rain-kl/Wavelet/internal/repository/user.go:137.88,139.4 1 0
github.com/Rain-kl/Wavelet/internal/repository/user.go:140.3,140.92 1 0
github.com/Rain-kl/Wavelet/internal/repository/user.go:140.92,142.4 1 0
github.com/Rain-kl/Wavelet/internal/repository/user.go:143.3,143.60 1 0
github.com/Rain-kl/Wavelet/internal/repository/user.go:148.80,150.108 2 0
github.com/Rain-kl/Wavelet/internal/repository/user.go:150.108,152.3 1 0
github.com/Rain-kl/Wavelet/internal/repository/user.go:153.2,153.19 1 0
github.com/Rain-kl/Wavelet/internal/repository/user.go:157.74,159.102 2 0
github.com/Rain-kl/Wavelet/internal/repository/user.go:159.102,161.3 1 0
github.com/Rain-kl/Wavelet/internal/repository/user.go:162.2,162.19 1 0
github.com/Rain-kl/Wavelet/internal/repository/user.go:166.62,168.2 1 0
github.com/Rain-kl/Wavelet/internal/repository/user.go:171.78,172.19 1 0
github.com/Rain-kl/Wavelet/internal/repository/user.go:172.19,174.3 1 0
github.com/Rain-kl/Wavelet/internal/repository/user.go:175.2,176.76 2 0
github.com/Rain-kl/Wavelet/internal/repository/user.go:176.76,178.3 1 0
github.com/Rain-kl/Wavelet/internal/repository/user.go:179.2,179.19 1 0
github.com/Rain-kl/Wavelet/internal/repository/user.go:183.92,184.20 1 0
github.com/Rain-kl/Wavelet/internal/repository/user.go:184.20,186.3 1 0
github.com/Rain-kl/Wavelet/internal/repository/user.go:187.2,190.43 2 0
github.com/Rain-kl/Wavelet/internal/repository/user.go:190.43,192.3 1 0
github.com/Rain-kl/Wavelet/internal/repository/user.go:193.2,193.21 1 0
github.com/Rain-kl/Wavelet/internal/repository/user.go:197.62,199.2 1 0
github.com/Rain-kl/Wavelet/internal/repository/user.go:202.106,215.21 4 0
github.com/Rain-kl/Wavelet/internal/repository/user.go:215.21,217.3 1 0
github.com/Rain-kl/Wavelet/internal/repository/user.go:218.2,218.58 1 0
github.com/Rain-kl/Wavelet/internal/repository/user.go:218.58,220.3 1 0
github.com/Rain-kl/Wavelet/internal/repository/user.go:221.2,222.12 2 0
github.com/Rain-kl/Wavelet/internal/repository/user.go:226.84,230.47 2 0
github.com/Rain-kl/Wavelet/internal/repository/user.go:230.47,232.3 1 0
github.com/Rain-kl/Wavelet/internal/repository/user.go:233.2,233.19 1 0
github.com/Rain-kl/Wavelet/internal/repository/user.go:237.76,239.98 2 0
github.com/Rain-kl/Wavelet/internal/repository/user.go:239.98,241.3 1 0
github.com/Rain-kl/Wavelet/internal/repository/user.go:242.2,242.18 1 0
github.com/Rain-kl/Wavelet/internal/repository/user.go:246.86,248.103 2 0
github.com/Rain-kl/Wavelet/internal/repository/user.go:248.103,250.3 1 0
github.com/Rain-kl/Wavelet/internal/repository/user.go:251.2,251.18 1 0
github.com/Rain-kl/Wavelet/internal/repository/user.go:255.99,257.124 2 0
github.com/Rain-kl/Wavelet/internal/repository/user.go:257.124,259.3 1 0
github.com/Rain-kl/Wavelet/internal/repository/user.go:260.2,260.19 1 0
github.com/Rain-kl/Wavelet/internal/repository/user.go:264.84,266.2 1 0
github.com/Rain-kl/Wavelet/internal/repository/user.go:269.88,271.2 1 0
github.com/Rain-kl/Wavelet/internal/repository/user.go:274.74,276.113 2 0
github.com/Rain-kl/Wavelet/internal/repository/user.go:276.113,278.3 1 0
github.com/Rain-kl/Wavelet/internal/repository/user.go:279.2,279.15 1 0
github.com/Rain-kl/Wavelet/internal/repository/user.go:279.15,281.3 1 0
github.com/Rain-kl/Wavelet/internal/repository/user.go:282.2,282.22 1 0
github.com/Rain-kl/Wavelet/internal/repository/user.go:282.22,284.113 2 0
github.com/Rain-kl/Wavelet/internal/repository/user.go:284.113,286.4 1 0
github.com/Rain-kl/Wavelet/internal/repository/user.go:287.3,287.21 1 0
github.com/Rain-kl/Wavelet/internal/repository/user.go:287.21,289.4 1 0
github.com/Rain-kl/Wavelet/internal/repository/user.go:291.2,291.18 1 0
github.com/Rain-kl/Wavelet/internal/repository/user.go:291.18,293.3 1 0
github.com/Rain-kl/Wavelet/internal/repository/user.go:294.2,294.38 1 0
github.com/Rain-kl/Wavelet/internal/shared/response/abort.go:13.50,15.2 1 2
github.com/Rain-kl/Wavelet/internal/shared/response/abort.go:18.52,20.2 1 1
github.com/Rain-kl/Wavelet/internal/shared/response/abort.go:23.49,25.2 1 1
github.com/Rain-kl/Wavelet/internal/shared/response/abort.go:28.48,30.2 1 1
github.com/Rain-kl/Wavelet/internal/shared/response/abort.go:33.48,35.2 1 1
github.com/Rain-kl/Wavelet/internal/shared/response/abort.go:38.55,40.2 1 1
github.com/Rain-kl/Wavelet/internal/shared/response/abort.go:43.48,45.2 1 1
github.com/Rain-kl/Wavelet/internal/shared/response/middleware.go:17.47,18.30 1 11
github.com/Rain-kl/Wavelet/internal/shared/response/middleware.go:18.30,21.47 2 11
github.com/Rain-kl/Wavelet/internal/shared/response/middleware.go:21.47,23.4 1 2
github.com/Rain-kl/Wavelet/internal/shared/response/middleware.go:25.3,27.25 3 9
github.com/Rain-kl/Wavelet/internal/shared/response/middleware.go:27.25,30.4 2 1
github.com/Rain-kl/Wavelet/internal/shared/response/middleware.go:32.3,33.30 2 9
github.com/Rain-kl/Wavelet/internal/shared/response/middleware.go:33.30,36.4 2 8
github.com/Rain-kl/Wavelet/internal/shared/response/middleware.go:38.3,38.68 1 1
github.com/Rain-kl/Wavelet/internal/shared/response/response.go:29.35,31.2 1 2
github.com/Rain-kl/Wavelet/internal/shared/response/response.go:34.47,36.2 1 10
github.com/Rain-kl/Wavelet/internal/shared/response/response.go:39.59,42.2 2 9
github.com/Rain-kl/Wavelet/internal/shared/response/response.go:45.36,47.2 1 1
github.com/Rain-kl/Wavelet/internal/shared/response/response.go:50.28,52.2 1 1
github.com/Rain-kl/Wavelet/internal/shared/response/response.go:55.36,57.2 1 9
github.com/Rain-kl/Wavelet/pkg/cache/ram/cache.go:25.67,27.22 2 3
github.com/Rain-kl/Wavelet/pkg/cache/ram/cache.go:27.22,29.3 1 0
github.com/Rain-kl/Wavelet/pkg/cache/ram/cache.go:31.2,34.16 2 3
github.com/Rain-kl/Wavelet/pkg/cache/ram/cache.go:34.16,36.3 1 0
github.com/Rain-kl/Wavelet/pkg/cache/ram/cache.go:38.2,38.40 1 3
github.com/Rain-kl/Wavelet/pkg/cache/ram/cache.go:42.62,44.16 2 3
github.com/Rain-kl/Wavelet/pkg/cache/ram/cache.go:44.16,45.13 1 0
github.com/Rain-kl/Wavelet/pkg/cache/ram/cache.go:47.2,47.14 1 3
github.com/Rain-kl/Wavelet/pkg/cache/ram/cache.go:51.53,53.2 1 2
github.com/Rain-kl/Wavelet/pkg/cache/ram/cache.go:56.43,58.2 1 3
github.com/Rain-kl/Wavelet/pkg/cache/ram/cache.go:61.41,63.2 1 1
github.com/Rain-kl/Wavelet/pkg/cache/ram/cache.go:66.39,68.2 1 1
github.com/Rain-kl/Wavelet/pkg/cache/ram/cache.go:71.43,73.2 1 1
github.com/Rain-kl/Wavelet/pkg/cache/ram/manager.go:42.13,47.2 1 1
github.com/Rain-kl/Wavelet/pkg/cache/ram/manager.go:49.50,53.12 4 0
github.com/Rain-kl/Wavelet/pkg/cache/ram/manager.go:53.12,56.3 2 0
github.com/Rain-kl/Wavelet/pkg/cache/ram/manager.go:57.2,57.13 1 0
github.com/Rain-kl/Wavelet/pkg/cache/ram/manager.go:62.59,64.9 2 0
github.com/Rain-kl/Wavelet/pkg/cache/ram/manager.go:64.9,66.3 1 0
github.com/Rain-kl/Wavelet/pkg/cache/ram/manager.go:68.2,69.12 2 0
github.com/Rain-kl/Wavelet/pkg/cache/ram/manager.go:69.12,71.3 1 0
github.com/Rain-kl/Wavelet/pkg/cache/ram/manager.go:74.2,74.90 1 0
github.com/Rain-kl/Wavelet/pkg/cache/ram/manager.go:74.90,78.3 2 0
github.com/Rain-kl/Wavelet/pkg/cache/ram/manager.go:80.2,80.25 1 0
github.com/Rain-kl/Wavelet/pkg/cache/ram/manager.go:83.76,89.9 5 0
github.com/Rain-kl/Wavelet/pkg/cache/ram/manager.go:89.9,91.3 1 0
github.com/Rain-kl/Wavelet/pkg/cache/ram/manager.go:93.2,94.12 2 0
github.com/Rain-kl/Wavelet/pkg/cache/ram/manager.go:94.12,96.3 1 0
github.com/Rain-kl/Wavelet/pkg/cache/ram/manager.go:99.2,99.69 1 0
github.com/Rain-kl/Wavelet/pkg/cache/ram/manager.go:99.69,101.3 1 0
github.com/Rain-kl/Wavelet/pkg/cache/ram/manager.go:103.2,104.31 2 0
github.com/Rain-kl/Wavelet/pkg/cache/ram/manager.go:104.31,105.15 1 0
github.com/Rain-kl/Wavelet/pkg/cache/ram/manager.go:105.15,107.4 1 0
github.com/Rain-kl/Wavelet/pkg/cache/ram/manager.go:109.2,109.38 1 0
github.com/Rain-kl/Wavelet/pkg/cache/ram/manager.go:114.26,121.8 6 0
github.com/Rain-kl/Wavelet/pkg/cache/ram/manager.go:121.8,122.32 1 0
github.com/Rain-kl/Wavelet/pkg/cache/ram/manager.go:122.32,124.4 1 0
github.com/Rain-kl/Wavelet/pkg/cache/ram/manager.go:127.2,128.20 2 0
github.com/Rain-kl/Wavelet/pkg/cache/ram/manager.go:128.20,130.3 1 0
github.com/Rain-kl/Wavelet/pkg/cache/ram/manager.go:132.2,136.37 2 0
github.com/Rain-kl/Wavelet/pkg/cache/ram/manager.go:141.44,147.9 5 0
github.com/Rain-kl/Wavelet/pkg/cache/ram/manager.go:147.9,149.3 1 0
github.com/Rain-kl/Wavelet/pkg/cache/ram/manager.go:151.2,152.31 2 0
github.com/Rain-kl/Wavelet/pkg/cache/ram/manager.go:152.31,153.15 1 0
github.com/Rain-kl/Wavelet/pkg/cache/ram/manager.go:153.15,155.4 1 0
github.com/Rain-kl/Wavelet/pkg/cache/ram/manager.go:157.2,157.38 1 0
github.com/Rain-kl/Wavelet/pkg/cache/ram/manager.go:162.60,168.29 5 0
github.com/Rain-kl/Wavelet/pkg/cache/ram/manager.go:168.29,170.21 2 0
github.com/Rain-kl/Wavelet/pkg/cache/ram/manager.go:170.21,172.4 1 0
github.com/Rain-kl/Wavelet/pkg/cache/ram/manager.go:173.3,176.4 1 0
github.com/Rain-kl/Wavelet/pkg/cache/ram/manager.go:178.2,178.38 1 0
github.com/Rain-kl/Wavelet/pkg/cache/ram/manager.go:183.50,185.9 2 0
github.com/Rain-kl/Wavelet/pkg/cache/ram/manager.go:185.9,187.3 1 0
github.com/Rain-kl/Wavelet/pkg/cache/ram/manager.go:189.2,190.35 2 0
github.com/Rain-kl/Wavelet/pkg/cache/ram/manager.go:190.35,191.91 1 0
github.com/Rain-kl/Wavelet/pkg/cache/ram/manager.go:191.91,193.4 1 0
github.com/Rain-kl/Wavelet/pkg/cache/ram/manager.go:195.2,195.13 1 0
github.com/Rain-kl/Wavelet/pkg/cache/ram/manager.go:199.87,200.22 1 0
github.com/Rain-kl/Wavelet/pkg/cache/ram/manager.go:200.22,202.3 1 0
github.com/Rain-kl/Wavelet/pkg/cache/ram/manager.go:204.2,204.15 1 0
github.com/Rain-kl/Wavelet/pkg/cache/ram/manager.go:204.15,207.17 2 0
github.com/Rain-kl/Wavelet/pkg/cache/ram/manager.go:207.17,208.35 1 0
github.com/Rain-kl/Wavelet/pkg/cache/ram/manager.go:208.35,211.5 2 0
github.com/Rain-kl/Wavelet/pkg/cache/ram/manager.go:212.4,212.14 1 0
github.com/Rain-kl/Wavelet/pkg/cache/ram/manager.go:214.3,215.13 2 0
github.com/Rain-kl/Wavelet/pkg/cache/ram/manager.go:219.2,220.16 2 0
github.com/Rain-kl/Wavelet/pkg/cache/ram/manager.go:220.16,222.3 1 0
github.com/Rain-kl/Wavelet/pkg/cache/ram/manager.go:223.2,224.12 2 0
github.com/Rain-kl/Wavelet/pkg/cache/ram/manager.go:228.21,233.2 4 0
github.com/Rain-kl/Wavelet/pkg/cache/disk/cache.go:69.34,72.41 1 6
github.com/Rain-kl/Wavelet/pkg/cache/disk/cache.go:72.41,72.62 1 31
github.com/Rain-kl/Wavelet/pkg/cache/disk/cache.go:76.2,88.10 3 6
github.com/Rain-kl/Wavelet/pkg/cache/disk/cache.go:94.72,98.30 3 9
github.com/Rain-kl/Wavelet/pkg/cache/disk/cache.go:98.30,100.3 1 4
github.com/Rain-kl/Wavelet/pkg/cache/disk/cache.go:102.2,103.13 2 9
github.com/Rain-kl/Wavelet/pkg/cache/disk/cache.go:103.13,105.3 1 7
github.com/Rain-kl/Wavelet/pkg/cache/disk/cache.go:108.2,110.25 3 9
github.com/Rain-kl/Wavelet/pkg/cache/disk/cache.go:110.25,112.3 1 7
github.com/Rain-kl/Wavelet/pkg/cache/disk/cache.go:113.2,117.44 3 9
github.com/Rain-kl/Wavelet/pkg/cache/disk/cache.go:117.44,119.3 1 0
github.com/Rain-kl/Wavelet/pkg/cache/disk/cache.go:122.2,125.34 2 9
github.com/Rain-kl/Wavelet/pkg/cache/disk/cache.go:125.34,131.3 5 0
github.com/Rain-kl/Wavelet/pkg/cache/disk/cache.go:131.8,140.3 4 9
github.com/Rain-kl/Wavelet/pkg/cache/disk/cache.go:143.2,145.12 2 9
github.com/Rain-kl/Wavelet/pkg/cache/disk/cache.go:149.49,152.9 3 17
github.com/Rain-kl/Wavelet/pkg/cache/disk/cache.go:152.9,155.3 2 3
github.com/Rain-kl/Wavelet/pkg/cache/disk/cache.go:157.2,158.66 2 14
github.com/Rain-kl/Wavelet/pkg/cache/disk/cache.go:158.66,161.3 2 3
github.com/Rain-kl/Wavelet/pkg/cache/disk/cache.go:162.2,166.16 3 11
github.com/Rain-kl/Wavelet/pkg/cache/disk/cache.go:166.16,169.50 3 0
github.com/Rain-kl/Wavelet/pkg/cache/disk/cache.go:169.50,171.4 1 0
github.com/Rain-kl/Wavelet/pkg/cache/disk/cache.go:172.3,172.27 1 0
github.com/Rain-kl/Wavelet/pkg/cache/disk/cache.go:175.2,175.28 1 11
github.com/Rain-kl/Wavelet/pkg/cache/disk/cache.go:175.28,178.50 3 0
github.com/Rain-kl/Wavelet/pkg/cache/disk/cache.go:178.50,180.4 1 0
github.com/Rain-kl/Wavelet/pkg/cache/disk/cache.go:181.3,181.27 1 0
github.com/Rain-kl/Wavelet/pkg/cache/disk/cache.go:184.2,190.9 5 11
github.com/Rain-kl/Wavelet/pkg/cache/disk/cache.go:190.9,192.3 1 0
github.com/Rain-kl/Wavelet/pkg/cache/disk/cache.go:193.2,195.21 2 11
github.com/Rain-kl/Wavelet/pkg/cache/disk/cache.go:198.67,203.9 4 3
github.com/Rain-kl/Wavelet/pkg/cache/disk/cache.go:203.9,205.3 1 0
github.com/Rain-kl/Wavelet/pkg/cache/disk/cache.go:207.2,208.66 2 3
github.com/Rain-kl/Wavelet/pkg/cache/disk/cache.go:208.66,211.3 2 3
github.com/Rain-kl/Wavelet/pkg/cache/disk/cache.go:213.2,214.16 2 0
github.com/Rain-kl/Wavelet/pkg/cache/disk/cache.go:214.16,217.3 2 0
github.com/Rain-kl/Wavelet/pkg/cache/disk/cache.go:219.2,219.28 1 0
github.com/Rain-kl/Wavelet/pkg/cache/disk/cache.go:219.28,222.3 2 0
github.com/Rain-kl/Wavelet/pkg/cache/disk/cache.go:224.2,225.31 2 0
github.com/Rain-kl/Wavelet/pkg/cache/disk/cache.go:229.42,233.2 3 1
github.com/Rain-kl/Wavelet/pkg/cache/disk/cache.go:235.50,236.34 1 4
github.com/Rain-kl/Wavelet/pkg/cache/disk/cache.go:236.34,241.3 4 4
github.com/Rain-kl/Wavelet/pkg/cache/disk/cache.go:242.2,242.23 1 4
github.com/Rain-kl/Wavelet/pkg/cache/disk/cache.go:246.31,255.2 6 5
github.com/Rain-kl/Wavelet/pkg/cache/disk/cache.go:258.33,270.2 3 0
github.com/Rain-kl/Wavelet/pkg/cache/disk/cache.go:273.82,281.2 6 0
github.com/Rain-kl/Wavelet/pkg/cache/disk/cache.go:284.25,285.19 1 9
github.com/Rain-kl/Wavelet/pkg/cache/disk/cache.go:285.19,287.3 1 0
github.com/Rain-kl/Wavelet/pkg/cache/disk/cache.go:289.2,289.57 1 9
github.com/Rain-kl/Wavelet/pkg/cache/disk/cache.go:289.57,296.3 6 1
github.com/Rain-kl/Wavelet/pkg/cache/disk/cache.go:300.37,305.62 3 6
github.com/Rain-kl/Wavelet/pkg/cache/disk/cache.go:305.62,307.3 1 0
github.com/Rain-kl/Wavelet/pkg/cache/disk/cache.go:309.2,319.28 4 6
github.com/Rain-kl/Wavelet/pkg/cache/disk/cache.go:319.28,322.43 2 1
github.com/Rain-kl/Wavelet/pkg/cache/disk/cache.go:322.43,324.12 2 0
github.com/Rain-kl/Wavelet/pkg/cache/disk/cache.go:327.3,329.18 3 1
github.com/Rain-kl/Wavelet/pkg/cache/disk/cache.go:329.18,331.4 1 0
github.com/Rain-kl/Wavelet/pkg/cache/disk/cache.go:334.3,336.17 3 1
github.com/Rain-kl/Wavelet/pkg/cache/disk/cache.go:336.17,337.12 1 0
github.com/Rain-kl/Wavelet/pkg/cache/disk/cache.go:340.3,345.5 1 1
github.com/Rain-kl/Wavelet/pkg/cache/disk/cache.go:349.2,349.46 1 6
github.com/Rain-kl/Wavelet/pkg/cache/disk/cache.go:349.46,351.3 1 0
github.com/Rain-kl/Wavelet/pkg/cache/disk/cache.go:354.2,354.35 1 6
github.com/Rain-kl/Wavelet/pkg/cache/disk/cache.go:354.35,363.3 4 1
github.com/Rain-kl/Wavelet/pkg/cache/disk/cache.go:365.2,365.12 1 6
github.com/Rain-kl/Wavelet/pkg/cache/disk/cache.go:369.60,371.21 2 0
github.com/Rain-kl/Wavelet/pkg/cache/disk/cache.go:371.21,373.3 1 0
github.com/Rain-kl/Wavelet/pkg/cache/disk/cache.go:377.32,382.33 4 0
github.com/Rain-kl/Wavelet/pkg/cache/disk/cache.go:382.33,384.60 2 0
github.com/Rain-kl/Wavelet/pkg/cache/disk/cache.go:384.60,389.4 4 0
github.com/Rain-kl/Wavelet/pkg/httppool/httppool.go:49.63,51.24 2 3
github.com/Rain-kl/Wavelet/pkg/httppool/httppool.go:51.24,56.3 1 2
github.com/Rain-kl/Wavelet/pkg/httppool/httppool.go:58.2,59.22 2 3
github.com/Rain-kl/Wavelet/pkg/httppool/httppool.go:59.22,61.3 1 2
github.com/Rain-kl/Wavelet/pkg/httppool/httppool.go:61.8,63.3 1 1
github.com/Rain-kl/Wavelet/pkg/httppool/httppool.go:64.2,64.41 1 3
github.com/Rain-kl/Wavelet/pkg/httppool/httppool.go:64.41,66.3 1 3
github.com/Rain-kl/Wavelet/pkg/httppool/httppool.go:68.2,81.32 3 3
github.com/Rain-kl/Wavelet/pkg/httppool/httppool.go:81.32,83.3 1 0
github.com/Rain-kl/Wavelet/pkg/httppool/httppool.go:84.2,84.57 1 3
github.com/Rain-kl/Wavelet/pkg/httppool/httppool.go:90.43,91.17 1 4
github.com/Rain-kl/Wavelet/pkg/httppool/httppool.go:91.17,95.3 1 1
github.com/Rain-kl/Wavelet/pkg/httppool/httppool.go:96.2,96.25 1 4
github.com/Rain-kl/Wavelet/pkg/httppool/httppool.go:101.52,106.2 1 1
github.com/Rain-kl/Wavelet/pkg/logger/logger.go:37.25,39.16 2 1
github.com/Rain-kl/Wavelet/pkg/logger/logger.go:39.16,41.3 1 0
github.com/Rain-kl/Wavelet/pkg/logger/logger.go:44.2,44.29 1 1
github.com/Rain-kl/Wavelet/pkg/logger/logger.go:44.29,46.3 1 1
github.com/Rain-kl/Wavelet/pkg/logger/logger.go:49.2,62.3 3 1
github.com/Rain-kl/Wavelet/pkg/logger/logger.go:65.13,73.2 2 1
github.com/Rain-kl/Wavelet/pkg/logger/logger.go:76.23,78.2 1 0
github.com/Rain-kl/Wavelet/pkg/logger/logger.go:81.70,84.2 2 0
github.com/Rain-kl/Wavelet/pkg/logger/logger.go:87.69,90.2 2 0
github.com/Rain-kl/Wavelet/pkg/logger/logger.go:93.69,96.2 2 0
github.com/Rain-kl/Wavelet/pkg/logger/logger.go:99.70,102.2 2 0
github.com/Rain-kl/Wavelet/pkg/logger/ringbuffer.go:33.52,39.2 1 14
github.com/Rain-kl/Wavelet/pkg/logger/ringbuffer.go:43.54,44.17 1 12
github.com/Rain-kl/Wavelet/pkg/logger/ringbuffer.go:44.17,46.3 1 1
github.com/Rain-kl/Wavelet/pkg/logger/ringbuffer.go:48.2,50.33 3 11
github.com/Rain-kl/Wavelet/pkg/logger/ringbuffer.go:50.33,51.22 1 103
github.com/Rain-kl/Wavelet/pkg/logger/ringbuffer.go:51.22,54.21 3 39
github.com/Rain-kl/Wavelet/pkg/logger/ringbuffer.go:54.21,56.5 1 39
github.com/Rain-kl/Wavelet/pkg/logger/ringbuffer.go:60.2,60.48 1 11
github.com/Rain-kl/Wavelet/pkg/logger/ringbuffer.go:60.48,62.3 1 1
github.com/Rain-kl/Wavelet/pkg/logger/ringbuffer.go:64.2,64.20 1 11
github.com/Rain-kl/Wavelet/pkg/logger/ringbuffer.go:68.38,70.2 1 0
github.com/Rain-kl/Wavelet/pkg/logger/ringbuffer.go:73.49,81.21 5 40
github.com/Rain-kl/Wavelet/pkg/logger/ringbuffer.go:81.21,83.3 1 34
github.com/Rain-kl/Wavelet/pkg/logger/ringbuffer.go:84.2,89.32 4 40
github.com/Rain-kl/Wavelet/pkg/logger/ringbuffer.go:89.32,90.10 1 3
github.com/Rain-kl/Wavelet/pkg/logger/ringbuffer.go:91.20,91.20 0 3
github.com/Rain-kl/Wavelet/pkg/logger/ringbuffer.go:92.11,92.11 0 0
github.com/Rain-kl/Wavelet/pkg/logger/ringbuffer.go:96.2,96.19 1 40
github.com/Rain-kl/Wavelet/pkg/logger/ringbuffer.go:103.73,107.18 3 14
github.com/Rain-kl/Wavelet/pkg/logger/ringbuffer.go:107.18,109.3 1 2
github.com/Rain-kl/Wavelet/pkg/logger/ringbuffer.go:113.2,117.31 3 12
github.com/Rain-kl/Wavelet/pkg/logger/ringbuffer.go:117.31,120.3 2 45
github.com/Rain-kl/Wavelet/pkg/logger/ringbuffer.go:122.2,122.17 1 12
github.com/Rain-kl/Wavelet/pkg/logger/ringbuffer.go:122.17,124.28 1 7
github.com/Rain-kl/Wavelet/pkg/logger/ringbuffer.go:124.28,126.4 1 5
github.com/Rain-kl/Wavelet/pkg/logger/ringbuffer.go:127.3,127.44 1 2
github.com/Rain-kl/Wavelet/pkg/logger/ringbuffer.go:132.2,133.41 2 5
github.com/Rain-kl/Wavelet/pkg/logger/ringbuffer.go:133.41,134.36 1 12
github.com/Rain-kl/Wavelet/pkg/logger/ringbuffer.go:134.36,135.9 1 4
github.com/Rain-kl/Wavelet/pkg/logger/ringbuffer.go:139.2,139.14 1 5
github.com/Rain-kl/Wavelet/pkg/logger/ringbuffer.go:139.14,141.3 1 1
github.com/Rain-kl/Wavelet/pkg/logger/ringbuffer.go:144.2,145.15 2 4
github.com/Rain-kl/Wavelet/pkg/logger/ringbuffer.go:145.15,147.3 1 3
github.com/Rain-kl/Wavelet/pkg/logger/ringbuffer.go:149.2,150.36 2 4
github.com/Rain-kl/Wavelet/pkg/logger/ringbuffer.go:158.51,164.2 5 3
github.com/Rain-kl/Wavelet/pkg/logger/ringbuffer.go:167.55,172.2 4 3
github.com/Rain-kl/Wavelet/pkg/logger/utils.go:23.69,24.26 1 1
github.com/Rain-kl/Wavelet/pkg/logger/utils.go:24.26,28.57 3 0
github.com/Rain-kl/Wavelet/pkg/logger/utils.go:28.57,30.4 1 0
github.com/Rain-kl/Wavelet/pkg/logger/utils.go:33.3,41.41 2 0
github.com/Rain-kl/Wavelet/pkg/logger/utils.go:44.2,44.40 1 1
github.com/Rain-kl/Wavelet/pkg/logger/utils.go:48.54,64.26 2 1
github.com/Rain-kl/Wavelet/pkg/logger/utils.go:64.26,66.3 1 0
github.com/Rain-kl/Wavelet/pkg/logger/utils.go:67.2,67.49 1 1
github.com/Rain-kl/Wavelet/pkg/logger/utils.go:71.53,74.15 2 1
github.com/Rain-kl/Wavelet/pkg/logger/utils.go:75.15,76.28 1 0
github.com/Rain-kl/Wavelet/pkg/logger/utils.go:77.14,78.27 1 1
github.com/Rain-kl/Wavelet/pkg/logger/utils.go:79.14,80.27 1 0
github.com/Rain-kl/Wavelet/pkg/logger/utils.go:81.15,82.28 1 0
github.com/Rain-kl/Wavelet/pkg/logger/utils.go:83.10,85.27 2 0
github.com/Rain-kl/Wavelet/pkg/logger/utils.go:89.56,92.28 3 0
github.com/Rain-kl/Wavelet/pkg/logger/utils.go:92.28,94.3 1 0
github.com/Rain-kl/Wavelet/pkg/logger/utils.go:95.2,98.3 1 0
github.com/Rain-kl/Wavelet/pkg/mail/mail.go:35.43,39.2 3 7
github.com/Rain-kl/Wavelet/pkg/mail/mail.go:42.87,44.2 1 1
github.com/Rain-kl/Wavelet/pkg/mail/mail.go:47.91,59.27 9 1
github.com/Rain-kl/Wavelet/pkg/mail/mail.go:59.27,61.3 1 5
github.com/Rain-kl/Wavelet/pkg/mail/mail.go:62.2,67.29 3 1
github.com/Rain-kl/Wavelet/pkg/mail/mail.go:67.29,69.3 1 0
github.com/Rain-kl/Wavelet/pkg/mail/mail.go:72.2,73.16 2 1
github.com/Rain-kl/Wavelet/pkg/mail/mail.go:73.16,75.3 1 0
github.com/Rain-kl/Wavelet/pkg/mail/mail.go:77.2,77.12 1 1
github.com/Rain-kl/Wavelet/pkg/mail/mail.go:81.109,92.16 5 0
github.com/Rain-kl/Wavelet/pkg/mail/mail.go:92.16,94.3 1 0
github.com/Rain-kl/Wavelet/pkg/mail/mail.go:95.2,95.15 1 0
github.com/Rain-kl/Wavelet/pkg/mail/mail.go:95.15,95.35 1 0
github.com/Rain-kl/Wavelet/pkg/mail/mail.go:96.2,99.16 3 0
github.com/Rain-kl/Wavelet/pkg/mail/mail.go:99.16,101.3 1 0
github.com/Rain-kl/Wavelet/pkg/mail/mail.go:102.2,102.15 1 0
github.com/Rain-kl/Wavelet/pkg/mail/mail.go:102.15,102.37 1 0
github.com/Rain-kl/Wavelet/pkg/mail/mail.go:104.2,104.41 1 0
github.com/Rain-kl/Wavelet/pkg/mail/mail.go:104.41,106.3 1 0
github.com/Rain-kl/Wavelet/pkg/mail/mail.go:107.2,107.49 1 0
github.com/Rain-kl/Wavelet/pkg/mail/mail.go:107.49,109.3 1 0
github.com/Rain-kl/Wavelet/pkg/mail/mail.go:110.2,110.39 1 0
github.com/Rain-kl/Wavelet/pkg/mail/mail.go:110.39,112.3 1 0
github.com/Rain-kl/Wavelet/pkg/mail/mail.go:114.2,115.16 2 0
github.com/Rain-kl/Wavelet/pkg/mail/mail.go:115.16,117.3 1 0
github.com/Rain-kl/Wavelet/pkg/mail/mail.go:118.2,118.15 1 0
github.com/Rain-kl/Wavelet/pkg/mail/mail.go:118.15,118.32 1 0
github.com/Rain-kl/Wavelet/pkg/mail/mail.go:120.2,121.16 2 0
github.com/Rain-kl/Wavelet/pkg/mail/mail.go:121.16,123.3 1 0
github.com/Rain-kl/Wavelet/pkg/mail/mail.go:124.2,124.12 1 0
github.com/Rain-kl/Wavelet/pkg/mail/mail.go:128.104,130.66 2 0
github.com/Rain-kl/Wavelet/pkg/mail/mail.go:130.66,132.3 1 0
github.com/Rain-kl/Wavelet/pkg/mail/mail.go:134.2,140.29 6 0
github.com/Rain-kl/Wavelet/pkg/mail/mail.go:140.29,150.3 3 0
github.com/Rain-kl/Wavelet/pkg/mail/mail.go:150.8,152.3 1 0
github.com/Rain-kl/Wavelet/pkg/mail/mail.go:153.2,153.16 1 0
github.com/Rain-kl/Wavelet/pkg/mail/mail.go:153.16,156.3 2 0
github.com/Rain-kl/Wavelet/pkg/mail/mail.go:157.2,157.15 1 0
github.com/Rain-kl/Wavelet/pkg/mail/mail.go:157.15,157.35 1 0
github.com/Rain-kl/Wavelet/pkg/mail/mail.go:158.2,164.16 4 0
github.com/Rain-kl/Wavelet/pkg/mail/mail.go:164.16,167.3 2 0
github.com/Rain-kl/Wavelet/pkg/mail/mail.go:168.2,168.15 1 0
github.com/Rain-kl/Wavelet/pkg/mail/mail.go:168.15,168.37 1 0
github.com/Rain-kl/Wavelet/pkg/mail/mail.go:171.2,171.29 1 0
github.com/Rain-kl/Wavelet/pkg/mail/mail.go:171.29,172.48 1 0
github.com/Rain-kl/Wavelet/pkg/mail/mail.go:172.48,178.52 3 0
github.com/Rain-kl/Wavelet/pkg/mail/mail.go:178.52,181.5 2 0
github.com/Rain-kl/Wavelet/pkg/mail/mail.go:182.4,182.42 1 0
github.com/Rain-kl/Wavelet/pkg/mail/mail.go:187.2,187.46 1 0
github.com/Rain-kl/Wavelet/pkg/mail/mail.go:187.46,190.42 3 0
github.com/Rain-kl/Wavelet/pkg/mail/mail.go:190.42,193.4 2 0
github.com/Rain-kl/Wavelet/pkg/mail/mail.go:194.3,194.48 1 0
github.com/Rain-kl/Wavelet/pkg/mail/mail.go:198.2,199.49 2 0
github.com/Rain-kl/Wavelet/pkg/mail/mail.go:199.49,202.3 2 0
github.com/Rain-kl/Wavelet/pkg/mail/mail.go:203.2,207.39 3 0
github.com/Rain-kl/Wavelet/pkg/mail/mail.go:207.39,210.3 2 0
github.com/Rain-kl/Wavelet/pkg/mail/mail.go:211.2,216.16 4 0
github.com/Rain-kl/Wavelet/pkg/mail/mail.go:216.16,219.3 2 0
github.com/Rain-kl/Wavelet/pkg/mail/mail.go:220.2,231.27 9 0
github.com/Rain-kl/Wavelet/pkg/mail/mail.go:231.27,233.3 1 0
github.com/Rain-kl/Wavelet/pkg/mail/mail.go:234.2,237.51 3 0
github.com/Rain-kl/Wavelet/pkg/mail/mail.go:237.51,241.3 3 0
github.com/Rain-kl/Wavelet/pkg/mail/mail.go:242.2,249.29 6 0
github.com/Rain-kl/Wavelet/pkg/trace/propagator.go:10.52,15.2 1 0
github.com/Rain-kl/Wavelet/pkg/trace/sampler.go:15.69,19.2 1 0
github.com/Rain-kl/Wavelet/pkg/trace/trace.go:19.13,26.2 3 0
github.com/Rain-kl/Wavelet/pkg/trace/trace.go:36.23,38.16 2 0
github.com/Rain-kl/Wavelet/pkg/trace/trace.go:38.16,40.3 1 0
github.com/Rain-kl/Wavelet/pkg/trace/trace.go:41.2,46.22 4 0
github.com/Rain-kl/Wavelet/pkg/trace/trace.go:46.22,48.3 1 0
github.com/Rain-kl/Wavelet/pkg/trace/trace.go:49.2,49.44 1 0
github.com/Rain-kl/Wavelet/pkg/trace/trace.go:53.36,54.35 1 0
github.com/Rain-kl/Wavelet/pkg/trace/trace.go:54.35,56.3 1 0
github.com/Rain-kl/Wavelet/pkg/trace/trace.go:60.107,62.2 1 0
github.com/Rain-kl/Wavelet/pkg/trace/trace_provider.go:17.70,20.16 2 0
github.com/Rain-kl/Wavelet/pkg/trace/trace_provider.go:20.16,22.3 1 0
github.com/Rain-kl/Wavelet/pkg/trace/trace_provider.go:25.2,35.16 2 0
github.com/Rain-kl/Wavelet/pkg/trace/trace_provider.go:35.16,37.3 1 0
github.com/Rain-kl/Wavelet/pkg/trace/trace_provider.go:40.2,41.16 2 0
github.com/Rain-kl/Wavelet/pkg/trace/trace_provider.go:41.16,43.3 1 0
github.com/Rain-kl/Wavelet/pkg/trace/trace_provider.go:46.2,51.28 2 0
github.com/Rain-kl/Wavelet/pkg/message_gateway/pairing.go:19.37,21.42 2 1
github.com/Rain-kl/Wavelet/pkg/message_gateway/pairing.go:21.42,23.3 1 0
github.com/Rain-kl/Wavelet/pkg/message_gateway/pairing.go:24.2,25.24 2 1
github.com/Rain-kl/Wavelet/pkg/message_gateway/pairing.go:25.24,27.3 1 8
github.com/Rain-kl/Wavelet/pkg/message_gateway/pairing.go:28.2,28.25 1 1
github.com/Rain-kl/Wavelet/pkg/message_gateway/pairing.go:32.37,34.22 2 2
github.com/Rain-kl/Wavelet/pkg/message_gateway/pairing.go:34.22,35.37 1 19
github.com/Rain-kl/Wavelet/pkg/message_gateway/pairing.go:35.37,36.12 1 3
github.com/Rain-kl/Wavelet/pkg/message_gateway/pairing.go:38.3,38.34 1 16
github.com/Rain-kl/Wavelet/pkg/message_gateway/pairing.go:40.2,40.19 1 2
github.com/Rain-kl/Wavelet/pkg/message_gateway/pairing.go:44.34,46.26 2 1
github.com/Rain-kl/Wavelet/pkg/message_gateway/pairing.go:46.26,48.3 1 0
github.com/Rain-kl/Wavelet/pkg/message_gateway/pairing.go:49.2,49.28 1 1
github.com/Rain-kl/Wavelet/pkg/message_gateway/registry.go:14.39,18.2 3 1
github.com/Rain-kl/Wavelet/pkg/message_gateway/registry.go:21.41,26.2 4 1
github.com/Rain-kl/Wavelet/pkg/message_gateway/channel/telegram/adapter.go:27.113,28.59 1 1
github.com/Rain-kl/Wavelet/pkg/message_gateway/channel/telegram/adapter.go:28.59,30.3 1 1
github.com/Rain-kl/Wavelet/pkg/message_gateway/channel/telegram/adapter.go:31.2,31.54 1 0
github.com/Rain-kl/Wavelet/pkg/message_gateway/channel/telegram/adapter.go:35.33,35.79 1 0
github.com/Rain-kl/Wavelet/pkg/message_gateway/channel/telegram/adapter.go:38.61,40.2 1 0
github.com/Rain-kl/Wavelet/pkg/message_gateway/channel/telegram/adapter.go:43.54,48.68 2 0
github.com/Rain-kl/Wavelet/pkg/message_gateway/channel/telegram/adapter.go:48.68,50.3 1 0
github.com/Rain-kl/Wavelet/pkg/message_gateway/channel/telegram/adapter.go:51.2,52.16 2 0
github.com/Rain-kl/Wavelet/pkg/message_gateway/channel/telegram/adapter.go:52.16,54.3 1 0
github.com/Rain-kl/Wavelet/pkg/message_gateway/channel/telegram/adapter.go:55.2,56.53 2 0
github.com/Rain-kl/Wavelet/pkg/message_gateway/channel/telegram/adapter.go:56.53,59.3 2 0
github.com/Rain-kl/Wavelet/pkg/message_gateway/channel/telegram/adapter.go:60.2,60.54 1 0
github.com/Rain-kl/Wavelet/pkg/message_gateway/channel/telegram/adapter.go:60.54,63.3 2 0
github.com/Rain-kl/Wavelet/pkg/message_gateway/channel/telegram/adapter.go:64.2,64.57 1 0
github.com/Rain-kl/Wavelet/pkg/message_gateway/channel/telegram/adapter.go:64.57,67.3 2 0
github.com/Rain-kl/Wavelet/pkg/message_gateway/channel/telegram/adapter.go:68.2,69.12 2 0
github.com/Rain-kl/Wavelet/pkg/message_gateway/channel/telegram/adapter.go:69.12,72.3 2 0
github.com/Rain-kl/Wavelet/pkg/message_gateway/channel/telegram/adapter.go:73.2,73.12 1 0
github.com/Rain-kl/Wavelet/pkg/message_gateway/channel/telegram/adapter.go:77.55,78.18 1 0
github.com/Rain-kl/Wavelet/pkg/message_gateway/channel/telegram/adapter.go:78.18,80.3 1 0
github.com/Rain-kl/Wavelet/pkg/message_gateway/channel/telegram/adapter.go:81.2,81.12 1 0
github.com/Rain-kl/Wavelet/pkg/message_gateway/channel/telegram/adapter.go:85.116,86.18 1 0
github.com/Rain-kl/Wavelet/pkg/message_gateway/channel/telegram/adapter.go:86.18,88.3 1 0
github.com/Rain-kl/Wavelet/pkg/message_gateway/channel/telegram/adapter.go:89.2,90.16 2 0
github.com/Rain-kl/Wavelet/pkg/message_gateway/channel/telegram/adapter.go:90.16,92.3 1 0
github.com/Rain-kl/Wavelet/pkg/message_gateway/channel/telegram/adapter.go:93.2,94.12 2 0
github.com/Rain-kl/Wavelet/pkg/message_gateway/channel/telegram/adapter.go:97.75,98.66 1 2
github.com/Rain-kl/Wavelet/pkg/message_gateway/channel/telegram/adapter.go:98.66,100.3 1 1
github.com/Rain-kl/Wavelet/pkg/message_gateway/channel/telegram/adapter.go:101.2,101.24 1 1
github.com/Rain-kl/Wavelet/pkg/message_gateway/channel/telegram/adapter.go:101.24,103.3 1 0
github.com/Rain-kl/Wavelet/pkg/message_gateway/channel/telegram/adapter.go:104.2,112.39 2 1
github.com/Rain-kl/Wavelet/pkg/message_gateway/channel/telegram/adapter.go:112.39,114.3 1 0
github.com/Rain-kl/Wavelet/pkg/message_gateway/channel/telegram/adapter.go:115.2,115.18 1 1
github.com/Rain-kl/Wavelet/pkg/message_gateway/channel/telegram/adapter.go:115.18,117.3 1 0
github.com/Rain-kl/Wavelet/pkg/message_gateway/channel/telegram/adapter.go:118.2,118.27 1 1
github.com/Rain-kl/Wavelet/pkg/message_gateway/channel/telegram/adapter.go:121.79,124.20 3 0
github.com/Rain-kl/Wavelet/pkg/message_gateway/channel/telegram/adapter.go:124.20,127.3 2 0
github.com/Rain-kl/Wavelet/pkg/message_gateway/channel/telegram/adapter.go:128.2,128.23 1 0
github.com/Rain-kl/Wavelet/pkg/message_gateway/channel/telegram/adapter.go:128.23,131.17 3 0
github.com/Rain-kl/Wavelet/pkg/message_gateway/channel/telegram/adapter.go:131.17,133.4 1 0
github.com/Rain-kl/Wavelet/pkg/message_gateway/channel/telegram/adapter.go:134.3,134.30 1 0
github.com/Rain-kl/Wavelet/pkg/message_gateway/channel/telegram/adapter.go:136.2,136.21 1 0
github.com/Rain-kl/Wavelet/pkg/message_gateway/channel/telegram/adapter.go:136.21,138.3 1 0
github.com/Rain-kl/Wavelet/pkg/message_gateway/channel/telegram/adapter.go:139.2,140.16 2 0
github.com/Rain-kl/Wavelet/pkg/message_gateway/channel/telegram/adapter.go:140.16,142.3 1 0
github.com/Rain-kl/Wavelet/pkg/message_gateway/channel/telegram/adapter.go:143.2,144.26 2 0
github.com/Rain-kl/Wavelet/pkg/message_gateway/channel/telegram/adapter.go:144.26,146.49 2 0
github.com/Rain-kl/Wavelet/pkg/message_gateway/channel/telegram/adapter.go:146.49,148.12 2 0
github.com/Rain-kl/Wavelet/pkg/message_gateway/channel/telegram/adapter.go:150.3,150.80 1 0
github.com/Rain-kl/Wavelet/pkg/message_gateway/channel/telegram/adapter.go:152.2,152.12 1 0
github.com/Rain-kl/Wavelet/pkg/push/custom.go:19.13,21.2 1 1
github.com/Rain-kl/Wavelet/pkg/push/custom.go:30.144,31.19 1 6
github.com/Rain-kl/Wavelet/pkg/push/custom.go:31.19,33.3 1 0
github.com/Rain-kl/Wavelet/pkg/push/custom.go:35.2,37.20 2 6
github.com/Rain-kl/Wavelet/pkg/push/custom.go:37.20,41.3 2 6
github.com/Rain-kl/Wavelet/pkg/push/custom.go:41.8,45.17 3 0
github.com/Rain-kl/Wavelet/pkg/push/custom.go:45.17,47.4 1 0
github.com/Rain-kl/Wavelet/pkg/push/custom.go:50.2,51.16 2 6
github.com/Rain-kl/Wavelet/pkg/push/custom.go:51.16,53.3 1 0
github.com/Rain-kl/Wavelet/pkg/push/custom.go:54.2,57.53 2 6
github.com/Rain-kl/Wavelet/pkg/push/custom.go:57.53,60.3 2 0
github.com/Rain-kl/Wavelet/pkg/push/custom.go:62.2,64.16 3 6
github.com/Rain-kl/Wavelet/pkg/push/custom.go:64.16,66.3 1 0
github.com/Rain-kl/Wavelet/pkg/push/custom.go:67.2,67.15 1 6
github.com/Rain-kl/Wavelet/pkg/push/custom.go:67.15,67.40 1 6
github.com/Rain-kl/Wavelet/pkg/push/custom.go:69.2,72.53 3 6
github.com/Rain-kl/Wavelet/pkg/push/custom.go:72.53,74.3 1 1
github.com/Rain-kl/Wavelet/pkg/push/custom.go:78.2,82.84 2 5
github.com/Rain-kl/Wavelet/pkg/push/custom.go:82.84,84.3 1 1
github.com/Rain-kl/Wavelet/pkg/push/custom.go:86.2,86.26 1 4
github.com/Rain-kl/Wavelet/pkg/push/custom.go:90.57,91.19 1 0
github.com/Rain-kl/Wavelet/pkg/push/custom.go:91.19,93.3 1 0
github.com/Rain-kl/Wavelet/pkg/push/custom.go:94.2,94.87 1 0
github.com/Rain-kl/Wavelet/pkg/push/custom.go:94.87,96.3 1 0
github.com/Rain-kl/Wavelet/pkg/push/custom.go:97.2,97.12 1 0
github.com/Rain-kl/Wavelet/pkg/push/email.go:17.13,19.2 1 1
github.com/Rain-kl/Wavelet/pkg/push/email.go:26.43,30.2 3 4
github.com/Rain-kl/Wavelet/pkg/push/email.go:33.143,34.56 1 0
github.com/Rain-kl/Wavelet/pkg/push/email.go:34.56,36.3 1 0
github.com/Rain-kl/Wavelet/pkg/push/email.go:37.2,37.18 1 0
github.com/Rain-kl/Wavelet/pkg/push/email.go:37.18,39.3 1 0
github.com/Rain-kl/Wavelet/pkg/push/email.go:41.2,42.52 2 0
github.com/Rain-kl/Wavelet/pkg/push/email.go:42.52,44.3 1 0
github.com/Rain-kl/Wavelet/pkg/push/email.go:46.2,47.54 2 0
github.com/Rain-kl/Wavelet/pkg/push/email.go:47.54,49.3 1 0
github.com/Rain-kl/Wavelet/pkg/push/email.go:49.8,52.26 2 0
github.com/Rain-kl/Wavelet/pkg/push/email.go:52.26,54.4 1 0
github.com/Rain-kl/Wavelet/pkg/push/email.go:55.3,55.36 1 0
github.com/Rain-kl/Wavelet/pkg/push/email.go:59.2,64.16 4 0
github.com/Rain-kl/Wavelet/pkg/push/email.go:64.16,65.58 1 0
github.com/Rain-kl/Wavelet/pkg/push/email.go:65.58,67.4 1 0
github.com/Rain-kl/Wavelet/pkg/push/email.go:70.2,82.16 8 0
github.com/Rain-kl/Wavelet/pkg/push/email.go:82.16,85.3 2 0
github.com/Rain-kl/Wavelet/pkg/push/email.go:87.2,91.17 3 0
github.com/Rain-kl/Wavelet/pkg/push/email.go:91.17,93.3 1 0
github.com/Rain-kl/Wavelet/pkg/push/email.go:95.2,95.9 1 0
github.com/Rain-kl/Wavelet/pkg/push/email.go:96.20,97.23 1 0
github.com/Rain-kl/Wavelet/pkg/push/email.go:98.24,99.17 1 0
github.com/Rain-kl/Wavelet/pkg/push/email.go:99.17,101.4 1 0
github.com/Rain-kl/Wavelet/pkg/push/email.go:104.2,104.16 1 0
github.com/Rain-kl/Wavelet/pkg/push/email.go:108.56,109.19 1 0
github.com/Rain-kl/Wavelet/pkg/push/email.go:109.19,111.3 1 0
github.com/Rain-kl/Wavelet/pkg/push/email.go:112.2,112.19 1 0
github.com/Rain-kl/Wavelet/pkg/push/email.go:112.19,114.3 1 0
github.com/Rain-kl/Wavelet/pkg/push/email.go:115.2,115.22 1 0
github.com/Rain-kl/Wavelet/pkg/push/email.go:115.22,117.3 1 0
github.com/Rain-kl/Wavelet/pkg/push/email.go:118.2,118.12 1 0
github.com/Rain-kl/Wavelet/pkg/push/lark.go:23.13,25.2 1 1
github.com/Rain-kl/Wavelet/pkg/push/lark.go:79.142,80.19 1 0
github.com/Rain-kl/Wavelet/pkg/push/lark.go:80.19,82.3 1 0
github.com/Rain-kl/Wavelet/pkg/push/lark.go:84.2,87.20 2 0
github.com/Rain-kl/Wavelet/pkg/push/lark.go:87.20,95.49 5 0
github.com/Rain-kl/Wavelet/pkg/push/lark.go:95.49,97.72 1 0
github.com/Rain-kl/Wavelet/pkg/push/lark.go:97.72,100.5 2 0
github.com/Rain-kl/Wavelet/pkg/push/lark.go:100.10,103.5 2 0
github.com/Rain-kl/Wavelet/pkg/push/lark.go:104.9,112.107 3 0
github.com/Rain-kl/Wavelet/pkg/push/lark.go:112.107,114.20 2 0
github.com/Rain-kl/Wavelet/pkg/push/lark.go:114.20,116.6 1 0
github.com/Rain-kl/Wavelet/pkg/push/lark.go:117.5,119.20 3 0
github.com/Rain-kl/Wavelet/pkg/push/lark.go:119.20,121.6 1 0
github.com/Rain-kl/Wavelet/pkg/push/lark.go:123.5,124.18 2 0
github.com/Rain-kl/Wavelet/pkg/push/lark.go:125.22,126.28 1 0
github.com/Rain-kl/Wavelet/pkg/push/lark.go:127.21,128.25 1 0
github.com/Rain-kl/Wavelet/pkg/push/lark.go:131.5,149.6 2 0
github.com/Rain-kl/Wavelet/pkg/push/lark.go:150.10,154.5 2 0
github.com/Rain-kl/Wavelet/pkg/push/lark.go:156.8,159.53 2 0
github.com/Rain-kl/Wavelet/pkg/push/lark.go:159.53,161.4 1 0
github.com/Rain-kl/Wavelet/pkg/push/lark.go:163.3,164.55 2 0
github.com/Rain-kl/Wavelet/pkg/push/lark.go:164.55,166.4 1 0
github.com/Rain-kl/Wavelet/pkg/push/lark.go:166.9,169.27 2 0
github.com/Rain-kl/Wavelet/pkg/push/lark.go:169.27,171.5 1 0
github.com/Rain-kl/Wavelet/pkg/push/lark.go:172.4,172.39 1 0
github.com/Rain-kl/Wavelet/pkg/push/lark.go:175.3,176.53 2 0
github.com/Rain-kl/Wavelet/pkg/push/lark.go:176.53,178.4 1 0
github.com/Rain-kl/Wavelet/pkg/push/lark.go:181.3,182.16 2 0
github.com/Rain-kl/Wavelet/pkg/push/lark.go:183.20,184.26 1 0
github.com/Rain-kl/Wavelet/pkg/push/lark.go:185.19,186.23 1 0
github.com/Rain-kl/Wavelet/pkg/push/lark.go:189.3,207.4 2 0
github.com/Rain-kl/Wavelet/pkg/push/lark.go:211.2,211.22 1 0
github.com/Rain-kl/Wavelet/pkg/push/lark.go:211.22,214.17 3 0
github.com/Rain-kl/Wavelet/pkg/push/lark.go:214.17,216.4 1 0
github.com/Rain-kl/Wavelet/pkg/push/lark.go:217.3,218.18 2 0
github.com/Rain-kl/Wavelet/pkg/push/lark.go:221.2,222.16 2 0
github.com/Rain-kl/Wavelet/pkg/push/lark.go:222.16,224.3 1 0
github.com/Rain-kl/Wavelet/pkg/push/lark.go:227.2,228.16 2 0
github.com/Rain-kl/Wavelet/pkg/push/lark.go:228.16,230.3 1 0
github.com/Rain-kl/Wavelet/pkg/push/lark.go:231.2,235.16 4 0
github.com/Rain-kl/Wavelet/pkg/push/lark.go:235.16,237.3 1 0
github.com/Rain-kl/Wavelet/pkg/push/lark.go:238.2,238.15 1 0
github.com/Rain-kl/Wavelet/pkg/push/lark.go:238.15,238.40 1 0
github.com/Rain-kl/Wavelet/pkg/push/lark.go:240.2,240.38 1 0
github.com/Rain-kl/Wavelet/pkg/push/lark.go:240.38,242.3 1 0
github.com/Rain-kl/Wavelet/pkg/push/lark.go:244.2,245.64 2 0
github.com/Rain-kl/Wavelet/pkg/push/lark.go:245.64,247.3 1 0
github.com/Rain-kl/Wavelet/pkg/push/lark.go:249.2,249.19 1 0
github.com/Rain-kl/Wavelet/pkg/push/lark.go:249.19,251.3 1 0
github.com/Rain-kl/Wavelet/pkg/push/lark.go:253.2,253.16 1 0
github.com/Rain-kl/Wavelet/pkg/push/lark.go:257.55,258.19 1 0
github.com/Rain-kl/Wavelet/pkg/push/lark.go:258.19,260.3 1 0
github.com/Rain-kl/Wavelet/pkg/push/lark.go:261.2,261.87 1 0
github.com/Rain-kl/Wavelet/pkg/push/lark.go:261.87,263.3 1 0
github.com/Rain-kl/Wavelet/pkg/push/lark.go:264.2,264.12 1 0
github.com/Rain-kl/Wavelet/pkg/push/lark.go:267.63,271.16 4 0
github.com/Rain-kl/Wavelet/pkg/push/lark.go:271.16,273.3 1 0
github.com/Rain-kl/Wavelet/pkg/push/lark.go:274.2,274.59 1 0
github.com/Rain-kl/Wavelet/pkg/push/push.go:49.50,52.19 3 4
github.com/Rain-kl/Wavelet/pkg/push/push.go:52.19,53.40 1 0
github.com/Rain-kl/Wavelet/pkg/push/push.go:55.2,55.31 1 4
github.com/Rain-kl/Wavelet/pkg/push/push.go:59.52,63.9 4 0
github.com/Rain-kl/Wavelet/pkg/push/push.go:63.9,65.3 1 0
github.com/Rain-kl/Wavelet/pkg/push/push.go:66.2,66.20 1 0
github.com/Rain-kl/Wavelet/pkg/push/telegram.go:18.13,20.2 1 1
github.com/Rain-kl/Wavelet/pkg/push/telegram.go:40.151,41.22 1 2
github.com/Rain-kl/Wavelet/pkg/push/telegram.go:41.22,43.3 1 0
github.com/Rain-kl/Wavelet/pkg/push/telegram.go:45.2,46.18 2 2
github.com/Rain-kl/Wavelet/pkg/push/telegram.go:46.18,48.3 1 0
github.com/Rain-kl/Wavelet/pkg/push/telegram.go:49.2,49.18 1 2
github.com/Rain-kl/Wavelet/pkg/push/telegram.go:49.18,51.3 1 0
github.com/Rain-kl/Wavelet/pkg/push/telegram.go:53.2,54.19 2 2
github.com/Rain-kl/Wavelet/pkg/push/telegram.go:54.19,56.3 1 0
github.com/Rain-kl/Wavelet/pkg/push/telegram.go:57.2,60.52 3 2
github.com/Rain-kl/Wavelet/pkg/push/telegram.go:60.52,62.3 1 2
github.com/Rain-kl/Wavelet/pkg/push/telegram.go:63.2,64.54 2 2
github.com/Rain-kl/Wavelet/pkg/push/telegram.go:64.54,66.3 1 2
github.com/Rain-kl/Wavelet/pkg/push/telegram.go:66.8,68.26 2 0
github.com/Rain-kl/Wavelet/pkg/push/telegram.go:68.26,70.4 1 0
github.com/Rain-kl/Wavelet/pkg/push/telegram.go:71.3,71.38 1 0
github.com/Rain-kl/Wavelet/pkg/push/telegram.go:73.2,74.52 2 2
github.com/Rain-kl/Wavelet/pkg/push/telegram.go:74.52,76.3 1 2
github.com/Rain-kl/Wavelet/pkg/push/telegram.go:78.2,79.20 2 2
github.com/Rain-kl/Wavelet/pkg/push/telegram.go:79.20,81.3 1 0
github.com/Rain-kl/Wavelet/pkg/push/telegram.go:81.8,83.3 1 2
github.com/Rain-kl/Wavelet/pkg/push/telegram.go:86.2,87.16 2 2
github.com/Rain-kl/Wavelet/pkg/push/telegram.go:87.16,90.21 2 1
github.com/Rain-kl/Wavelet/pkg/push/telegram.go:90.21,92.4 1 1
github.com/Rain-kl/Wavelet/pkg/push/telegram.go:93.3,94.25 2 1
github.com/Rain-kl/Wavelet/pkg/push/telegram.go:94.25,96.4 1 0
github.com/Rain-kl/Wavelet/pkg/push/telegram.go:99.2,99.16 1 2
github.com/Rain-kl/Wavelet/pkg/push/telegram.go:103.59,104.22 1 3
github.com/Rain-kl/Wavelet/pkg/push/telegram.go:104.22,106.3 1 1
github.com/Rain-kl/Wavelet/pkg/push/telegram.go:107.2,107.19 1 2
github.com/Rain-kl/Wavelet/pkg/push/telegram.go:107.19,108.88 1 1
github.com/Rain-kl/Wavelet/pkg/push/telegram.go:108.88,110.4 1 1
github.com/Rain-kl/Wavelet/pkg/push/telegram.go:112.2,112.12 1 1
github.com/Rain-kl/Wavelet/pkg/push/telegram.go:115.113,125.16 4 3
github.com/Rain-kl/Wavelet/pkg/push/telegram.go:125.16,127.3 1 0
github.com/Rain-kl/Wavelet/pkg/push/telegram.go:129.2,130.16 2 3
github.com/Rain-kl/Wavelet/pkg/push/telegram.go:130.16,132.3 1 0
github.com/Rain-kl/Wavelet/pkg/push/telegram.go:133.2,137.16 4 3
github.com/Rain-kl/Wavelet/pkg/push/telegram.go:137.16,139.3 1 0
github.com/Rain-kl/Wavelet/pkg/push/telegram.go:140.2,140.15 1 3
github.com/Rain-kl/Wavelet/pkg/push/telegram.go:140.15,140.40 1 3
github.com/Rain-kl/Wavelet/pkg/push/telegram.go:142.2,142.38 1 3
github.com/Rain-kl/Wavelet/pkg/push/telegram.go:142.38,144.80 2 1
github.com/Rain-kl/Wavelet/pkg/push/telegram.go:144.80,146.4 1 1
github.com/Rain-kl/Wavelet/pkg/push/telegram.go:147.3,147.51 1 0
github.com/Rain-kl/Wavelet/pkg/push/telegram.go:150.2,150.12 1 2
github.com/Rain-kl/Wavelet/pkg/push/telegram.go:153.34,158.2 4 6
github.com/Rain-kl/Wavelet/pkg/push/template.go:15.65,20.6 4 14
github.com/Rain-kl/Wavelet/pkg/push/template.go:20.6,22.16 2 25
github.com/Rain-kl/Wavelet/pkg/push/template.go:22.16,24.9 2 13
github.com/Rain-kl/Wavelet/pkg/push/template.go:27.3,31.19 4 12
github.com/Rain-kl/Wavelet/pkg/push/template.go:31.19,35.9 3 1
github.com/Rain-kl/Wavelet/pkg/push/template.go:37.3,38.31 2 11
github.com/Rain-kl/Wavelet/pkg/push/template.go:38.31,40.4 1 10
github.com/Rain-kl/Wavelet/pkg/push/template.go:40.9,45.4 3 1
github.com/Rain-kl/Wavelet/pkg/push/template.go:46.3,46.18 1 11
github.com/Rain-kl/Wavelet/pkg/push/template.go:48.2,48.21 1 14
github.com/Rain-kl/Wavelet/pkg/push/template.go:51.32,52.14 1 10
github.com/Rain-kl/Wavelet/pkg/push/template.go:52.14,54.3 1 1
github.com/Rain-kl/Wavelet/pkg/push/template.go:55.2,55.25 1 9
github.com/Rain-kl/Wavelet/pkg/push/template.go:56.14,57.13 1 4
github.com/Rain-kl/Wavelet/pkg/push/template.go:58.14,59.21 1 0
github.com/Rain-kl/Wavelet/pkg/push/template.go:60.11,61.27 1 1
github.com/Rain-kl/Wavelet/pkg/push/template.go:62.13,63.43 1 0
github.com/Rain-kl/Wavelet/pkg/push/template.go:64.13,65.36 1 0
github.com/Rain-kl/Wavelet/pkg/push/template.go:66.15,67.47 1 1
github.com/Rain-kl/Wavelet/pkg/push/template.go:68.12,69.33 1 1
github.com/Rain-kl/Wavelet/pkg/push/template.go:70.10,73.17 2 2
github.com/Rain-kl/Wavelet/pkg/push/template.go:73.17,75.4 1 2
github.com/Rain-kl/Wavelet/pkg/push/template.go:76.3,76.30 1 0
github.com/Rain-kl/Wavelet/internal/apps/user/access_tokens.go:41.39,46.16 4 3
github.com/Rain-kl/Wavelet/internal/apps/user/access_tokens.go:46.16,49.3 2 0
github.com/Rain-kl/Wavelet/internal/apps/user/access_tokens.go:51.2,51.44 1 3
github.com/Rain-kl/Wavelet/internal/apps/user/access_tokens.go:65.40,70.47 4 0
github.com/Rain-kl/Wavelet/internal/apps/user/access_tokens.go:70.47,73.3 2 0
github.com/Rain-kl/Wavelet/internal/apps/user/access_tokens.go:75.2,76.20 2 0
github.com/Rain-kl/Wavelet/internal/apps/user/access_tokens.go:76.20,79.3 2 0
github.com/Rain-kl/Wavelet/internal/apps/user/access_tokens.go:82.2,82.38 1 0
github.com/Rain-kl/Wavelet/internal/apps/user/access_tokens.go:82.38,85.3 2 0
github.com/Rain-kl/Wavelet/internal/apps/user/access_tokens.go:88.2,89.91 2 0
github.com/Rain-kl/Wavelet/internal/apps/user/access_tokens.go:89.91,91.3 1 0
github.com/Rain-kl/Wavelet/internal/apps/user/access_tokens.go:93.2,94.16 2 0
github.com/Rain-kl/Wavelet/internal/apps/user/access_tokens.go:94.16,97.3 2 0
github.com/Rain-kl/Wavelet/internal/apps/user/access_tokens.go:99.2,99.28 1 0
github.com/Rain-kl/Wavelet/internal/apps/user/access_tokens.go:99.28,102.3 2 0
github.com/Rain-kl/Wavelet/internal/apps/user/access_tokens.go:105.2,106.16 2 0
github.com/Rain-kl/Wavelet/internal/apps/user/access_tokens.go:106.16,109.3 2 0
github.com/Rain-kl/Wavelet/internal/apps/user/access_tokens.go:111.2,122.66 4 0
github.com/Rain-kl/Wavelet/internal/apps/user/access_tokens.go:122.66,125.3 2 0
github.com/Rain-kl/Wavelet/internal/apps/user/access_tokens.go:127.2,130.5 1 0
github.com/Rain-kl/Wavelet/internal/apps/user/access_tokens.go:143.40,149.16 5 0
github.com/Rain-kl/Wavelet/internal/apps/user/access_tokens.go:149.16,152.3 2 0
github.com/Rain-kl/Wavelet/internal/apps/user/access_tokens.go:154.2,154.69 1 0
github.com/Rain-kl/Wavelet/internal/apps/user/access_tokens.go:154.69,157.3 2 0
github.com/Rain-kl/Wavelet/internal/apps/user/access_tokens.go:159.2,159.52 1 0
github.com/Rain-kl/Wavelet/internal/apps/user/access_tokens.go:172.40,178.16 5 0
github.com/Rain-kl/Wavelet/internal/apps/user/access_tokens.go:178.16,181.3 2 0
github.com/Rain-kl/Wavelet/internal/apps/user/access_tokens.go:183.2,184.16 2 0
github.com/Rain-kl/Wavelet/internal/apps/user/access_tokens.go:184.16,187.3 2 0
github.com/Rain-kl/Wavelet/internal/apps/user/access_tokens.go:189.2,192.5 1 0
github.com/Rain-kl/Wavelet/internal/apps/user/logics.go:61.42,63.2 1 8
github.com/Rain-kl/Wavelet/internal/apps/user/logics.go:65.64,66.21 1 5
github.com/Rain-kl/Wavelet/internal/apps/user/logics.go:66.21,68.3 1 0
github.com/Rain-kl/Wavelet/internal/apps/user/logics.go:69.2,70.16 2 5
github.com/Rain-kl/Wavelet/internal/apps/user/logics.go:70.16,72.3 1 5
github.com/Rain-kl/Wavelet/internal/apps/user/logics.go:73.2,73.31 1 0
github.com/Rain-kl/Wavelet/internal/apps/user/logics.go:76.56,77.21 1 0
github.com/Rain-kl/Wavelet/internal/apps/user/logics.go:77.21,79.3 1 0
github.com/Rain-kl/Wavelet/internal/apps/user/logics.go:80.2,82.16 3 0
github.com/Rain-kl/Wavelet/internal/apps/user/logics.go:82.16,84.3 1 0
github.com/Rain-kl/Wavelet/internal/apps/user/logics.go:85.2,85.12 1 0
github.com/Rain-kl/Wavelet/internal/apps/user/logics.go:85.12,87.3 1 0
github.com/Rain-kl/Wavelet/internal/apps/user/logics.go:90.56,91.21 1 3
github.com/Rain-kl/Wavelet/internal/apps/user/logics.go:91.21,93.3 1 0
github.com/Rain-kl/Wavelet/internal/apps/user/logics.go:94.2,94.68 1 3
github.com/Rain-kl/Wavelet/internal/apps/user/logics.go:97.55,99.16 2 5
github.com/Rain-kl/Wavelet/internal/apps/user/logics.go:99.16,101.3 1 0
github.com/Rain-kl/Wavelet/internal/apps/user/logics.go:102.2,102.16 1 5
github.com/Rain-kl/Wavelet/internal/apps/user/logics.go:105.58,107.16 2 1
github.com/Rain-kl/Wavelet/internal/apps/user/logics.go:107.16,109.3 1 0
github.com/Rain-kl/Wavelet/internal/apps/user/logics.go:110.2,110.16 1 1
github.com/Rain-kl/Wavelet/internal/apps/user/logics.go:113.54,115.16 2 1
github.com/Rain-kl/Wavelet/internal/apps/user/logics.go:115.16,117.3 1 0
github.com/Rain-kl/Wavelet/internal/apps/user/logics.go:118.2,118.16 1 1
github.com/Rain-kl/Wavelet/internal/apps/user/logics.go:121.64,123.16 2 5
github.com/Rain-kl/Wavelet/internal/apps/user/logics.go:123.16,125.3 1 0
github.com/Rain-kl/Wavelet/internal/apps/user/logics.go:126.2,126.16 1 5
github.com/Rain-kl/Wavelet/internal/apps/user/logics.go:129.67,131.16 2 1
github.com/Rain-kl/Wavelet/internal/apps/user/logics.go:131.16,133.3 1 0
github.com/Rain-kl/Wavelet/internal/apps/user/logics.go:134.2,134.16 1 1
github.com/Rain-kl/Wavelet/internal/apps/user/logics.go:137.49,142.74 5 8
github.com/Rain-kl/Wavelet/internal/apps/user/logics.go:142.74,144.3 1 0
github.com/Rain-kl/Wavelet/internal/apps/user/logics.go:145.2,145.93 1 8
github.com/Rain-kl/Wavelet/internal/apps/user/logics.go:148.49,150.16 2 1
github.com/Rain-kl/Wavelet/internal/apps/user/logics.go:150.16,152.3 1 0
github.com/Rain-kl/Wavelet/internal/apps/user/logics.go:153.2,153.67 1 1
github.com/Rain-kl/Wavelet/internal/apps/user/logics.go:156.50,158.2 1 12
github.com/Rain-kl/Wavelet/internal/apps/user/logics.go:160.54,162.2 1 2
github.com/Rain-kl/Wavelet/internal/apps/user/logics.go:164.94,165.28 1 0
github.com/Rain-kl/Wavelet/internal/apps/user/logics.go:165.28,167.3 1 0
github.com/Rain-kl/Wavelet/internal/apps/user/logics.go:169.2,170.16 2 0
github.com/Rain-kl/Wavelet/internal/apps/user/logics.go:170.16,172.3 1 0
github.com/Rain-kl/Wavelet/internal/apps/user/logics.go:173.2,177.16 4 0
github.com/Rain-kl/Wavelet/internal/apps/user/logics.go:177.16,179.3 1 0
github.com/Rain-kl/Wavelet/internal/apps/user/logics.go:180.2,181.16 2 0
github.com/Rain-kl/Wavelet/internal/apps/user/logics.go:181.16,183.3 1 0
github.com/Rain-kl/Wavelet/internal/apps/user/logics.go:185.2,185.72 1 0
github.com/Rain-kl/Wavelet/internal/apps/user/logics.go:185.72,187.3 1 0
github.com/Rain-kl/Wavelet/internal/apps/user/logics.go:188.2,197.16 5 0
github.com/Rain-kl/Wavelet/internal/apps/user/logics.go:197.16,199.3 1 0
github.com/Rain-kl/Wavelet/internal/apps/user/logics.go:200.2,200.12 1 0
github.com/Rain-kl/Wavelet/internal/apps/user/logics.go:203.75,206.62 3 4
github.com/Rain-kl/Wavelet/internal/apps/user/logics.go:206.62,208.3 1 0
github.com/Rain-kl/Wavelet/internal/apps/user/logics.go:209.2,211.60 3 4
github.com/Rain-kl/Wavelet/internal/apps/user/logics.go:211.60,213.3 1 1
github.com/Rain-kl/Wavelet/internal/apps/user/logics.go:214.2,215.13 2 3
github.com/Rain-kl/Wavelet/internal/apps/user/logics.go:218.126,219.16 1 8
github.com/Rain-kl/Wavelet/internal/apps/user/logics.go:219.16,220.55 1 4
github.com/Rain-kl/Wavelet/internal/apps/user/logics.go:220.55,225.4 1 1
github.com/Rain-kl/Wavelet/internal/apps/user/logics.go:226.3,226.81 1 3
github.com/Rain-kl/Wavelet/internal/apps/user/logics.go:230.2,230.48 1 4
github.com/Rain-kl/Wavelet/internal/apps/user/logics.go:230.48,232.77 2 4
github.com/Rain-kl/Wavelet/internal/apps/user/logics.go:232.77,234.4 1 0
github.com/Rain-kl/Wavelet/internal/apps/user/logics.go:235.3,236.29 2 4
github.com/Rain-kl/Wavelet/internal/apps/user/logics.go:236.29,238.4 1 2
github.com/Rain-kl/Wavelet/internal/apps/user/logics.go:238.9,240.4 1 2
github.com/Rain-kl/Wavelet/internal/apps/user/logics.go:241.3,244.9 1 4
github.com/Rain-kl/Wavelet/internal/apps/user/logics.go:247.2,249.60 3 0
github.com/Rain-kl/Wavelet/internal/apps/user/logics.go:249.60,250.92 1 0
github.com/Rain-kl/Wavelet/internal/apps/user/logics.go:250.92,252.4 1 0
github.com/Rain-kl/Wavelet/internal/apps/user/logics.go:255.2,259.8 2 0
github.com/Rain-kl/Wavelet/internal/apps/user/logics.go:262.69,264.17 2 0
github.com/Rain-kl/Wavelet/internal/apps/user/logics.go:264.17,266.3 1 0
github.com/Rain-kl/Wavelet/internal/apps/user/logics.go:268.2,269.16 2 0
github.com/Rain-kl/Wavelet/internal/apps/user/logics.go:269.16,271.3 1 0
github.com/Rain-kl/Wavelet/internal/apps/user/logics.go:272.2,272.15 1 0
github.com/Rain-kl/Wavelet/internal/apps/user/logics.go:272.15,274.3 1 0
github.com/Rain-kl/Wavelet/internal/apps/user/logics.go:276.2,278.60 3 0
github.com/Rain-kl/Wavelet/internal/apps/user/logics.go:278.60,280.3 1 0
github.com/Rain-kl/Wavelet/internal/apps/user/logics.go:282.2,282.76 1 0
github.com/Rain-kl/Wavelet/internal/apps/user/logics.go:285.87,286.46 1 1
github.com/Rain-kl/Wavelet/internal/apps/user/logics.go:286.46,288.3 1 1
github.com/Rain-kl/Wavelet/internal/apps/user/logics.go:289.2,289.31 1 0
github.com/Rain-kl/Wavelet/internal/apps/user/logics.go:289.31,291.3 1 0
github.com/Rain-kl/Wavelet/internal/apps/user/logics.go:292.2,292.52 1 0
github.com/Rain-kl/Wavelet/internal/apps/user/logics.go:292.52,294.3 1 0
github.com/Rain-kl/Wavelet/internal/apps/user/logics.go:295.2,295.12 1 0
github.com/Rain-kl/Wavelet/internal/apps/user/logics.go:298.107,300.16 2 0
github.com/Rain-kl/Wavelet/internal/apps/user/logics.go:300.16,302.3 1 0
github.com/Rain-kl/Wavelet/internal/apps/user/logics.go:304.2,305.54 2 0
github.com/Rain-kl/Wavelet/internal/apps/user/logics.go:305.54,306.81 1 0
github.com/Rain-kl/Wavelet/internal/apps/user/logics.go:306.81,308.4 1 0
github.com/Rain-kl/Wavelet/internal/apps/user/logics.go:310.3,311.17 2 0
github.com/Rain-kl/Wavelet/internal/apps/user/logics.go:311.17,313.4 1 0
github.com/Rain-kl/Wavelet/internal/apps/user/logics.go:314.3,314.16 1 0
github.com/Rain-kl/Wavelet/internal/apps/user/logics.go:314.16,316.4 1 0
github.com/Rain-kl/Wavelet/internal/apps/user/logics.go:319.2,320.27 2 0
github.com/Rain-kl/Wavelet/internal/apps/user/logics.go:320.27,322.3 1 0
github.com/Rain-kl/Wavelet/internal/apps/user/logics.go:323.2,331.60 8 0
github.com/Rain-kl/Wavelet/internal/apps/user/logics.go:331.60,333.3 1 0
github.com/Rain-kl/Wavelet/internal/apps/user/logics.go:334.2,334.21 1 0
github.com/Rain-kl/Wavelet/internal/apps/user/logics.go:337.87,339.16 2 5
github.com/Rain-kl/Wavelet/internal/apps/user/logics.go:339.16,341.3 1 0
github.com/Rain-kl/Wavelet/internal/apps/user/logics.go:342.2,342.19 1 5
github.com/Rain-kl/Wavelet/internal/apps/user/logics.go:345.67,347.2 1 3
github.com/Rain-kl/Wavelet/internal/apps/user/logics.go:349.66,350.66 1 1
github.com/Rain-kl/Wavelet/internal/apps/user/logics.go:350.66,351.96 1 0
github.com/Rain-kl/Wavelet/internal/apps/user/logics.go:351.96,353.4 1 0
github.com/Rain-kl/Wavelet/internal/apps/user/logics.go:354.3,354.54 1 0
github.com/Rain-kl/Wavelet/internal/apps/user/logics.go:356.2,356.12 1 1
github.com/Rain-kl/Wavelet/internal/apps/user/logics.go:359.93,361.16 2 1
github.com/Rain-kl/Wavelet/internal/apps/user/logics.go:361.16,363.3 1 0
github.com/Rain-kl/Wavelet/internal/apps/user/logics.go:365.2,365.36 1 1
github.com/Rain-kl/Wavelet/internal/apps/user/logics.go:365.36,367.3 1 0
github.com/Rain-kl/Wavelet/internal/apps/user/logics.go:369.2,369.61 1 1
github.com/Rain-kl/Wavelet/internal/apps/user/logics.go:369.61,371.3 1 0
github.com/Rain-kl/Wavelet/internal/apps/user/logics.go:373.2,373.87 1 1
github.com/Rain-kl/Wavelet/internal/apps/user/logics.go:373.87,375.3 1 0
github.com/Rain-kl/Wavelet/internal/apps/user/logics.go:378.2,378.84 1 1
github.com/Rain-kl/Wavelet/internal/apps/user/logics.go:378.84,379.32 1 1
github.com/Rain-kl/Wavelet/internal/apps/user/logics.go:379.32,381.4 1 1
github.com/Rain-kl/Wavelet/internal/apps/user/logics.go:383.2,383.78 1 1
github.com/Rain-kl/Wavelet/internal/apps/user/logics.go:383.78,385.3 1 0
github.com/Rain-kl/Wavelet/internal/apps/user/logics.go:387.2,388.12 2 1
github.com/Rain-kl/Wavelet/internal/apps/user/logics.go:391.93,393.16 2 3
github.com/Rain-kl/Wavelet/internal/apps/user/logics.go:393.16,395.3 1 0
github.com/Rain-kl/Wavelet/internal/apps/user/logics.go:396.2,396.20 1 3
github.com/Rain-kl/Wavelet/internal/apps/user/logics.go:399.80,401.16 2 0
github.com/Rain-kl/Wavelet/internal/apps/user/logics.go:401.16,403.3 1 0
github.com/Rain-kl/Wavelet/internal/apps/user/logics.go:404.2,404.19 1 0
github.com/Rain-kl/Wavelet/internal/apps/user/logics.go:407.83,408.66 1 0
github.com/Rain-kl/Wavelet/internal/apps/user/logics.go:408.66,410.3 1 0
github.com/Rain-kl/Wavelet/internal/apps/user/logics.go:411.2,412.12 2 0
github.com/Rain-kl/Wavelet/internal/apps/user/logics.go:415.75,417.16 2 0
github.com/Rain-kl/Wavelet/internal/apps/user/logics.go:417.16,419.3 1 0
github.com/Rain-kl/Wavelet/internal/apps/user/logics.go:420.2,423.16 3 0
github.com/Rain-kl/Wavelet/internal/apps/user/logics.go:423.16,425.3 1 0
github.com/Rain-kl/Wavelet/internal/apps/user/logics.go:426.2,426.15 1 0
github.com/Rain-kl/Wavelet/internal/apps/user/logics.go:426.15,428.3 1 0
github.com/Rain-kl/Wavelet/internal/apps/user/logics.go:429.2,429.12 1 0
github.com/Rain-kl/Wavelet/internal/apps/user/logics.go:432.105,434.16 2 0
github.com/Rain-kl/Wavelet/internal/apps/user/logics.go:434.16,436.3 1 0
github.com/Rain-kl/Wavelet/internal/apps/user/logics.go:438.2,441.16 3 0
github.com/Rain-kl/Wavelet/internal/apps/user/logics.go:441.16,443.3 1 0
github.com/Rain-kl/Wavelet/internal/apps/user/logics.go:445.2,451.70 5 0
github.com/Rain-kl/Wavelet/internal/apps/user/logics.go:451.70,453.3 1 0
github.com/Rain-kl/Wavelet/internal/apps/user/logics.go:455.2,457.39 2 0
github.com/Rain-kl/Wavelet/internal/apps/user/routers.go:64.28,66.34 2 5
github.com/Rain-kl/Wavelet/internal/apps/user/routers.go:66.34,69.3 2 0
github.com/Rain-kl/Wavelet/internal/apps/user/routers.go:70.2,70.45 1 5
github.com/Rain-kl/Wavelet/internal/apps/user/routers.go:70.45,73.3 2 0
github.com/Rain-kl/Wavelet/internal/apps/user/routers.go:74.2,75.47 2 5
github.com/Rain-kl/Wavelet/internal/apps/user/routers.go:75.47,78.3 2 0
github.com/Rain-kl/Wavelet/internal/apps/user/routers.go:79.2,80.46 2 5
github.com/Rain-kl/Wavelet/internal/apps/user/routers.go:80.46,83.3 2 0
github.com/Rain-kl/Wavelet/internal/apps/user/routers.go:85.2,86.16 2 5
github.com/Rain-kl/Wavelet/internal/apps/user/routers.go:86.16,92.3 5 0
github.com/Rain-kl/Wavelet/internal/apps/user/routers.go:93.2,93.20 1 5
github.com/Rain-kl/Wavelet/internal/apps/user/routers.go:93.20,98.3 4 0
github.com/Rain-kl/Wavelet/internal/apps/user/routers.go:101.2,103.39 2 5
github.com/Rain-kl/Wavelet/internal/apps/user/routers.go:103.39,108.3 4 0
github.com/Rain-kl/Wavelet/internal/apps/user/routers.go:110.2,110.42 1 5
github.com/Rain-kl/Wavelet/internal/apps/user/routers.go:110.42,112.17 2 4
github.com/Rain-kl/Wavelet/internal/apps/user/routers.go:112.17,115.4 2 0
github.com/Rain-kl/Wavelet/internal/apps/user/routers.go:116.3,116.52 1 4
github.com/Rain-kl/Wavelet/internal/apps/user/routers.go:116.52,119.4 2 2
github.com/Rain-kl/Wavelet/internal/apps/user/routers.go:122.2,125.51 3 3
github.com/Rain-kl/Wavelet/internal/apps/user/routers.go:125.51,128.3 2 0
github.com/Rain-kl/Wavelet/internal/apps/user/routers.go:129.2,130.17 2 3
github.com/Rain-kl/Wavelet/internal/apps/user/routers.go:130.17,132.3 1 1
github.com/Rain-kl/Wavelet/internal/apps/user/routers.go:133.2,134.68 2 3
github.com/Rain-kl/Wavelet/internal/apps/user/routers.go:134.68,137.3 2 0
github.com/Rain-kl/Wavelet/internal/apps/user/routers.go:139.2,145.88 4 3
github.com/Rain-kl/Wavelet/internal/apps/user/routers.go:159.31,161.68 2 1
github.com/Rain-kl/Wavelet/internal/apps/user/routers.go:161.68,164.3 2 0
github.com/Rain-kl/Wavelet/internal/apps/user/routers.go:166.2,167.47 2 1
github.com/Rain-kl/Wavelet/internal/apps/user/routers.go:167.47,170.3 2 0
github.com/Rain-kl/Wavelet/internal/apps/user/routers.go:172.2,179.46 7 1
github.com/Rain-kl/Wavelet/internal/apps/user/routers.go:179.46,182.3 2 0
github.com/Rain-kl/Wavelet/internal/apps/user/routers.go:183.2,183.21 1 1
github.com/Rain-kl/Wavelet/internal/apps/user/routers.go:183.21,186.3 2 0
github.com/Rain-kl/Wavelet/internal/apps/user/routers.go:187.2,187.43 1 1
github.com/Rain-kl/Wavelet/internal/apps/user/routers.go:187.43,190.3 2 0
github.com/Rain-kl/Wavelet/internal/apps/user/routers.go:193.2,193.84 1 1
github.com/Rain-kl/Wavelet/internal/apps/user/routers.go:193.84,196.3 2 0
github.com/Rain-kl/Wavelet/internal/apps/user/routers.go:198.2,208.25 2 1
github.com/Rain-kl/Wavelet/internal/apps/user/routers.go:208.25,210.3 1 0
github.com/Rain-kl/Wavelet/internal/apps/user/routers.go:211.2,211.25 1 1
github.com/Rain-kl/Wavelet/internal/apps/user/routers.go:211.25,213.3 1 0
github.com/Rain-kl/Wavelet/internal/apps/user/routers.go:214.2,214.64 1 1
github.com/Rain-kl/Wavelet/internal/apps/user/routers.go:214.64,217.3 2 0
github.com/Rain-kl/Wavelet/internal/apps/user/routers.go:219.2,219.54 1 1
github.com/Rain-kl/Wavelet/internal/apps/user/routers.go:219.54,222.3 2 0
github.com/Rain-kl/Wavelet/internal/apps/user/routers.go:224.2,224.61 1 1
github.com/Rain-kl/Wavelet/internal/apps/user/routers.go:224.61,227.3 2 0
github.com/Rain-kl/Wavelet/internal/apps/user/routers.go:229.2,229.76 1 1
github.com/Rain-kl/Wavelet/internal/apps/user/routers.go:241.29,245.19 4 0
github.com/Rain-kl/Wavelet/internal/apps/user/routers.go:245.19,247.36 2 0
github.com/Rain-kl/Wavelet/internal/apps/user/routers.go:247.36,249.4 1 0
github.com/Rain-kl/Wavelet/internal/apps/user/routers.go:249.9,249.49 1 0
github.com/Rain-kl/Wavelet/internal/apps/user/routers.go:249.49,251.4 1 0
github.com/Rain-kl/Wavelet/internal/apps/user/routers.go:251.9,251.57 1 0
github.com/Rain-kl/Wavelet/internal/apps/user/routers.go:251.57,253.4 1 0
github.com/Rain-kl/Wavelet/internal/apps/user/routers.go:255.2,257.39 3 0
github.com/Rain-kl/Wavelet/internal/apps/user/routers.go:257.39,260.3 2 0
github.com/Rain-kl/Wavelet/internal/apps/user/routers.go:261.2,261.40 1 0
github.com/Rain-kl/Wavelet/internal/apps/user/routers.go:280.37,282.47 2 1
github.com/Rain-kl/Wavelet/internal/apps/user/routers.go:282.47,285.3 2 0
github.com/Rain-kl/Wavelet/internal/apps/user/routers.go:287.2,290.52 3 1
github.com/Rain-kl/Wavelet/internal/apps/user/routers.go:290.52,293.3 2 0
github.com/Rain-kl/Wavelet/internal/apps/user/routers.go:294.2,294.46 1 1
github.com/Rain-kl/Wavelet/internal/apps/user/routers.go:294.46,297.3 2 0
github.com/Rain-kl/Wavelet/internal/apps/user/routers.go:299.2,300.20 2 1
github.com/Rain-kl/Wavelet/internal/apps/user/routers.go:300.20,303.3 2 0
github.com/Rain-kl/Wavelet/internal/apps/user/routers.go:305.2,306.95 2 1
github.com/Rain-kl/Wavelet/internal/apps/user/routers.go:306.95,309.3 2 0
github.com/Rain-kl/Wavelet/internal/apps/user/routers.go:312.2,316.58 4 1
github.com/Rain-kl/Wavelet/internal/apps/user/routers.go:329.36,331.47 2 0
github.com/Rain-kl/Wavelet/internal/apps/user/routers.go:331.47,334.3 2 0
github.com/Rain-kl/Wavelet/internal/apps/user/routers.go:336.2,337.21 2 0
github.com/Rain-kl/Wavelet/internal/apps/user/routers.go:337.21,340.3 2 0
github.com/Rain-kl/Wavelet/internal/apps/user/routers.go:342.2,342.29 1 0
github.com/Rain-kl/Wavelet/internal/apps/user/routers.go:342.29,345.3 2 0
github.com/Rain-kl/Wavelet/internal/apps/user/routers.go:347.2,348.62 2 0
github.com/Rain-kl/Wavelet/internal/apps/user/routers.go:348.62,351.3 2 0
github.com/Rain-kl/Wavelet/internal/apps/user/routers.go:353.2,353.41 1 0
github.com/Rain-kl/Wavelet/internal/apps/user/routers.go:367.36,369.47 2 0
github.com/Rain-kl/Wavelet/internal/apps/user/routers.go:369.47,372.3 2 0
github.com/Rain-kl/Wavelet/internal/apps/user/routers.go:374.2,375.20 2 0
github.com/Rain-kl/Wavelet/internal/apps/user/routers.go:375.20,378.3 2 0
github.com/Rain-kl/Wavelet/internal/apps/user/routers.go:380.2,382.16 3 0
github.com/Rain-kl/Wavelet/internal/apps/user/routers.go:382.16,385.3 2 0
github.com/Rain-kl/Wavelet/internal/apps/user/routers.go:386.2,391.82 4 0
github.com/Rain-kl/Wavelet/internal/apps/user/tasks.go:78.76,79.23 1 0
github.com/Rain-kl/Wavelet/internal/apps/user/tasks.go:79.23,81.3 1 0
github.com/Rain-kl/Wavelet/internal/apps/user/tasks.go:83.2,84.54 2 0
github.com/Rain-kl/Wavelet/internal/apps/user/tasks.go:84.54,86.3 1 0
github.com/Rain-kl/Wavelet/internal/apps/user/tasks.go:88.2,92.57 4 0
github.com/Rain-kl/Wavelet/internal/apps/user/tasks.go:92.57,94.3 1 0
github.com/Rain-kl/Wavelet/internal/apps/user/tasks.go:96.2,96.26 1 0
github.com/Rain-kl/Wavelet/internal/apps/user/tasks.go:100.99,102.54 2 0
github.com/Rain-kl/Wavelet/internal/apps/user/tasks.go:102.54,105.3 2 0
github.com/Rain-kl/Wavelet/internal/apps/user/tasks.go:107.2,115.90 6 0
github.com/Rain-kl/Wavelet/internal/apps/user/tasks.go:115.90,117.3 1 0
github.com/Rain-kl/Wavelet/internal/apps/user/tasks.go:118.2,118.90 1 0
github.com/Rain-kl/Wavelet/internal/apps/user/tasks.go:118.90,120.3 1 0
github.com/Rain-kl/Wavelet/internal/apps/user/tasks.go:121.2,121.94 1 0
github.com/Rain-kl/Wavelet/internal/apps/user/tasks.go:121.94,123.3 1 0
github.com/Rain-kl/Wavelet/internal/apps/user/tasks.go:124.2,124.94 1 0
github.com/Rain-kl/Wavelet/internal/apps/user/tasks.go:124.94,126.3 1 0
github.com/Rain-kl/Wavelet/internal/apps/user/tasks.go:128.2,128.63 1 0
github.com/Rain-kl/Wavelet/internal/apps/user/tasks.go:128.63,132.3 3 0
github.com/Rain-kl/Wavelet/internal/apps/user/tasks.go:134.2,135.16 2 0
github.com/Rain-kl/Wavelet/internal/apps/user/tasks.go:135.16,137.3 1 0
github.com/Rain-kl/Wavelet/internal/apps/user/tasks.go:139.2,150.16 4 0
github.com/Rain-kl/Wavelet/internal/apps/user/tasks.go:150.16,153.3 2 0
github.com/Rain-kl/Wavelet/internal/apps/user/tasks.go:155.2,160.8 3 0
github.com/Rain-kl/Wavelet/pkg/message_gateway/channel/qq/adapter.go:44.113,45.114 1 1
github.com/Rain-kl/Wavelet/pkg/message_gateway/channel/qq/adapter.go:45.114,47.3 1 1
github.com/Rain-kl/Wavelet/pkg/message_gateway/channel/qq/adapter.go:48.2,48.54 1 0
github.com/Rain-kl/Wavelet/pkg/message_gateway/channel/qq/adapter.go:52.33,52.73 1 0
github.com/Rain-kl/Wavelet/pkg/message_gateway/channel/qq/adapter.go:55.61,57.2 1 0
github.com/Rain-kl/Wavelet/pkg/message_gateway/channel/qq/adapter.go:60.54,67.70 4 0
github.com/Rain-kl/Wavelet/pkg/message_gateway/channel/qq/adapter.go:67.70,70.3 2 0
github.com/Rain-kl/Wavelet/pkg/message_gateway/channel/qq/adapter.go:72.2,74.74 3 0
github.com/Rain-kl/Wavelet/pkg/message_gateway/channel/qq/adapter.go:74.74,76.3 1 0
github.com/Rain-kl/Wavelet/pkg/message_gateway/channel/qq/adapter.go:76.8,78.3 1 0
github.com/Rain-kl/Wavelet/pkg/message_gateway/channel/qq/adapter.go:80.2,81.16 2 0
github.com/Rain-kl/Wavelet/pkg/message_gateway/channel/qq/adapter.go:81.16,84.3 2 0
github.com/Rain-kl/Wavelet/pkg/message_gateway/channel/qq/adapter.go:86.2,86.121 1 0
github.com/Rain-kl/Wavelet/pkg/message_gateway/channel/qq/adapter.go:86.121,88.40 2 0
github.com/Rain-kl/Wavelet/pkg/message_gateway/channel/qq/adapter.go:88.40,90.4 1 0
github.com/Rain-kl/Wavelet/pkg/message_gateway/channel/qq/adapter.go:91.3,93.18 3 0
github.com/Rain-kl/Wavelet/pkg/message_gateway/channel/qq/adapter.go:93.18,96.4 2 0
github.com/Rain-kl/Wavelet/pkg/message_gateway/channel/qq/adapter.go:97.3,98.13 2 0
github.com/Rain-kl/Wavelet/pkg/message_gateway/channel/qq/adapter.go:101.2,108.12 7 0
github.com/Rain-kl/Wavelet/pkg/message_gateway/channel/qq/adapter.go:108.12,109.80 1 0
github.com/Rain-kl/Wavelet/pkg/message_gateway/channel/qq/adapter.go:109.80,111.4 1 0
github.com/Rain-kl/Wavelet/pkg/message_gateway/channel/qq/adapter.go:113.2,113.12 1 0
github.com/Rain-kl/Wavelet/pkg/message_gateway/channel/qq/adapter.go:117.55,121.21 4 0
github.com/Rain-kl/Wavelet/pkg/message_gateway/channel/qq/adapter.go:121.21,124.3 2 0
github.com/Rain-kl/Wavelet/pkg/message_gateway/channel/qq/adapter.go:125.2,125.12 1 0
github.com/Rain-kl/Wavelet/pkg/message_gateway/channel/qq/adapter.go:129.118,133.16 4 0
github.com/Rain-kl/Wavelet/pkg/message_gateway/channel/qq/adapter.go:133.16,135.3 1 0
github.com/Rain-kl/Wavelet/pkg/message_gateway/channel/qq/adapter.go:136.2,140.12 2 0
github.com/Rain-kl/Wavelet/pkg/message_gateway/channel/qq/adapter.go:143.64,144.22 1 2
github.com/Rain-kl/Wavelet/pkg/message_gateway/channel/qq/adapter.go:144.22,146.3 1 1
github.com/Rain-kl/Wavelet/pkg/message_gateway/channel/qq/adapter.go:147.2,150.40 4 1
github.com/Rain-kl/Wavelet/pkg/message_gateway/channel/qq/adapter.go:150.40,152.3 1 0
github.com/Rain-kl/Wavelet/pkg/message_gateway/channel/qq/adapter.go:153.2,160.4 1 1
github.com/Rain-kl/Wavelet/plugins/domain/admin/plugin.go:33.34,35.27 2 1
github.com/Rain-kl/Wavelet/plugins/domain/admin/plugin.go:35.27,36.17 1 0
github.com/Rain-kl/Wavelet/plugins/domain/admin/plugin.go:36.17,38.4 1 0
github.com/Rain-kl/Wavelet/plugins/domain/admin/plugin.go:40.2,40.10 1 1
github.com/Rain-kl/Wavelet/plugins/domain/admin/plugin.go:44.32,46.2 1 1
github.com/Rain-kl/Wavelet/plugins/domain/admin/plugin.go:49.43,56.2 1 1
github.com/Rain-kl/Wavelet/plugins/domain/admin/plugin.go:59.49,62.2 2 1
github.com/Rain-kl/Wavelet/plugins/domain/admin/plugin.go:62.2,71.3 6 1
github.com/Rain-kl/Wavelet/plugins/domain/admin/plugin.go:71.3,76.4 4 1
github.com/Rain-kl/Wavelet/plugins/domain/admin/plugin.go:79.3,80.3 2 1
github.com/Rain-kl/Wavelet/plugins/domain/admin/plugin.go:80.3,84.4 3 1
github.com/Rain-kl/Wavelet/plugins/domain/admin/plugin.go:87.3,88.3 2 1
github.com/Rain-kl/Wavelet/plugins/domain/admin/plugin.go:88.3,91.4 2 1
github.com/Rain-kl/Wavelet/plugins/domain/admin/plugin.go:94.3,95.3 2 1
github.com/Rain-kl/Wavelet/plugins/domain/admin/plugin.go:95.3,100.4 4 1
github.com/Rain-kl/Wavelet/plugins/domain/admin/plugin.go:103.3,104.3 2 1
github.com/Rain-kl/Wavelet/plugins/domain/admin/plugin.go:104.3,111.4 6 1
github.com/Rain-kl/Wavelet/plugins/domain/admin/plugin.go:114.3,115.3 2 1
github.com/Rain-kl/Wavelet/plugins/domain/admin/plugin.go:115.3,121.4 5 1
github.com/Rain-kl/Wavelet/plugins/domain/admin/plugin.go:124.3,125.3 2 1
github.com/Rain-kl/Wavelet/plugins/domain/admin/plugin.go:125.3,131.4 5 1
github.com/Rain-kl/Wavelet/plugins/domain/admin/plugin.go:131.4,134.5 2 1
github.com/Rain-kl/Wavelet/plugins/domain/admin/plugin.go:138.3,139.3 2 1
github.com/Rain-kl/Wavelet/plugins/domain/admin/plugin.go:139.3,144.4 4 1
github.com/Rain-kl/Wavelet/plugins/domain/admin/plugin.go:144.4,148.5 3 1
github.com/Rain-kl/Wavelet/plugins/domain/admin/plugin.go:152.3,153.3 2 1
github.com/Rain-kl/Wavelet/plugins/domain/admin/plugin.go:153.3,160.4 6 1
github.com/Rain-kl/Wavelet/plugins/domain/admin/plugin.go:163.3,164.3 2 1
github.com/Rain-kl/Wavelet/plugins/domain/admin/plugin.go:164.3,169.4 4 1
github.com/Rain-kl/Wavelet/plugins/domain/admin/plugin.go:169.4,173.5 3 1
github.com/Rain-kl/Wavelet/plugins/domain/admin/plugin.go:175.4,176.4 2 1
github.com/Rain-kl/Wavelet/plugins/domain/admin/plugin.go:176.4,181.5 4 1
github.com/Rain-kl/Wavelet/plugins/domain/admin/plugin.go:185.3,186.3 2 1
github.com/Rain-kl/Wavelet/plugins/domain/admin/plugin.go:186.3,188.4 2 1
github.com/Rain-kl/Wavelet/plugins/domain/admin/plugin.go:188.4,195.5 6 1
github.com/Rain-kl/Wavelet/plugins/domain/admin/plugin.go:197.4,201.4 4 1
github.com/Rain-kl/Wavelet/plugins/domain/admin/plugin.go:201.4,208.5 6 1
github.com/Rain-kl/Wavelet/plugins/domain/admin/plugin.go:213.2,213.91 1 1
github.com/Rain-kl/Wavelet/plugins/domain/admin/plugin.go:213.91,215.3 1 0
github.com/Rain-kl/Wavelet/plugins/domain/admin/plugin.go:218.2,229.12 3 1
github.com/Rain-kl/Wavelet/plugins/domain/auth/plugin.go:20.56,21.25 1 0
github.com/Rain-kl/Wavelet/plugins/domain/auth/plugin.go:21.25,23.3 1 0
github.com/Rain-kl/Wavelet/plugins/domain/auth/plugin.go:27.58,28.25 1 0
github.com/Rain-kl/Wavelet/plugins/domain/auth/plugin.go:28.25,30.3 1 0
github.com/Rain-kl/Wavelet/plugins/domain/auth/plugin.go:40.34,42.27 2 1
github.com/Rain-kl/Wavelet/plugins/domain/auth/plugin.go:42.27,43.17 1 0
github.com/Rain-kl/Wavelet/plugins/domain/auth/plugin.go:43.17,45.4 1 0
github.com/Rain-kl/Wavelet/plugins/domain/auth/plugin.go:47.2,47.10 1 1
github.com/Rain-kl/Wavelet/plugins/domain/auth/plugin.go:51.32,53.2 1 1
github.com/Rain-kl/Wavelet/plugins/domain/auth/plugin.go:56.43,63.2 1 1
github.com/Rain-kl/Wavelet/plugins/domain/auth/plugin.go:66.49,71.22 2 1
github.com/Rain-kl/Wavelet/plugins/domain/auth/plugin.go:71.22,73.3 1 1
github.com/Rain-kl/Wavelet/plugins/domain/auth/plugin.go:74.2,74.27 1 1
github.com/Rain-kl/Wavelet/plugins/domain/auth/plugin.go:74.27,76.3 1 1
github.com/Rain-kl/Wavelet/plugins/domain/auth/plugin.go:78.2,83.2 4 1
github.com/Rain-kl/Wavelet/plugins/domain/auth/plugin.go:83.2,92.3 8 1
github.com/Rain-kl/Wavelet/plugins/domain/auth/plugin.go:93.2,111.12 4 1
github.com/Rain-kl/Wavelet/plugins/domain/auth/service.go:17.50,18.14 1 1
github.com/Rain-kl/Wavelet/plugins/domain/auth/service.go:18.14,20.3 1 0
github.com/Rain-kl/Wavelet/plugins/domain/auth/service.go:21.2,37.3 1 1
github.com/Rain-kl/Wavelet/plugins/domain/auth/service.go:42.45,44.2 1 1
github.com/Rain-kl/Wavelet/plugins/domain/auth/service.go:46.55,48.2 1 1
github.com/Rain-kl/Wavelet/plugins/domain/auth/service.go:50.56,52.2 1 1
github.com/Rain-kl/Wavelet/plugins/domain/auth/service.go:54.91,55.42 1 1
github.com/Rain-kl/Wavelet/plugins/domain/auth/service.go:55.42,56.91 1 0
github.com/Rain-kl/Wavelet/plugins/domain/auth/service.go:56.91,58.4 1 0
github.com/Rain-kl/Wavelet/plugins/domain/auth/service.go:61.2,61.48 1 1
github.com/Rain-kl/Wavelet/plugins/domain/auth/service.go:61.48,62.47 1 1
github.com/Rain-kl/Wavelet/plugins/domain/auth/service.go:62.47,64.4 1 0
github.com/Rain-kl/Wavelet/plugins/domain/auth/service.go:65.3,65.54 1 1
github.com/Rain-kl/Wavelet/plugins/domain/auth/service.go:65.54,67.4 1 1
github.com/Rain-kl/Wavelet/plugins/domain/auth/service.go:70.2,70.59 1 0
github.com/Rain-kl/Wavelet/plugins/domain/auth/service.go:73.102,74.17 1 2
github.com/Rain-kl/Wavelet/plugins/domain/auth/service.go:74.17,76.3 1 1
github.com/Rain-kl/Wavelet/plugins/domain/auth/service.go:78.2,80.16 3 1
github.com/Rain-kl/Wavelet/plugins/domain/auth/service.go:80.16,82.17 2 1
github.com/Rain-kl/Wavelet/plugins/domain/auth/service.go:82.17,84.4 1 0
github.com/Rain-kl/Wavelet/plugins/domain/auth/service.go:85.3,85.25 1 1
github.com/Rain-kl/Wavelet/plugins/domain/auth/service.go:88.2,89.34 2 1
github.com/Rain-kl/Wavelet/plugins/domain/auth/service.go:89.34,91.17 2 1
github.com/Rain-kl/Wavelet/plugins/domain/auth/service.go:91.17,93.4 1 0
github.com/Rain-kl/Wavelet/plugins/domain/auth/service.go:94.3,94.17 1 1
github.com/Rain-kl/Wavelet/plugins/domain/auth/service.go:97.2,97.31 1 1
github.com/Rain-kl/Wavelet/plugins/domain/auth/service.go:97.31,99.3 1 0
github.com/Rain-kl/Wavelet/plugins/domain/auth/service.go:101.2,101.29 1 1
github.com/Rain-kl/Wavelet/plugins/domain/auth/service.go:104.104,107.2 1 0
github.com/Rain-kl/Wavelet/plugins/domain/auth/service.go:109.88,112.2 2 1
github.com/Rain-kl/Wavelet/plugins/domain/auth/service.go:119.47,123.2 1 1
github.com/Rain-kl/Wavelet/plugins/domain/auth/service.go:125.97,129.2 3 1
github.com/Rain-kl/Wavelet/plugins/domain/auth/service.go:131.90,136.2 4 1
github.com/Rain-kl/Wavelet/plugins/domain/auth/service.go:138.58,142.32 4 0
github.com/Rain-kl/Wavelet/plugins/domain/auth/service.go:142.32,144.3 1 0
github.com/Rain-kl/Wavelet/plugins/domain/auth/service.go:145.2,145.12 1 0
github.com/Rain-kl/Wavelet/plugins/drivers/driver_asynq_cron/plugin.go:20.50,21.25 1 0
github.com/Rain-kl/Wavelet/plugins/drivers/driver_asynq_cron/plugin.go:21.25,23.3 1 0
github.com/Rain-kl/Wavelet/plugins/drivers/driver_asynq_cron/plugin.go:27.46,28.25 1 0
github.com/Rain-kl/Wavelet/plugins/drivers/driver_asynq_cron/plugin.go:28.25,30.3 1 0
github.com/Rain-kl/Wavelet/plugins/drivers/driver_asynq_cron/plugin.go:34.58,35.25 1 0
github.com/Rain-kl/Wavelet/plugins/drivers/driver_asynq_cron/plugin.go:35.25,37.3 1 0
github.com/Rain-kl/Wavelet/plugins/drivers/driver_asynq_cron/plugin.go:41.51,42.25 1 0
github.com/Rain-kl/Wavelet/plugins/drivers/driver_asynq_cron/plugin.go:42.25,44.3 1 0
github.com/Rain-kl/Wavelet/plugins/drivers/driver_asynq_cron/plugin.go:59.34,65.27 2 0
github.com/Rain-kl/Wavelet/plugins/drivers/driver_asynq_cron/plugin.go:65.27,66.17 1 0
github.com/Rain-kl/Wavelet/plugins/drivers/driver_asynq_cron/plugin.go:66.17,68.4 1 0
github.com/Rain-kl/Wavelet/plugins/drivers/driver_asynq_cron/plugin.go:71.2,71.10 1 0
github.com/Rain-kl/Wavelet/plugins/drivers/driver_asynq_cron/plugin.go:75.32,77.2 1 0
github.com/Rain-kl/Wavelet/plugins/drivers/driver_asynq_cron/plugin.go:80.49,85.29 4 0
github.com/Rain-kl/Wavelet/plugins/drivers/driver_asynq_cron/plugin.go:85.29,87.3 1 0
github.com/Rain-kl/Wavelet/plugins/drivers/driver_asynq_cron/plugin.go:89.2,89.30 1 0
github.com/Rain-kl/Wavelet/plugins/drivers/driver_asynq_cron/plugin.go:93.41,95.2 1 0
github.com/Rain-kl/Wavelet/plugins/drivers/driver_asynq_cron/plugin.go:98.49,102.15 3 0
github.com/Rain-kl/Wavelet/plugins/drivers/driver_asynq_cron/plugin.go:102.15,104.3 1 0
github.com/Rain-kl/Wavelet/plugins/drivers/driver_asynq_cron/plugin.go:106.2,106.24 1 0
github.com/Rain-kl/Wavelet/plugins/drivers/driver_asynq_cron/plugin.go:106.24,108.18 2 0
github.com/Rain-kl/Wavelet/plugins/drivers/driver_asynq_cron/plugin.go:108.18,112.4 1 0
github.com/Rain-kl/Wavelet/plugins/drivers/driver_asynq_cron/plugin.go:112.9,112.55 1 0
github.com/Rain-kl/Wavelet/plugins/drivers/driver_asynq_cron/plugin.go:112.55,114.4 1 0
github.com/Rain-kl/Wavelet/plugins/drivers/driver_asynq_cron/plugin.go:116.3,116.53 1 0
github.com/Rain-kl/Wavelet/plugins/drivers/driver_asynq_cron/plugin.go:119.2,119.54 1 0
github.com/Rain-kl/Wavelet/plugins/drivers/driver_asynq_cron/plugin.go:119.54,120.56 1 0
github.com/Rain-kl/Wavelet/plugins/drivers/driver_asynq_cron/plugin.go:120.56,122.18 2 0
github.com/Rain-kl/Wavelet/plugins/drivers/driver_asynq_cron/plugin.go:122.18,124.5 1 0
github.com/Rain-kl/Wavelet/plugins/drivers/driver_asynq_cron/plugin.go:126.4,129.79 3 0
github.com/Rain-kl/Wavelet/plugins/drivers/driver_asynq_cron/plugin.go:129.79,131.5 1 0
github.com/Rain-kl/Wavelet/plugins/drivers/driver_asynq_cron/plugin.go:135.2,135.44 1 0
github.com/Rain-kl/Wavelet/plugins/drivers/driver_asynq_cron/plugin.go:135.44,137.3 1 0
github.com/Rain-kl/Wavelet/plugins/drivers/driver_asynq_cron/plugin.go:139.2,140.12 2 0
github.com/Rain-kl/Wavelet/plugins/drivers/driver_asynq_cron/plugin.go:144.48,148.16 3 0
github.com/Rain-kl/Wavelet/plugins/drivers/driver_asynq_cron/plugin.go:148.16,150.3 1 0
github.com/Rain-kl/Wavelet/plugins/drivers/driver_asynq_cron/plugin.go:152.2,154.24 2 0
github.com/Rain-kl/Wavelet/plugins/drivers/driver_asynq_cron/plugin.go:154.24,157.3 2 0
github.com/Rain-kl/Wavelet/plugins/drivers/driver_asynq_cron/plugin.go:159.2,159.12 1 0
github.com/Rain-kl/Wavelet/plugins/drivers/driver_asynq_cron/plugin.go:163.35,167.2 3 0
github.com/Rain-kl/Wavelet/plugins/drivers/driver_asynq_cron/plugin.go:170.47,174.2 3 0
github.com/Rain-kl/Wavelet/plugins/drivers/driver_asynq_cron/plugin.go:176.49,177.20 1 0
github.com/Rain-kl/Wavelet/plugins/drivers/driver_asynq_cron/plugin.go:177.20,179.3 1 0
github.com/Rain-kl/Wavelet/plugins/drivers/driver_asynq_cron/plugin.go:181.2,181.31 1 0
github.com/Rain-kl/Wavelet/plugins/drivers/driver_asynq_cron/plugin.go:182.14,183.18 1 0
github.com/Rain-kl/Wavelet/plugins/drivers/driver_asynq_cron/plugin.go:184.14,185.26 1 0
github.com/Rain-kl/Wavelet/plugins/drivers/driver_asynq_cron/plugin.go:186.10,187.27 1 0
github.com/Rain-kl/Wavelet/plugins/drivers/driver_asynq_cron/plugin.go:191.60,192.20 1 0
github.com/Rain-kl/Wavelet/plugins/drivers/driver_asynq_cron/plugin.go:192.20,194.3 1 0
github.com/Rain-kl/Wavelet/plugins/drivers/driver_asynq_cron/plugin.go:196.2,198.52 2 0
github.com/Rain-kl/Wavelet/plugins/drivers/driver_asynq_cron/plugin.go:198.52,200.3 1 0
github.com/Rain-kl/Wavelet/plugins/drivers/driver_asynq_cron/plugin.go:202.2,202.42 1 0
github.com/Rain-kl/Wavelet/plugins/drivers/driver_asynq_cron/plugin.go:202.42,204.3 1 0
github.com/Rain-kl/Wavelet/plugins/drivers/driver_asynq_cron/plugin.go:204.8,204.56 1 0
github.com/Rain-kl/Wavelet/plugins/drivers/driver_asynq_cron/plugin.go:204.56,206.3 1 0
github.com/Rain-kl/Wavelet/plugins/drivers/driver_asynq_cron/plugin.go:208.2,208.56 1 0
github.com/Rain-kl/Wavelet/plugins/drivers/driver_asynq_cron/plugin.go:208.56,210.3 1 0
github.com/Rain-kl/Wavelet/plugins/drivers/driver_asynq_cron/plugin.go:212.2,212.60 1 0
github.com/Rain-kl/Wavelet/plugins/drivers/driver_asynq_cron/plugin.go:212.60,214.3 1 0
github.com/Rain-kl/Wavelet/plugins/drivers/driver_asynq_cron/plugin.go:216.2,216.12 1 0
github.com/Rain-kl/Wavelet/plugins/drivers/driver_asynq_worker/plugin.go:25.50,26.25 1 0
github.com/Rain-kl/Wavelet/plugins/drivers/driver_asynq_worker/plugin.go:26.25,28.3 1 0
github.com/Rain-kl/Wavelet/plugins/drivers/driver_asynq_worker/plugin.go:32.46,33.25 1 0
github.com/Rain-kl/Wavelet/plugins/drivers/driver_asynq_worker/plugin.go:33.25,35.3 1 0
github.com/Rain-kl/Wavelet/plugins/drivers/driver_asynq_worker/plugin.go:39.47,40.25 1 0
github.com/Rain-kl/Wavelet/plugins/drivers/driver_asynq_worker/plugin.go:40.25,42.3 1 0
github.com/Rain-kl/Wavelet/plugins/drivers/driver_asynq_worker/plugin.go:46.45,47.25 1 0
github.com/Rain-kl/Wavelet/plugins/drivers/driver_asynq_worker/plugin.go:47.25,49.3 1 0
github.com/Rain-kl/Wavelet/plugins/drivers/driver_asynq_worker/plugin.go:53.50,54.25 1 0
github.com/Rain-kl/Wavelet/plugins/drivers/driver_asynq_worker/plugin.go:54.25,56.3 1 0
github.com/Rain-kl/Wavelet/plugins/drivers/driver_asynq_worker/plugin.go:60.43,61.25 1 0
github.com/Rain-kl/Wavelet/plugins/drivers/driver_asynq_worker/plugin.go:61.25,63.3 1 0
github.com/Rain-kl/Wavelet/plugins/drivers/driver_asynq_worker/plugin.go:81.34,89.27 2 0
github.com/Rain-kl/Wavelet/plugins/drivers/driver_asynq_worker/plugin.go:89.27,90.17 1 0
github.com/Rain-kl/Wavelet/plugins/drivers/driver_asynq_worker/plugin.go:90.17,92.4 1 0
github.com/Rain-kl/Wavelet/plugins/drivers/driver_asynq_worker/plugin.go:95.2,95.10 1 0
github.com/Rain-kl/Wavelet/plugins/drivers/driver_asynq_worker/plugin.go:99.32,101.2 1 0
github.com/Rain-kl/Wavelet/plugins/drivers/driver_asynq_worker/plugin.go:104.49,109.29 4 0
github.com/Rain-kl/Wavelet/plugins/drivers/driver_asynq_worker/plugin.go:109.29,113.3 3 0
github.com/Rain-kl/Wavelet/plugins/drivers/driver_asynq_worker/plugin.go:115.2,115.30 1 0
github.com/Rain-kl/Wavelet/plugins/drivers/driver_asynq_worker/plugin.go:119.41,121.2 1 0
github.com/Rain-kl/Wavelet/plugins/drivers/driver_asynq_worker/plugin.go:124.49,128.15 3 0
github.com/Rain-kl/Wavelet/plugins/drivers/driver_asynq_worker/plugin.go:128.15,130.3 1 0
github.com/Rain-kl/Wavelet/plugins/drivers/driver_asynq_worker/plugin.go:132.2,134.50 2 0
github.com/Rain-kl/Wavelet/plugins/drivers/driver_asynq_worker/plugin.go:134.50,135.48 1 0
github.com/Rain-kl/Wavelet/plugins/drivers/driver_asynq_worker/plugin.go:135.48,137.18 2 0
github.com/Rain-kl/Wavelet/plugins/drivers/driver_asynq_worker/plugin.go:137.18,139.5 1 0
github.com/Rain-kl/Wavelet/plugins/drivers/driver_asynq_worker/plugin.go:140.4,140.35 1 0
github.com/Rain-kl/Wavelet/plugins/drivers/driver_asynq_worker/plugin.go:144.2,144.21 1 0
github.com/Rain-kl/Wavelet/plugins/drivers/driver_asynq_worker/plugin.go:144.21,154.3 1 0
github.com/Rain-kl/Wavelet/plugins/drivers/driver_asynq_worker/plugin.go:156.2,156.44 1 0
github.com/Rain-kl/Wavelet/plugins/drivers/driver_asynq_worker/plugin.go:156.44,158.3 1 0
github.com/Rain-kl/Wavelet/plugins/drivers/driver_asynq_worker/plugin.go:160.2,162.12 3 0
github.com/Rain-kl/Wavelet/plugins/drivers/driver_asynq_worker/plugin.go:166.48,170.16 3 0
github.com/Rain-kl/Wavelet/plugins/drivers/driver_asynq_worker/plugin.go:170.16,172.3 1 0
github.com/Rain-kl/Wavelet/plugins/drivers/driver_asynq_worker/plugin.go:174.2,176.21 2 0
github.com/Rain-kl/Wavelet/plugins/drivers/driver_asynq_worker/plugin.go:176.21,180.3 3 0
github.com/Rain-kl/Wavelet/plugins/drivers/driver_asynq_worker/plugin.go:182.2,182.12 1 0
github.com/Rain-kl/Wavelet/plugins/drivers/driver_asynq_worker/plugin.go:186.35,190.2 3 0
github.com/Rain-kl/Wavelet/plugins/drivers/driver_asynq_worker/plugin.go:193.41,197.2 3 0
github.com/Rain-kl/Wavelet/plugins/drivers/driver_asynq_worker/plugin.go:200.40,204.2 3 0
github.com/Rain-kl/Wavelet/plugins/drivers/driver_asynq_worker/plugin.go:206.51,207.14 1 0
github.com/Rain-kl/Wavelet/plugins/drivers/driver_asynq_worker/plugin.go:207.14,209.3 1 0
github.com/Rain-kl/Wavelet/plugins/drivers/driver_asynq_worker/plugin.go:211.2,211.24 1 0
github.com/Rain-kl/Wavelet/plugins/drivers/driver_asynq_worker/plugin.go:212.25,213.17 1 0
github.com/Rain-kl/Wavelet/plugins/drivers/driver_asynq_worker/plugin.go:214.21,215.17 1 0
github.com/Rain-kl/Wavelet/plugins/drivers/driver_asynq_worker/plugin.go:216.48,217.36 1 0
github.com/Rain-kl/Wavelet/plugins/drivers/driver_asynq_worker/plugin.go:218.43,219.73 1 0
github.com/Rain-kl/Wavelet/plugins/drivers/driver_asynq_worker/plugin.go:219.73,221.4 1 0
github.com/Rain-kl/Wavelet/plugins/drivers/driver_asynq_worker/plugin.go:222.35,223.73 1 0
github.com/Rain-kl/Wavelet/plugins/drivers/driver_asynq_worker/plugin.go:223.73,225.4 1 0
github.com/Rain-kl/Wavelet/plugins/drivers/driver_asynq_worker/plugin.go:226.26,227.73 1 0
github.com/Rain-kl/Wavelet/plugins/drivers/driver_asynq_worker/plugin.go:227.73,229.4 1 0
github.com/Rain-kl/Wavelet/plugins/drivers/driver_asynq_worker/plugin.go:230.20,231.73 1 0
github.com/Rain-kl/Wavelet/plugins/drivers/driver_asynq_worker/plugin.go:231.73,233.4 1 0
github.com/Rain-kl/Wavelet/plugins/drivers/driver_asynq_worker/plugin.go:234.10,235.65 1 0
github.com/Rain-kl/Wavelet/plugins/drivers/driver_http/plugin.go:29.35,30.25 1 0
github.com/Rain-kl/Wavelet/plugins/drivers/driver_http/plugin.go:30.25,32.3 1 0
github.com/Rain-kl/Wavelet/plugins/drivers/driver_http/plugin.go:36.44,37.25 1 0
github.com/Rain-kl/Wavelet/plugins/drivers/driver_http/plugin.go:37.25,39.3 1 0
github.com/Rain-kl/Wavelet/plugins/drivers/driver_http/plugin.go:43.52,44.25 1 0
github.com/Rain-kl/Wavelet/plugins/drivers/driver_http/plugin.go:44.25,46.3 1 0
github.com/Rain-kl/Wavelet/plugins/drivers/driver_http/plugin.go:50.50,51.25 1 0
github.com/Rain-kl/Wavelet/plugins/drivers/driver_http/plugin.go:51.25,53.3 1 0
github.com/Rain-kl/Wavelet/plugins/drivers/driver_http/plugin.go:70.34,77.27 2 0
github.com/Rain-kl/Wavelet/plugins/drivers/driver_http/plugin.go:77.27,78.17 1 0
github.com/Rain-kl/Wavelet/plugins/drivers/driver_http/plugin.go:78.17,80.4 1 0
github.com/Rain-kl/Wavelet/plugins/drivers/driver_http/plugin.go:83.2,83.10 1 0
github.com/Rain-kl/Wavelet/plugins/drivers/driver_http/plugin.go:87.32,89.2 1 0
github.com/Rain-kl/Wavelet/plugins/drivers/driver_http/plugin.go:92.49,97.29 4 0
github.com/Rain-kl/Wavelet/plugins/drivers/driver_http/plugin.go:97.29,101.3 3 0
github.com/Rain-kl/Wavelet/plugins/drivers/driver_http/plugin.go:103.2,103.30 1 0
github.com/Rain-kl/Wavelet/plugins/drivers/driver_http/plugin.go:107.41,109.2 1 0
github.com/Rain-kl/Wavelet/plugins/drivers/driver_http/plugin.go:112.51,116.15 3 0
github.com/Rain-kl/Wavelet/plugins/drivers/driver_http/plugin.go:116.15,118.3 1 0
github.com/Rain-kl/Wavelet/plugins/drivers/driver_http/plugin.go:120.2,120.21 1 0
github.com/Rain-kl/Wavelet/plugins/drivers/driver_http/plugin.go:120.21,122.3 1 0
github.com/Rain-kl/Wavelet/plugins/drivers/driver_http/plugin.go:125.2,125.51 1 0
github.com/Rain-kl/Wavelet/plugins/drivers/driver_http/plugin.go:125.51,126.50 1 0
github.com/Rain-kl/Wavelet/plugins/drivers/driver_http/plugin.go:126.50,129.37 2 0
github.com/Rain-kl/Wavelet/plugins/drivers/driver_http/plugin.go:129.37,131.19 2 0
github.com/Rain-kl/Wavelet/plugins/drivers/driver_http/plugin.go:131.19,133.6 1 0
github.com/Rain-kl/Wavelet/plugins/drivers/driver_http/plugin.go:134.5,134.42 1 0
github.com/Rain-kl/Wavelet/plugins/drivers/driver_http/plugin.go:137.4,137.34 1 0
github.com/Rain-kl/Wavelet/plugins/drivers/driver_http/plugin.go:137.34,139.19 2 0
github.com/Rain-kl/Wavelet/plugins/drivers/driver_http/plugin.go:139.19,141.6 1 0
github.com/Rain-kl/Wavelet/plugins/drivers/driver_http/plugin.go:142.5,142.42 1 0
github.com/Rain-kl/Wavelet/plugins/drivers/driver_http/plugin.go:145.4,145.55 1 0
github.com/Rain-kl/Wavelet/plugins/drivers/driver_http/plugin.go:149.2,157.16 4 0
github.com/Rain-kl/Wavelet/plugins/drivers/driver_http/plugin.go:157.16,159.3 1 0
github.com/Rain-kl/Wavelet/plugins/drivers/driver_http/plugin.go:161.2,166.17 5 0
github.com/Rain-kl/Wavelet/plugins/drivers/driver_http/plugin.go:166.17,167.101 1 0
github.com/Rain-kl/Wavelet/plugins/drivers/driver_http/plugin.go:167.101,169.4 1 0
github.com/Rain-kl/Wavelet/plugins/drivers/driver_http/plugin.go:172.2,172.12 1 0
github.com/Rain-kl/Wavelet/plugins/drivers/driver_http/plugin.go:178.50,182.16 3 0
github.com/Rain-kl/Wavelet/plugins/drivers/driver_http/plugin.go:182.16,184.3 1 0
github.com/Rain-kl/Wavelet/plugins/drivers/driver_http/plugin.go:186.2,189.21 3 0
github.com/Rain-kl/Wavelet/plugins/drivers/driver_http/plugin.go:189.21,190.17 1 0
github.com/Rain-kl/Wavelet/plugins/drivers/driver_http/plugin.go:190.17,194.4 3 0
github.com/Rain-kl/Wavelet/plugins/drivers/driver_http/plugin.go:195.3,195.31 1 0
github.com/Rain-kl/Wavelet/plugins/drivers/driver_http/plugin.go:198.2,198.23 1 0
github.com/Rain-kl/Wavelet/plugins/drivers/driver_http/plugin.go:198.23,201.3 2 0
github.com/Rain-kl/Wavelet/plugins/drivers/driver_http/plugin.go:203.2,203.12 1 0
github.com/Rain-kl/Wavelet/plugins/drivers/driver_http/plugin.go:207.32,211.2 3 0
github.com/Rain-kl/Wavelet/plugins/drivers/driver_http/plugin.go:214.39,218.2 3 0
github.com/Rain-kl/Wavelet/plugins/drivers/driver_http/plugin.go:221.35,225.2 3 0
github.com/Rain-kl/Wavelet/plugins/drivers/driver_http/plugin.go:227.51,228.14 1 0
github.com/Rain-kl/Wavelet/plugins/drivers/driver_http/plugin.go:228.14,230.3 1 0
github.com/Rain-kl/Wavelet/plugins/drivers/driver_http/plugin.go:232.2,232.24 1 0
github.com/Rain-kl/Wavelet/plugins/drivers/driver_http/plugin.go:233.23,234.17 1 0
github.com/Rain-kl/Wavelet/plugins/drivers/driver_http/plugin.go:235.26,236.34 1 0
github.com/Rain-kl/Wavelet/plugins/drivers/driver_http/plugin.go:237.24,238.28 1 0
github.com/Rain-kl/Wavelet/plugins/drivers/driver_http/plugin.go:239.48,240.28 1 0
github.com/Rain-kl/Wavelet/plugins/drivers/driver_http/plugin.go:241.20,242.28 1 0
github.com/Rain-kl/Wavelet/plugins/drivers/driver_http/plugin.go:243.10,244.60 1 0
github.com/Rain-kl/Wavelet/plugins/domain/message_gateway/plugin.go:25.34,27.27 2 1
github.com/Rain-kl/Wavelet/plugins/domain/message_gateway/plugin.go:27.27,28.17 1 0
github.com/Rain-kl/Wavelet/plugins/domain/message_gateway/plugin.go:28.17,30.4 1 0
github.com/Rain-kl/Wavelet/plugins/domain/message_gateway/plugin.go:32.2,32.10 1 1
github.com/Rain-kl/Wavelet/plugins/domain/message_gateway/plugin.go:36.32,38.2 1 1
github.com/Rain-kl/Wavelet/plugins/domain/message_gateway/plugin.go:41.43,48.2 1 1
github.com/Rain-kl/Wavelet/plugins/domain/message_gateway/plugin.go:60.49,66.2 3 1
github.com/Rain-kl/Wavelet/plugins/domain/message_gateway/plugin.go:66.2,71.3 4 1
github.com/Rain-kl/Wavelet/plugins/domain/message_gateway/plugin.go:73.2,76.104 2 1
github.com/Rain-kl/Wavelet/plugins/domain/message_gateway/plugin.go:76.104,78.3 1 0
github.com/Rain-kl/Wavelet/plugins/domain/message_gateway/plugin.go:80.2,80.103 1 1
github.com/Rain-kl/Wavelet/plugins/domain/message_gateway/plugin.go:80.103,82.3 1 0
github.com/Rain-kl/Wavelet/plugins/domain/message_gateway/plugin.go:85.2,88.94 2 1
github.com/Rain-kl/Wavelet/plugins/domain/message_gateway/plugin.go:88.94,91.3 1 0
github.com/Rain-kl/Wavelet/plugins/domain/message_gateway/plugin.go:94.2,109.12 3 1
github.com/Rain-kl/Wavelet/plugins/domain/risk_control/plugin.go:17.48,18.25 1 1
github.com/Rain-kl/Wavelet/plugins/domain/risk_control/plugin.go:18.25,20.3 1 1
github.com/Rain-kl/Wavelet/plugins/domain/risk_control/plugin.go:29.34,31.27 2 1
github.com/Rain-kl/Wavelet/plugins/domain/risk_control/plugin.go:31.27,32.17 1 1
github.com/Rain-kl/Wavelet/plugins/domain/risk_control/plugin.go:32.17,34.4 1 1
github.com/Rain-kl/Wavelet/plugins/domain/risk_control/plugin.go:36.2,36.10 1 1
github.com/Rain-kl/Wavelet/plugins/domain/risk_control/plugin.go:40.32,42.2 1 1
github.com/Rain-kl/Wavelet/plugins/domain/risk_control/plugin.go:45.43,52.2 1 1
github.com/Rain-kl/Wavelet/plugins/domain/risk_control/plugin.go:55.49,61.15 3 1
github.com/Rain-kl/Wavelet/plugins/domain/risk_control/plugin.go:61.15,63.3 1 0
github.com/Rain-kl/Wavelet/plugins/domain/risk_control/plugin.go:64.2,83.29 4 1
github.com/Rain-kl/Wavelet/plugins/domain/risk_control/plugin.go:83.29,85.3 1 1
github.com/Rain-kl/Wavelet/plugins/domain/risk_control/plugin.go:87.2,87.12 1 1
github.com/Rain-kl/Wavelet/pkg/util/crypto.go:37.64,39.2 1 0
github.com/Rain-kl/Wavelet/pkg/util/crypto.go:45.65,47.16 2 0
github.com/Rain-kl/Wavelet/pkg/util/crypto.go:47.16,49.3 1 0
github.com/Rain-kl/Wavelet/pkg/util/crypto.go:50.2,50.31 1 0
github.com/Rain-kl/Wavelet/pkg/util/crypto.go:54.69,57.16 2 0
github.com/Rain-kl/Wavelet/pkg/util/crypto.go:57.16,59.3 1 0
github.com/Rain-kl/Wavelet/pkg/util/crypto.go:60.2,60.30 1 0
github.com/Rain-kl/Wavelet/pkg/util/crypto.go:60.30,62.3 1 0
github.com/Rain-kl/Wavelet/pkg/util/crypto.go:65.2,66.16 2 0
github.com/Rain-kl/Wavelet/pkg/util/crypto.go:66.16,68.3 1 0
github.com/Rain-kl/Wavelet/pkg/util/crypto.go:71.2,72.16 2 0
github.com/Rain-kl/Wavelet/pkg/util/crypto.go:72.16,74.3 1 0
github.com/Rain-kl/Wavelet/pkg/util/crypto.go:77.2,78.59 2 0
github.com/Rain-kl/Wavelet/pkg/util/crypto.go:78.59,80.3 1 0
github.com/Rain-kl/Wavelet/pkg/util/crypto.go:83.2,86.38 2 0
github.com/Rain-kl/Wavelet/pkg/util/crypto.go:90.70,93.16 2 0
github.com/Rain-kl/Wavelet/pkg/util/crypto.go:93.16,95.3 1 0
github.com/Rain-kl/Wavelet/pkg/util/crypto.go:96.2,96.30 1 0
github.com/Rain-kl/Wavelet/pkg/util/crypto.go:96.30,98.3 1 0
github.com/Rain-kl/Wavelet/pkg/util/crypto.go:101.2,102.16 2 0
github.com/Rain-kl/Wavelet/pkg/util/crypto.go:102.16,104.3 1 0
github.com/Rain-kl/Wavelet/pkg/util/crypto.go:107.2,108.16 2 0
github.com/Rain-kl/Wavelet/pkg/util/crypto.go:108.16,110.3 1 0
github.com/Rain-kl/Wavelet/pkg/util/crypto.go:113.2,114.16 2 0
github.com/Rain-kl/Wavelet/pkg/util/crypto.go:114.16,116.3 1 0
github.com/Rain-kl/Wavelet/pkg/util/crypto.go:119.2,120.27 2 0
github.com/Rain-kl/Wavelet/pkg/util/crypto.go:120.27,122.3 1 0
github.com/Rain-kl/Wavelet/pkg/util/crypto.go:124.2,128.16 3 0
github.com/Rain-kl/Wavelet/pkg/util/crypto.go:128.16,130.3 1 0
github.com/Rain-kl/Wavelet/pkg/util/crypto.go:132.2,132.23 1 0
github.com/Rain-kl/Wavelet/pkg/util/crypto.go:136.39,138.2 1 0
github.com/Rain-kl/Wavelet/pkg/util/crypto.go:141.51,143.2 1 0
github.com/Rain-kl/Wavelet/pkg/util/crypto.go:150.63,151.45 1 0
github.com/Rain-kl/Wavelet/pkg/util/crypto.go:151.45,153.3 1 0
github.com/Rain-kl/Wavelet/pkg/util/crypto.go:155.2,155.45 1 0
github.com/Rain-kl/Wavelet/pkg/util/crypto.go:155.45,157.3 1 0
github.com/Rain-kl/Wavelet/pkg/util/crypto.go:159.2,159.54 1 0
github.com/Rain-kl/Wavelet/pkg/util/goroutine.go:16.20,18.12 2 2
github.com/Rain-kl/Wavelet/pkg/util/goroutine.go:18.12,19.16 1 2
github.com/Rain-kl/Wavelet/pkg/util/goroutine.go:19.16,20.32 1 2
github.com/Rain-kl/Wavelet/pkg/util/goroutine.go:20.32,27.5 1 1
github.com/Rain-kl/Wavelet/pkg/util/goroutine.go:29.3,29.7 1 2
github.com/Rain-kl/Wavelet/pkg/util/like.go:14.38,16.2 1 6
github.com/Rain-kl/Wavelet/pkg/util/password.go:13.52,15.16 2 1
github.com/Rain-kl/Wavelet/pkg/util/password.go:15.16,17.3 1 0
github.com/Rain-kl/Wavelet/pkg/util/password.go:18.2,18.26 1 1
github.com/Rain-kl/Wavelet/pkg/util/password.go:24.25,25.34 1 1
github.com/Rain-kl/Wavelet/pkg/util/password.go:25.34,27.17 2 1
github.com/Rain-kl/Wavelet/pkg/util/password.go:27.17,29.4 1 0
github.com/Rain-kl/Wavelet/pkg/util/password.go:30.3,30.35 1 1
github.com/Rain-kl/Wavelet/pkg/util/password.go:32.2,32.26 1 1
github.com/Rain-kl/Wavelet/pkg/util/password.go:36.52,38.2 1 3
github.com/Rain-kl/Wavelet/pkg/util/password.go:42.42,44.16 2 1
github.com/Rain-kl/Wavelet/pkg/util/password.go:44.16,46.3 1 0
github.com/Rain-kl/Wavelet/pkg/util/password.go:47.2,47.39 1 1
github.com/Rain-kl/Wavelet/pkg/util/strings.go:16.36,17.14 1 0
github.com/Rain-kl/Wavelet/pkg/util/strings.go:17.14,19.3 1 0
github.com/Rain-kl/Wavelet/pkg/util/strings.go:20.2,20.11 1 0
github.com/Rain-kl/Wavelet/pkg/util/strings.go:24.37,26.35 2 0
github.com/Rain-kl/Wavelet/pkg/util/strings.go:26.35,28.3 1 0
github.com/Rain-kl/Wavelet/pkg/util/strings.go:29.2,31.38 3 0
github.com/Rain-kl/Wavelet/pkg/util/strings.go:31.38,33.3 1 0
github.com/Rain-kl/Wavelet/pkg/util/strings.go:34.2,34.64 1 0
github.com/Rain-kl/Wavelet/pkg/util/uuid.go:20.38,22.65 2 0
github.com/Rain-kl/Wavelet/pkg/util/uuid.go:22.65,27.3 3 0
github.com/Rain-kl/Wavelet/pkg/util/uuid.go:28.2,28.40 1 0
github.com/Rain-kl/Wavelet/plugins/infra/cache/plugin.go:33.53,34.25 1 1
github.com/Rain-kl/Wavelet/plugins/infra/cache/plugin.go:34.25,36.3 1 1
github.com/Rain-kl/Wavelet/plugins/infra/cache/plugin.go:40.42,41.25 1 1
github.com/Rain-kl/Wavelet/plugins/infra/cache/plugin.go:41.25,43.3 1 1
github.com/Rain-kl/Wavelet/plugins/infra/cache/plugin.go:47.43,48.25 1 1
github.com/Rain-kl/Wavelet/plugins/infra/cache/plugin.go:48.25,50.3 1 1
github.com/Rain-kl/Wavelet/plugins/infra/cache/plugin.go:61.34,65.27 2 1
github.com/Rain-kl/Wavelet/plugins/infra/cache/plugin.go:65.27,66.17 1 3
github.com/Rain-kl/Wavelet/plugins/infra/cache/plugin.go:66.17,68.4 1 3
github.com/Rain-kl/Wavelet/plugins/infra/cache/plugin.go:70.2,70.10 1 1
github.com/Rain-kl/Wavelet/plugins/infra/cache/plugin.go:74.32,76.2 1 1
github.com/Rain-kl/Wavelet/plugins/infra/cache/plugin.go:79.49,81.24 2 1
github.com/Rain-kl/Wavelet/plugins/infra/cache/plugin.go:81.24,83.3 1 0
github.com/Rain-kl/Wavelet/plugins/infra/cache/plugin.go:85.2,88.16 2 1
github.com/Rain-kl/Wavelet/plugins/infra/cache/plugin.go:88.16,90.3 1 0
github.com/Rain-kl/Wavelet/plugins/infra/cache/plugin.go:92.2,100.24 2 1
github.com/Rain-kl/Wavelet/plugins/infra/cache/plugin.go:100.24,102.30 2 1
github.com/Rain-kl/Wavelet/plugins/infra/cache/plugin.go:102.30,105.4 2 1
github.com/Rain-kl/Wavelet/plugins/infra/cache/plugin.go:108.2,109.12 2 1
github.com/Rain-kl/Wavelet/plugins/infra/cache/plugin.go:124.59,125.23 1 6
github.com/Rain-kl/Wavelet/plugins/infra/cache/plugin.go:125.23,127.3 1 6
github.com/Rain-kl/Wavelet/plugins/infra/cache/plugin.go:128.2,128.28 1 0
github.com/Rain-kl/Wavelet/plugins/infra/cache/plugin.go:131.50,132.26 1 1
github.com/Rain-kl/Wavelet/plugins/infra/cache/plugin.go:132.26,134.3 1 0
github.com/Rain-kl/Wavelet/plugins/infra/cache/plugin.go:136.2,136.22 1 1
github.com/Rain-kl/Wavelet/plugins/infra/cache/plugin.go:136.22,140.18 3 1
github.com/Rain-kl/Wavelet/plugins/infra/cache/plugin.go:140.18,142.8 2 1
github.com/Rain-kl/Wavelet/plugins/infra/cache/plugin.go:142.8,143.12 1 2
github.com/Rain-kl/Wavelet/plugins/infra/cache/plugin.go:144.21,145.12 1 1
github.com/Rain-kl/Wavelet/plugins/infra/cache/plugin.go:146.26,147.13 1 1
github.com/Rain-kl/Wavelet/plugins/infra/cache/plugin.go:147.13,149.7 1 0
github.com/Rain-kl/Wavelet/plugins/infra/cache/plugin.go:150.6,150.41 1 1
github.com/Rain-kl/Wavelet/plugins/infra/cache/plugin.go:150.41,152.7 1 1
github.com/Rain-kl/Wavelet/plugins/infra/cache/plugin.go:159.49,160.23 1 1
github.com/Rain-kl/Wavelet/plugins/infra/cache/plugin.go:160.23,162.22 2 1
github.com/Rain-kl/Wavelet/plugins/infra/cache/plugin.go:162.22,164.4 1 1
github.com/Rain-kl/Wavelet/plugins/infra/cache/plugin.go:168.83,170.51 1 5
github.com/Rain-kl/Wavelet/plugins/infra/cache/plugin.go:170.51,171.67 1 2
github.com/Rain-kl/Wavelet/plugins/infra/cache/plugin.go:171.67,173.4 1 2
github.com/Rain-kl/Wavelet/plugins/infra/cache/plugin.go:175.3,175.29 1 0
github.com/Rain-kl/Wavelet/plugins/infra/cache/plugin.go:179.2,179.26 1 3
github.com/Rain-kl/Wavelet/plugins/infra/cache/plugin.go:179.26,181.17 2 3
github.com/Rain-kl/Wavelet/plugins/infra/cache/plugin.go:181.17,187.4 2 0
github.com/Rain-kl/Wavelet/plugins/infra/cache/plugin.go:187.9,187.40 1 3
github.com/Rain-kl/Wavelet/plugins/infra/cache/plugin.go:187.40,189.4 1 0
github.com/Rain-kl/Wavelet/plugins/infra/cache/plugin.go:192.2,192.31 1 3
github.com/Rain-kl/Wavelet/plugins/infra/cache/plugin.go:195.101,197.16 2 2
github.com/Rain-kl/Wavelet/plugins/infra/cache/plugin.go:197.16,199.3 1 0
github.com/Rain-kl/Wavelet/plugins/infra/cache/plugin.go:201.2,202.13 2 2
github.com/Rain-kl/Wavelet/plugins/infra/cache/plugin.go:202.13,204.3 1 2
github.com/Rain-kl/Wavelet/plugins/infra/cache/plugin.go:207.2,213.26 2 2
github.com/Rain-kl/Wavelet/plugins/infra/cache/plugin.go:213.26,214.85 1 2
github.com/Rain-kl/Wavelet/plugins/infra/cache/plugin.go:214.85,216.4 1 0
github.com/Rain-kl/Wavelet/plugins/infra/cache/plugin.go:219.2,219.12 1 2
github.com/Rain-kl/Wavelet/plugins/infra/cache/plugin.go:222.74,227.26 2 1
github.com/Rain-kl/Wavelet/plugins/infra/cache/plugin.go:227.26,228.104 1 1
github.com/Rain-kl/Wavelet/plugins/infra/cache/plugin.go:228.104,230.4 1 0
github.com/Rain-kl/Wavelet/plugins/infra/cache/plugin.go:231.3,231.61 1 1
github.com/Rain-kl/Wavelet/plugins/infra/cache/plugin.go:234.2,234.12 1 1
github.com/Rain-kl/Wavelet/plugins/infra/cache/plugin.go:237.78,239.2 1 1
github.com/Rain-kl/Wavelet/plugins/infra/cache/plugin.go:241.135,243.16 2 2
github.com/Rain-kl/Wavelet/plugins/infra/cache/plugin.go:243.16,245.3 1 1
github.com/Rain-kl/Wavelet/plugins/infra/cache/plugin.go:246.2,246.45 1 1
github.com/Rain-kl/Wavelet/plugins/infra/cache/plugin.go:246.45,248.3 1 0
github.com/Rain-kl/Wavelet/plugins/infra/cache/plugin.go:250.2,251.16 2 1
github.com/Rain-kl/Wavelet/plugins/infra/cache/plugin.go:251.16,253.3 1 0
github.com/Rain-kl/Wavelet/plugins/infra/cache/plugin.go:255.2,255.50 1 1
github.com/Rain-kl/Wavelet/plugins/infra/cache/plugin.go:255.50,257.3 1 0
github.com/Rain-kl/Wavelet/plugins/infra/cache/plugin.go:259.2,260.16 2 1
github.com/Rain-kl/Wavelet/plugins/infra/cache/plugin.go:260.16,262.3 1 0
github.com/Rain-kl/Wavelet/plugins/infra/cache/plugin.go:264.2,264.37 1 1
github.com/Rain-kl/Wavelet/plugins/infra/database/plugin.go:17.32,18.25 1 1
github.com/Rain-kl/Wavelet/plugins/infra/database/plugin.go:18.25,20.3 1 1
github.com/Rain-kl/Wavelet/plugins/infra/database/plugin.go:24.50,25.25 1 1
github.com/Rain-kl/Wavelet/plugins/infra/database/plugin.go:25.25,26.24 1 1
github.com/Rain-kl/Wavelet/plugins/infra/database/plugin.go:26.24,28.4 1 0
github.com/Rain-kl/Wavelet/plugins/infra/database/plugin.go:29.3,29.23 1 1
github.com/Rain-kl/Wavelet/plugins/infra/database/plugin.go:40.34,44.27 2 1
github.com/Rain-kl/Wavelet/plugins/infra/database/plugin.go:44.27,45.17 1 2
github.com/Rain-kl/Wavelet/plugins/infra/database/plugin.go:45.17,47.4 1 2
github.com/Rain-kl/Wavelet/plugins/infra/database/plugin.go:49.2,49.10 1 1
github.com/Rain-kl/Wavelet/plugins/infra/database/plugin.go:53.32,55.2 1 1
github.com/Rain-kl/Wavelet/plugins/infra/database/plugin.go:58.49,60.21 2 1
github.com/Rain-kl/Wavelet/plugins/infra/database/plugin.go:60.21,62.3 1 0
github.com/Rain-kl/Wavelet/plugins/infra/database/plugin.go:64.2,70.12 3 1
github.com/Rain-kl/Wavelet/plugins/infra/database/plugin.go:78.41,79.22 1 3
github.com/Rain-kl/Wavelet/plugins/infra/database/plugin.go:79.22,81.3 1 3
github.com/Rain-kl/Wavelet/plugins/infra/database/plugin.go:82.2,82.36 1 0
github.com/Rain-kl/Wavelet/plugins/infra/database/plugin.go:85.58,86.22 1 2
github.com/Rain-kl/Wavelet/plugins/infra/database/plugin.go:86.22,88.3 1 2
github.com/Rain-kl/Wavelet/plugins/infra/database/plugin.go:89.2,89.19 1 0
github.com/Rain-kl/Wavelet/plugins/infra/database/plugin.go:92.53,93.23 1 2
github.com/Rain-kl/Wavelet/plugins/infra/database/plugin.go:93.23,94.48 1 2
github.com/Rain-kl/Wavelet/plugins/infra/database/plugin.go:94.48,96.4 1 1
github.com/Rain-kl/Wavelet/plugins/infra/database/plugin.go:98.2,98.17 1 1
github.com/Rain-kl/Wavelet/plugins/infra/logger/plugin.go:18.20,20.2 1 1
github.com/Rain-kl/Wavelet/plugins/infra/logger/plugin.go:23.32,25.2 1 1
github.com/Rain-kl/Wavelet/plugins/infra/logger/plugin.go:28.49,32.2 3 1
github.com/Rain-kl/Wavelet/plugins/infra/logger/plugin.go:38.80,43.25 4 9
github.com/Rain-kl/Wavelet/plugins/infra/logger/plugin.go:43.25,45.3 1 5
github.com/Rain-kl/Wavelet/plugins/infra/logger/plugin.go:47.2,50.41 4 4
github.com/Rain-kl/Wavelet/plugins/infra/logger/plugin.go:50.41,51.12 1 5
github.com/Rain-kl/Wavelet/plugins/infra/logger/plugin.go:51.12,53.4 1 1
github.com/Rain-kl/Wavelet/plugins/infra/logger/plugin.go:54.3,54.27 1 5
github.com/Rain-kl/Wavelet/plugins/infra/logger/plugin.go:54.27,56.4 1 4
github.com/Rain-kl/Wavelet/plugins/infra/logger/plugin.go:56.9,58.4 1 1
github.com/Rain-kl/Wavelet/plugins/infra/logger/plugin.go:60.2,61.20 2 4
github.com/Rain-kl/Wavelet/plugins/infra/logger/plugin.go:64.90,66.2 1 1
github.com/Rain-kl/Wavelet/plugins/infra/logger/plugin.go:68.89,70.2 1 2
github.com/Rain-kl/Wavelet/plugins/infra/logger/plugin.go:72.89,74.2 1 1
github.com/Rain-kl/Wavelet/plugins/infra/logger/plugin.go:76.90,78.2 1 1
github.com/Rain-kl/Wavelet/plugins/infra/logger/plugin.go:80.85,83.2 2 1
github.com/Rain-kl/Wavelet/plugins/infra/logger/plugin.go:85.84,88.2 2 1
github.com/Rain-kl/Wavelet/plugins/infra/logger/plugin.go:90.84,93.2 2 1
github.com/Rain-kl/Wavelet/plugins/infra/logger/plugin.go:95.85,98.2 2 1
github.com/Rain-kl/Wavelet/plugins/infra/logger/plugin.go:100.80,107.2 4 1
github.com/Rain-kl/Wavelet/plugins/infra/storage/plugin.go:20.48,21.25 1 1
github.com/Rain-kl/Wavelet/plugins/infra/storage/plugin.go:21.25,23.3 1 1
github.com/Rain-kl/Wavelet/plugins/infra/storage/plugin.go:32.34,34.27 2 1
github.com/Rain-kl/Wavelet/plugins/infra/storage/plugin.go:34.27,35.17 1 1
github.com/Rain-kl/Wavelet/plugins/infra/storage/plugin.go:35.17,37.4 1 1
github.com/Rain-kl/Wavelet/plugins/infra/storage/plugin.go:39.2,39.10 1 1
github.com/Rain-kl/Wavelet/plugins/infra/storage/plugin.go:43.32,45.2 1 1
github.com/Rain-kl/Wavelet/plugins/infra/storage/plugin.go:48.49,54.2 3 1
github.com/Rain-kl/Wavelet/plugins/infra/storage/plugin.go:60.91,61.22 1 4
github.com/Rain-kl/Wavelet/plugins/infra/storage/plugin.go:61.22,63.3 1 4
github.com/Rain-kl/Wavelet/plugins/infra/storage/plugin.go:64.2,65.16 2 0
github.com/Rain-kl/Wavelet/plugins/infra/storage/plugin.go:65.16,67.3 1 0
github.com/Rain-kl/Wavelet/plugins/infra/storage/plugin.go:68.2,68.15 1 0
github.com/Rain-kl/Wavelet/plugins/infra/storage/plugin.go:71.151,73.16 2 1
github.com/Rain-kl/Wavelet/plugins/infra/storage/plugin.go:73.16,75.3 1 0
github.com/Rain-kl/Wavelet/plugins/infra/storage/plugin.go:77.2,78.16 2 1
github.com/Rain-kl/Wavelet/plugins/infra/storage/plugin.go:78.16,80.3 1 0
github.com/Rain-kl/Wavelet/plugins/infra/storage/plugin.go:82.2,85.8 1 1
github.com/Rain-kl/Wavelet/plugins/infra/storage/plugin.go:88.101,90.16 2 2
github.com/Rain-kl/Wavelet/plugins/infra/storage/plugin.go:90.16,92.3 1 0
github.com/Rain-kl/Wavelet/plugins/infra/storage/plugin.go:94.2,95.16 2 2
github.com/Rain-kl/Wavelet/plugins/infra/storage/plugin.go:95.16,97.3 1 1
github.com/Rain-kl/Wavelet/plugins/infra/storage/plugin.go:99.2,105.8 1 1
github.com/Rain-kl/Wavelet/plugins/infra/storage/plugin.go:108.76,110.16 2 1
github.com/Rain-kl/Wavelet/plugins/infra/storage/plugin.go:110.16,112.3 1 0
github.com/Rain-kl/Wavelet/plugins/infra/storage/plugin.go:113.2,113.27 1 1
github.com/Rain-kl/Wavelet/plugins/infra/storage/plugin.go:116.139,134.16 4 0
github.com/Rain-kl/Wavelet/plugins/infra/storage/plugin.go:134.16,136.3 1 0
github.com/Rain-kl/Wavelet/plugins/infra/storage/plugin.go:138.2,144.8 1 0
github.com/Rain-kl/Wavelet/plugins/domain/user/plugin.go:23.56,24.25 1 0
github.com/Rain-kl/Wavelet/plugins/domain/user/plugin.go:24.25,26.3 1 0
github.com/Rain-kl/Wavelet/plugins/domain/user/plugin.go:35.34,37.27 2 1
github.com/Rain-kl/Wavelet/plugins/domain/user/plugin.go:37.27,38.17 1 0
github.com/Rain-kl/Wavelet/plugins/domain/user/plugin.go:38.17,40.4 1 0
github.com/Rain-kl/Wavelet/plugins/domain/user/plugin.go:42.2,42.10 1 1
github.com/Rain-kl/Wavelet/plugins/domain/user/plugin.go:46.32,48.2 1 1
github.com/Rain-kl/Wavelet/plugins/domain/user/plugin.go:51.43,58.2 1 1
github.com/Rain-kl/Wavelet/plugins/domain/user/plugin.go:61.49,66.22 2 1
github.com/Rain-kl/Wavelet/plugins/domain/user/plugin.go:66.22,68.3 1 1
github.com/Rain-kl/Wavelet/plugins/domain/user/plugin.go:69.2,73.2 3 1
github.com/Rain-kl/Wavelet/plugins/domain/user/plugin.go:73.2,83.3 8 1
github.com/Rain-kl/Wavelet/plugins/domain/user/plugin.go:83.3,88.4 4 1
github.com/Rain-kl/Wavelet/plugins/domain/user/plugin.go:91.2,94.91 2 1
github.com/Rain-kl/Wavelet/plugins/domain/user/plugin.go:94.91,97.3 1 0
github.com/Rain-kl/Wavelet/plugins/domain/user/plugin.go:99.2,99.92 1 1
github.com/Rain-kl/Wavelet/plugins/domain/user/plugin.go:99.92,101.3 1 0
github.com/Rain-kl/Wavelet/plugins/domain/user/plugin.go:104.2,131.12 5 1
github.com/Rain-kl/Wavelet/plugins/domain/user/service.go:17.50,18.14 1 3
github.com/Rain-kl/Wavelet/plugins/domain/user/service.go:18.14,20.3 1 0
github.com/Rain-kl/Wavelet/plugins/domain/user/service.go:21.2,37.3 1 3
github.com/Rain-kl/Wavelet/plugins/domain/user/service.go:42.45,44.2 1 1
github.com/Rain-kl/Wavelet/plugins/domain/user/service.go:46.99,48.16 2 1
github.com/Rain-kl/Wavelet/plugins/domain/user/service.go:48.16,50.3 1 0
github.com/Rain-kl/Wavelet/plugins/domain/user/service.go:51.2,51.27 1 1
github.com/Rain-kl/Wavelet/plugins/domain/user/service.go:54.111,56.16 2 0
github.com/Rain-kl/Wavelet/plugins/domain/user/service.go:56.16,58.3 1 0
github.com/Rain-kl/Wavelet/plugins/domain/user/service.go:59.2,59.27 1 0
github.com/Rain-kl/Wavelet/plugins/domain/user/service.go:62.105,64.77 2 0
github.com/Rain-kl/Wavelet/plugins/domain/user/service.go:64.77,66.3 1 0
github.com/Rain-kl/Wavelet/plugins/domain/user/service.go:67.2,67.27 1 0
github.com/Rain-kl/Wavelet/plugins/domain/user/service.go:70.120,71.24 1 2
github.com/Rain-kl/Wavelet/plugins/domain/user/service.go:71.24,73.3 1 1
github.com/Rain-kl/Wavelet/plugins/domain/user/service.go:75.2,87.25 2 1
github.com/Rain-kl/Wavelet/plugins/domain/user/service.go:87.25,89.3 1 1
github.com/Rain-kl/Wavelet/plugins/domain/user/service.go:91.2,91.24 1 1
github.com/Rain-kl/Wavelet/plugins/domain/user/service.go:91.24,92.65 1 1
github.com/Rain-kl/Wavelet/plugins/domain/user/service.go:92.65,94.4 1 0
github.com/Rain-kl/Wavelet/plugins/domain/user/service.go:97.2,97.58 1 1
github.com/Rain-kl/Wavelet/plugins/domain/user/service.go:97.58,99.3 1 0
github.com/Rain-kl/Wavelet/plugins/domain/user/service.go:101.2,101.30 1 1
github.com/Rain-kl/Wavelet/plugins/domain/user/service.go:104.141,106.25 2 1
github.com/Rain-kl/Wavelet/plugins/domain/user/service.go:106.25,108.3 1 1
github.com/Rain-kl/Wavelet/plugins/domain/user/service.go:109.2,109.22 1 1
github.com/Rain-kl/Wavelet/plugins/domain/user/service.go:109.22,111.3 1 1
github.com/Rain-kl/Wavelet/plugins/domain/user/service.go:112.2,112.26 1 1
github.com/Rain-kl/Wavelet/plugins/domain/user/service.go:112.26,114.3 1 0
github.com/Rain-kl/Wavelet/plugins/domain/user/service.go:115.2,115.20 1 1
github.com/Rain-kl/Wavelet/plugins/domain/user/service.go:115.20,117.3 1 0
github.com/Rain-kl/Wavelet/plugins/domain/user/service.go:118.2,118.22 1 1
github.com/Rain-kl/Wavelet/plugins/domain/user/service.go:118.22,120.3 1 0
github.com/Rain-kl/Wavelet/plugins/domain/user/service.go:121.2,121.23 1 1
github.com/Rain-kl/Wavelet/plugins/domain/user/service.go:121.23,123.3 1 1
github.com/Rain-kl/Wavelet/plugins/domain/user/service.go:124.2,124.24 1 1
github.com/Rain-kl/Wavelet/plugins/domain/user/service.go:124.24,126.3 1 1
github.com/Rain-kl/Wavelet/plugins/domain/user/service.go:127.2,127.25 1 1
github.com/Rain-kl/Wavelet/plugins/domain/user/service.go:127.25,129.3 1 1
github.com/Rain-kl/Wavelet/plugins/domain/user/service.go:130.2,132.99 2 1
github.com/Rain-kl/Wavelet/plugins/domain/user/service.go:132.99,134.3 1 0
github.com/Rain-kl/Wavelet/plugins/domain/user/service.go:136.2,136.31 1 1
github.com/Rain-kl/Wavelet/plugins/domain/user/service.go:139.113,141.74 2 2
github.com/Rain-kl/Wavelet/plugins/domain/user/service.go:141.74,143.3 1 0
github.com/Rain-kl/Wavelet/plugins/domain/user/service.go:145.2,145.38 1 2
github.com/Rain-kl/Wavelet/plugins/domain/user/service.go:145.38,147.3 1 1
github.com/Rain-kl/Wavelet/plugins/domain/user/service.go:149.2,149.63 1 1
github.com/Rain-kl/Wavelet/plugins/domain/user/service.go:149.63,151.3 1 0
github.com/Rain-kl/Wavelet/plugins/domain/user/service.go:153.2,157.11 1 1
github.com/Rain-kl/Wavelet/plugins/domain/user/service.go:160.96,162.74 2 3
github.com/Rain-kl/Wavelet/plugins/domain/user/service.go:162.74,165.3 2 0
github.com/Rain-kl/Wavelet/plugins/domain/user/service.go:166.2,166.37 1 3
github.com/Rain-kl/Wavelet/plugins/domain/user/service.go:169.91,175.2 1 0
github.com/Rain-kl/Wavelet/plugins/domain/user/service.go:177.131,178.15 1 1
github.com/Rain-kl/Wavelet/plugins/domain/user/service.go:178.15,180.3 1 0
github.com/Rain-kl/Wavelet/plugins/domain/user/service.go:181.2,181.19 1 1
github.com/Rain-kl/Wavelet/plugins/domain/user/service.go:181.19,183.3 1 0
github.com/Rain-kl/Wavelet/plugins/domain/user/service.go:185.2,192.16 3 1
github.com/Rain-kl/Wavelet/plugins/domain/user/service.go:192.16,194.3 1 0
github.com/Rain-kl/Wavelet/plugins/domain/user/service.go:196.2,197.23 2 1
github.com/Rain-kl/Wavelet/plugins/domain/user/service.go:197.23,199.3 1 1
github.com/Rain-kl/Wavelet/plugins/domain/user/service.go:201.2,201.25 1 1
github.com/Rain-kl/Wavelet/plugins/domain/user/service.go:204.92,206.2 1 1
github.com/Rain-kl/Wavelet/plugins/domain/user/service.go:208.90,210.2 1 1
